#BLOCK:   ACTUAL_P:     P_AVE:       ERROR:
           1    -6.89323    -6.89323           0
           2    -6.89307    -6.89315 5.64771e-05
           3    -6.89291    -6.89307 7.64197e-05
           4    -6.89278      -6.893 8.57758e-05
           5    -6.89266    -6.89293 9.17737e-05
           6    -6.89251    -6.89286 9.96599e-05
           7    -6.89237    -6.89279 0.000107371
           8    -6.89225    -6.89272 0.000113055
           9    -6.89202    -6.89264 0.000124788
          10    -6.89178    -6.89256 0.000139273
          11    -6.89168    -6.89248 0.000147874
          12     -6.8915     -6.8924 0.000156367
          13    -6.89136    -6.89232  0.00016354
          14    -6.89116    -6.89223 0.000171568
          15    -6.89101    -6.89215 0.000178492
          16    -6.89087    -6.89207 0.000184518
          17    -6.89071    -6.89199 0.000190339
          18    -6.89055    -6.89191 0.000195907
          19    -6.89043    -6.89183 0.000200425
          20     -6.8902    -6.89175 0.000206433
          21    -6.88995    -6.89167 0.000213773
          22     -6.8897    -6.89158 0.000221925
          23    -6.88961    -6.89149 0.000228188
          24    -6.88952    -6.89141 0.000233036
          25    -6.88931    -6.89132 0.000238363
          26     -6.8892    -6.89124 0.000242836
          27    -6.88892    -6.89116 0.000248644
          28    -6.88877    -6.89107 0.000253964
          29    -6.88874    -6.89099 0.000257565
          30    -6.88863    -6.89091  0.00026076
          31     -6.8884    -6.89083 0.000264599
          32    -6.88819    -6.89075 0.000268909
          33    -6.88814    -6.89067 0.000272134
          34    -6.88778    -6.89058 0.000277102
          35    -6.88753     -6.8905 0.000282606
          36    -6.88722    -6.89041 0.000289081
          37    -6.88706    -6.89032 0.000295056
          38    -6.88691    -6.89023 0.000300624
          39    -6.88688    -6.89014 0.000304885
          40     -6.8866    -6.89005 0.000309829
          41    -6.88646    -6.88996 0.000314395
          42    -6.88643    -6.88988 0.000318002
          43    -6.88628     -6.8898 0.000321463
          44    -6.88604    -6.88971 0.000325279
          45    -6.88591    -6.88963 0.000328843
          46    -6.88566    -6.88954  0.00033278
          47    -6.88553    -6.88945 0.000336481
          48    -6.88536    -6.88937 0.000340106
          49    -6.88539    -6.88929 0.000342705
          50    -6.88513    -6.88921 0.000345811
          51    -6.88518    -6.88913 0.000347908
          52    -6.88497    -6.88905 0.000350272
          53    -6.88495    -6.88897 0.000352079
          54    -6.88475    -6.88889 0.000354113
          55     -6.8846    -6.88881 0.000356149
          56     -6.8846    -6.88874 0.000357635
          57    -6.88454    -6.88866 0.000358868
          58     -6.8846    -6.88859 0.000359447
          59    -6.88429    -6.88852 0.000360666
          60    -6.88434    -6.88845 0.000361319
          61    -6.88441    -6.88839 0.000361432
          62    -6.88409    -6.88832 0.000362188
          63    -6.88395    -6.88825 0.000362998
          64     -6.8839    -6.88818 0.000363612
          65    -6.88378    -6.88811 0.000364257
          66    -6.88352    -6.88804  0.00036533
          67    -6.88343    -6.88797 0.000366299
          68    -6.88314     -6.8879  0.00036773
          69    -6.88315    -6.88783  0.00036879
          70    -6.88303    -6.88776 0.000369839
          71    -6.88272    -6.88769 0.000371394
          72    -6.88245    -6.88762 0.000373305
          73    -6.88216    -6.88755 0.000375623
          74    -6.88209    -6.88747 0.000377712
          75    -6.88184     -6.8874 0.000380072
          76    -6.88159    -6.88732 0.000382686
          77    -6.88138    -6.88724 0.000385412
          78    -6.88117    -6.88717 0.000388267
          79    -6.88093    -6.88709 0.000391297
          80     -6.8804      -6.887 0.000395219
          81     -6.8803    -6.88692 0.000398919
          82    -6.87995    -6.88684 0.000403002
          83    -6.87998    -6.88675 0.000406526
          84    -6.87995    -6.88667 0.000409668
          85     -6.8795    -6.88659 0.000413454
          86     -6.8794     -6.8865 0.000417007
          87    -6.87896    -6.88642  0.00042112
          88    -6.87884    -6.88633 0.000425046
          89    -6.87858    -6.88624  0.00042911
          90    -6.87854    -6.88616 0.000432802
          91     -6.8785    -6.88607 0.000436144
          92    -6.87839    -6.88599 0.000439324
          93    -6.87805    -6.88591 0.000442825
          94     -6.8778    -6.88582 0.000446428
          95    -6.87745    -6.88573 0.000450343
          96    -6.87729    -6.88564 0.000454162
          97    -6.87692    -6.88555 0.000458288
          98    -6.87665    -6.88546 0.000462523
          99    -6.87665    -6.88537 0.000466332
         100    -6.87651    -6.88528 0.000470011
         101    -6.87637     -6.8852 0.000473573
         102    -6.87657    -6.88511 0.000476422
         103     -6.8764    -6.88503 0.000479246
         104    -6.87585    -6.88494 0.000482699
         105     -6.8758    -6.88485 0.000485885
         106    -6.87601    -6.88477 0.000488401
         107    -6.87613    -6.88469 0.000490465
         108     -6.8757     -6.8846  0.00049294
         109    -6.87566    -6.88452 0.000495194
         110    -6.87524    -6.88444 0.000497837
         111    -6.87494    -6.88435 0.000500649
         112    -6.87444    -6.88426 0.000503943
         113    -6.87447    -6.88418  0.00050688
         114    -6.87417    -6.88409  0.00050998
         115    -6.87409      -6.884 0.000512905
         116    -6.87403    -6.88392 0.000515638
         117    -6.87412    -6.88383  0.00051799
         118    -6.87405    -6.88375 0.000520194
         119    -6.87391    -6.88367 0.000522349
         120    -6.87408    -6.88359 0.000524066
         121    -6.87394    -6.88351 0.000525763
         122    -6.87387    -6.88343 0.000527357
         123    -6.87381    -6.88335 0.000528831
         124    -6.87368    -6.88327 0.000530281
         125    -6.87358    -6.88319  0.00053168
         126    -6.87312    -6.88311 0.000533439
         127    -6.87294    -6.88303 0.000535221
         128    -6.87295    -6.88296 0.000536805
         129    -6.87297    -6.88288 0.000538193
         130    -6.87281     -6.8828 0.000539593
         131    -6.87259    -6.88272 0.000541079
         132    -6.87235    -6.88264 0.000542658
         133    -6.87226    -6.88257 0.000544166
         134    -6.87235    -6.88249 0.000545417
         135    -6.87203    -6.88241 0.000546849
         136    -6.87206    -6.88234 0.000548096
         137    -6.87244    -6.88226 0.000548834
         138    -6.87237    -6.88219 0.000549521
         139    -6.87229    -6.88212 0.000550167
         140    -6.87195    -6.88205 0.000551012
         141    -6.87167    -6.88198 0.000551995
         142    -6.87146     -6.8819 0.000553057
         143    -6.87152    -6.88183 0.000553929
         144    -6.87139    -6.88176 0.000554802
         145    -6.87127    -6.88168 0.000555671
         146    -6.87096    -6.88161 0.000556702
         147     -6.8706    -6.88154 0.000557929
         148    -6.87064    -6.88146 0.000558994
         149    -6.87102    -6.88139 0.000559619
         150    -6.87093    -6.88132 0.000560222
         151    -6.87093    -6.88125 0.000560722
         152    -6.87066    -6.88118 0.000561345
         153    -6.87035    -6.88111 0.000562121
         154    -6.87054    -6.88104 0.000562646
         155    -6.87059    -6.88098  0.00056304
         156    -6.87087    -6.88091 0.000563145
         157    -6.87068    -6.88085 0.000563318
         158    -6.87049    -6.88078 0.000563555
         159    -6.87028    -6.88072 0.000563867
         160    -6.87041    -6.88065 0.000564008
         161    -6.87026    -6.88059 0.000564188
         162    -6.87028    -6.88052 0.000564279
         163    -6.87019    -6.88046 0.000564368
         164    -6.86966    -6.88039 0.000564753
         165    -6.86915    -6.88033 0.000565423
         166    -6.86904    -6.88026 0.000566089
         167    -6.86856    -6.88019 0.000567013
         168    -6.86849    -6.88012 0.000567896
         169    -6.86814    -6.88005 0.000568938
         170    -6.86782    -6.87997 0.000570118
         171    -6.86823    -6.87991 0.000570904
         172    -6.86782    -6.87984 0.000571895
         173    -6.86797    -6.87977 0.000572685
         174    -6.86799     -6.8797  0.00057338
         175    -6.86759    -6.87963 0.000574263
         176    -6.86741    -6.87956 0.000575179
         177    -6.86746    -6.87949 0.000575977
         178    -6.86702    -6.87942 0.000576988
         179    -6.86667    -6.87935 0.000578144
         180    -6.86641    -6.87928 0.000579386
         181    -6.86635    -6.87921 0.000580571
         182    -6.86642    -6.87914 0.000581615
         183    -6.86619    -6.87907 0.000582721
         184    -6.86671      -6.879 0.000583411
         185    -6.86679    -6.87893 0.000583982
         186    -6.86658    -6.87887 0.000584606
         187    -6.86629     -6.8788 0.000585339
         188    -6.86588    -6.87873 0.000586248
         189    -6.86603    -6.87866 0.000586984
         190    -6.86578     -6.8786 0.000587801
         191    -6.86491    -6.87852 0.000589075
         192    -6.86417    -6.87845  0.00059073
         193    -6.86401    -6.87838 0.000592389
         194    -6.86396     -6.8783 0.000593978
         195    -6.86335    -6.87822 0.000595857
         196    -6.86285    -6.87815 0.000597957
         197    -6.86237    -6.87807 0.000600259
         198    -6.86251    -6.87799 0.000602348
         199      -6.862    -6.87791 0.000604653
         200    -6.86246    -6.87783 0.000606541
         201    -6.86258    -6.87775  0.00060825
         202    -6.86241    -6.87768 0.000609961
         203    -6.86188     -6.8776 0.000611903
         204    -6.86161    -6.87752 0.000613903
         205    -6.86213    -6.87745 0.000615483
         206    -6.86248    -6.87737 0.000616771
         207    -6.86193     -6.8773 0.000618286
         208    -6.86212    -6.87723 0.000619607
         209    -6.86207    -6.87715  0.00062087
         210    -6.86188    -6.87708 0.000622159
         211    -6.86196    -6.87701 0.000623323
         212    -6.86239    -6.87694 0.000624185
         213     -6.8623    -6.87687 0.000625028
         214    -6.86234     -6.8768 0.000625786
         215    -6.86254    -6.87674 0.000626382
         216    -6.86233    -6.87667 0.000627021
         217     -6.8621     -6.8766 0.000627718
         218    -6.86178    -6.87654 0.000628511
         219    -6.86146    -6.87647 0.000629401
         220    -6.86115     -6.8764 0.000630381
         221    -6.86101    -6.87633  0.00063136
         222    -6.86105    -6.87626 0.000632254
         223    -6.86086    -6.87619 0.000633181
         224    -6.86098    -6.87612 0.000633983
         225    -6.86092    -6.87605 0.000634754
         226    -6.86091    -6.87599 0.000635474
         227    -6.86063    -6.87592 0.000636265
         228    -6.86027    -6.87585 0.000637168
         229    -6.86034    -6.87578 0.000637976
         230    -6.85977    -6.87571 0.000638989
         231    -6.85918    -6.87564  0.00064022
         232    -6.85897    -6.87557 0.000641482
         233     -6.8588     -6.8755 0.000642752
         234    -6.85898    -6.87543 0.000643869
         235    -6.85962    -6.87536 0.000644633
         236    -6.85944    -6.87529 0.000645422
         237    -6.85853    -6.87522 0.000646563
         238    -6.85812    -6.87515 0.000647829
         239    -6.85755    -6.87508  0.00064929
         240    -6.85732      -6.875 0.000650787
         241    -6.85745    -6.87493 0.000652151
         242    -6.85684    -6.87485 0.000653726
         243    -6.85705    -6.87478  0.00065513
         244    -6.85665    -6.87471 0.000656648
         245     -6.8562    -6.87463 0.000658296
         246    -6.85598    -6.87456 0.000659973
         247    -6.85591    -6.87448 0.000661604
         248    -6.85583    -6.87441 0.000663196
         249    -6.85554    -6.87433 0.000664846
         250    -6.85507    -6.87425 0.000666635
         251    -6.85483    -6.87418 0.000668457
         252    -6.85499     -6.8741 0.000670125
         253     -6.8547    -6.87402 0.000671849
         254    -6.85435    -6.87394 0.000673655
         255     -6.8541    -6.87387 0.000675493
         256    -6.85375    -6.87379 0.000677409
         257    -6.85374    -6.87371 0.000679249
         258    -6.85323    -6.87363 0.000681241
         259    -6.85297    -6.87355 0.000683268
         260    -6.85324    -6.87347 0.000685093
         261    -6.85298    -6.87339 0.000686951
         262    -6.85294    -6.87332 0.000688751
         263    -6.85272    -6.87324  0.00069057
         264     -6.8525    -6.87316 0.000692409
         265    -6.85342    -6.87309 0.000693792
         266    -6.85277    -6.87301 0.000695375
         267    -6.85271    -6.87293 0.000696914
         268    -6.85267    -6.87286 0.000698402
         269    -6.85217    -6.87278 0.000700028
         270    -6.85214     -6.8727 0.000701597
         271    -6.85177    -6.87263 0.000703246
         272    -6.85158    -6.87255 0.000704905
         273    -6.85164    -6.87247 0.000706471
         274    -6.85126     -6.8724 0.000708123
         275    -6.85065    -6.87232 0.000709948
         276    -6.85067    -6.87224 0.000711693
         277    -6.85018    -6.87216 0.000713566
         278    -6.84992    -6.87208  0.00071547
         279    -6.84988      -6.872 0.000717316
         280    -6.84987    -6.87192 0.000719095
         281    -6.84996    -6.87184  0.00072077
         282    -6.84979    -6.87176 0.000722442
         283    -6.84983    -6.87169 0.000724034
         284    -6.85024    -6.87161 0.000725412
         285       -6.85    -6.87153 0.000726819
         286    -6.85033    -6.87146 0.000728049
         287    -6.85032    -6.87139 0.000729228
         288    -6.85076    -6.87131 0.000730204
         289     -6.8504    -6.87124 0.000731254
         290    -6.85005    -6.87117 0.000732376
         291    -6.85005     -6.8711 0.000733445
         292    -6.84961    -6.87102 0.000734616
         293    -6.84961    -6.87095 0.000735735
         294    -6.84934    -6.87088 0.000736896
         295    -6.84908     -6.8708 0.000738094
         296    -6.84933    -6.87073 0.000739158
         297    -6.84917    -6.87066 0.000740224
         298    -6.84914    -6.87059 0.000741253
         299    -6.84884    -6.87051 0.000742331
         300    -6.84893    -6.87044 0.000743334
         301    -6.84872    -6.87037  0.00074436
         302    -6.84904     -6.8703 0.000745238
         303     -6.8492    -6.87023 0.000746023
         304    -6.84941    -6.87016 0.000746705
         305    -6.84957    -6.87009 0.000747303
         306    -6.84935    -6.87002  0.00074793
         307     -6.8491    -6.86996 0.000748593
         308     -6.8497    -6.86989 0.000749044
         309     -6.8493    -6.86982 0.000749578
         310    -6.84917    -6.86976 0.000750115
         311    -6.84931    -6.86969 0.000750579
         312    -6.84984    -6.86963 0.000750866
         313    -6.84941    -6.86956 0.000751241
         314    -6.84964     -6.8695 0.000751525
         315    -6.84941    -6.86944  0.00075184
         316    -6.84935    -6.86937 0.000752143
         317    -6.84898    -6.86931 0.000752515
         318    -6.84898    -6.86924  0.00075286
         319    -6.84861    -6.86918 0.000753272
         320    -6.84805    -6.86911 0.000753806
         321    -6.84832    -6.86905 0.000754237
         322     -6.8485    -6.86899  0.00075459
         323    -6.84822    -6.86892 0.000754986
         324    -6.84758    -6.86885 0.000755524
         325    -6.84765    -6.86879  0.00075601
         326    -6.84786    -6.86873 0.000756412
         327    -6.84776    -6.86866  0.00075681
         328    -6.84732     -6.8686 0.000757295
         329     -6.8475    -6.86853 0.000757704
         330    -6.84717    -6.86847 0.000758169
         331    -6.84657     -6.8684  0.00075876
         332    -6.84673    -6.86834 0.000759277
         333    -6.84664    -6.86827 0.000759786
         334    -6.84688    -6.86821 0.000760206
         335    -6.84655    -6.86814 0.000760681
         336    -6.84658    -6.86808 0.000761119
         337    -6.84576    -6.86801 0.000761735
         338    -6.84538    -6.86794 0.000762419
         339    -6.84517    -6.86788 0.000763124
         340    -6.84483    -6.86781 0.000763885
         341    -6.84446    -6.86774 0.000764708
         342     -6.8449    -6.86767 0.000765382
         343    -6.84352     -6.8676 0.000766384
         344    -6.84263    -6.86753 0.000767587
         345    -6.84235    -6.86746 0.000768826
         346    -6.84178    -6.86738 0.000770179
         347    -6.84109    -6.86731 0.000771678
         348    -6.84136    -6.86723 0.000773055
         349    -6.84118    -6.86716 0.000774438
         350    -6.84149    -6.86709 0.000775689
         351    -6.84105    -6.86701 0.000777019
         352    -6.84086    -6.86694 0.000778355
         353    -6.84089    -6.86686 0.000779639
         354    -6.84102    -6.86679 0.000780847
         355    -6.84065    -6.86672 0.000782112
         356    -6.84111    -6.86665 0.000783214
         357    -6.84107    -6.86657  0.00078429
         358    -6.84145     -6.8665 0.000785231
         359    -6.84078    -6.86643 0.000786305
         360    -6.84073    -6.86636 0.000787356
         361    -6.84081    -6.86629 0.000788349
         362    -6.84089    -6.86622 0.000789288
         363    -6.84048    -6.86615 0.000790292
         364    -6.84067    -6.86608 0.000791215
         365    -6.84007    -6.86601 0.000792248
         366    -6.84068    -6.86594 0.000793101
         367     -6.8403    -6.86587 0.000794011
         368    -6.83984     -6.8658 0.000794997
         369    -6.83987    -6.86573 0.000795941
         370    -6.83972    -6.86566 0.000796888
         371    -6.83984    -6.86559 0.000797774
         372    -6.83961    -6.86552 0.000798679
         373    -6.83958    -6.86545 0.000799559
         374    -6.83955    -6.86538 0.000800415
         375    -6.83937    -6.86531 0.000801281
         376     -6.8388    -6.86524 0.000802244
         377    -6.83804    -6.86517 0.000803354
         378    -6.83833     -6.8651 0.000804361
         379    -6.83813    -6.86502 0.000805379
         380    -6.83824    -6.86495 0.000806337
         381    -6.83788    -6.86488 0.000807346
         382    -6.83697    -6.86481 0.000808532
         383    -6.83702    -6.86474  0.00080967
         384    -6.83592    -6.86466 0.000811033
         385    -6.83579    -6.86459 0.000812385
         386     -6.8356    -6.86451 0.000813744
         387    -6.83638    -6.86444 0.000814881
         388     -6.8359    -6.86437 0.000816095
         389    -6.83601    -6.86429 0.000817245
         390    -6.83595    -6.86422 0.000818375
         391    -6.83544    -6.86415 0.000819584
         392     -6.8348    -6.86407 0.000820906
         393    -6.83458      -6.864  0.00082224
         394    -6.83467    -6.86392 0.000823516
         395    -6.83443    -6.86385 0.000824808
         396    -6.83393    -6.86377 0.000826178
         397    -6.83415     -6.8637  0.00082746
         398    -6.83392    -6.86362 0.000828757
         399    -6.83344    -6.86355 0.000830127
         400    -6.83351    -6.86347  0.00083144
         401    -6.83311     -6.8634 0.000832807
         402    -6.83357    -6.86332 0.000834035
         403     -6.8331    -6.86325  0.00083533
         404    -6.83259    -6.86317 0.000836702
         405    -6.83263     -6.8631 0.000838029
         406    -6.83282    -6.86302 0.000839277
         407    -6.83254    -6.86295  0.00084055
         408    -6.83212    -6.86287 0.000841877
         409    -6.83215     -6.8628 0.000843163
         410    -6.83161    -6.86272  0.00084453
         411    -6.83238    -6.86265 0.000845696
         412    -6.83194    -6.86257 0.000846921
         413    -6.83225     -6.8625 0.000848047
         414    -6.83226    -6.86242 0.000849139
         415    -6.83211    -6.86235  0.00085023
         416     -6.8323    -6.86228 0.000851249
         417    -6.83268    -6.86221 0.000852161
         418    -6.83237    -6.86214 0.000853107
         419    -6.83262    -6.86207 0.000853973
         420    -6.83266      -6.862 0.000854805
         421    -6.83318    -6.86193 0.000855511
         422    -6.83267    -6.86186  0.00085629
         423    -6.83269    -6.86179 0.000857038
         424     -6.8328    -6.86172  0.00085774
         425     -6.8325    -6.86165 0.000858473
         426     -6.8319    -6.86158 0.000859294
         427    -6.83104    -6.86151 0.000860254
         428    -6.83058    -6.86144 0.000861274
         429    -6.82998    -6.86137 0.000862382
         430    -6.82921    -6.86129 0.000863613
         431    -6.82876    -6.86122 0.000864902
         432     -6.8289    -6.86114 0.000866129
         433    -6.82943    -6.86107 0.000867219
         434    -6.82921    -6.86099 0.000868322
         435    -6.82856    -6.86092 0.000869522
         436    -6.82809    -6.86084 0.000870782
         437    -6.82703    -6.86077 0.000872221
         438    -6.82727    -6.86069 0.000873575
         439    -6.82706    -6.86061 0.000874938
         440    -6.82634    -6.86054  0.00087641
         441    -6.82597    -6.86046 0.000877922
         442    -6.82602    -6.86038 0.000879386
         443     -6.8253     -6.8603 0.000880959
         444    -6.82513    -6.86022  0.00088253
         445    -6.82548    -6.86014 0.000883994
         446    -6.82602    -6.86007 0.000885317
         447    -6.82583    -6.85999 0.000886643
         448    -6.82624    -6.85991 0.000887858
         449    -6.82614    -6.85984 0.000889062
         450     -6.8259    -6.85976 0.000890279
         451    -6.82549    -6.85969 0.000891543
         452    -6.82541    -6.85961  0.00089279
         453    -6.82516    -6.85954 0.000894053
         454    -6.82495    -6.85946 0.000895324
         455    -6.82503    -6.85938 0.000896548
         456    -6.82444    -6.85931  0.00089785
         457    -6.82482    -6.85923 0.000899051
         458     -6.8249    -6.85916 0.000900208
         459    -6.82458    -6.85908 0.000901393
         460     -6.8239    -6.85901 0.000902674
         461    -6.82369    -6.85893 0.000903961
         462     -6.8233    -6.85885 0.000905287
         463    -6.82322    -6.85877 0.000906597
         464    -6.82227     -6.8587 0.000908051
         465    -6.82232    -6.85862 0.000909463
         466     -6.8225    -6.85854 0.000910808
         467    -6.82239    -6.85846 0.000912141
         468    -6.82246    -6.85839  0.00091343
         469    -6.82288    -6.85831 0.000914615
         470    -6.82323    -6.85824  0.00091571
         471    -6.82301    -6.85816 0.000916816
         472    -6.82195    -6.85808 0.000918077
         473     -6.8219    -6.85801 0.000919317
         474    -6.82196    -6.85793 0.000920517
         475    -6.82192    -6.85786 0.000921696
         476     -6.8222    -6.85778 0.000922798
         477    -6.82309    -6.85771 0.000923725
         478    -6.82339    -6.85764 0.000924578
         479    -6.82331    -6.85756 0.000925421
         480    -6.82329    -6.85749 0.000926245
         481    -6.82278    -6.85742 0.000927127
         482    -6.82308    -6.85735 0.000927937
         483    -6.82291    -6.85728 0.000928752
         484    -6.82253    -6.85721 0.000929605
         485    -6.82192    -6.85713 0.000930531
         486    -6.82143    -6.85706 0.000931512
         487    -6.82175    -6.85699 0.000932417
         488    -6.82179    -6.85692 0.000933291
         489    -6.82181    -6.85684 0.000934139
         490    -6.82206    -6.85677 0.000934927
         491    -6.82183     -6.8567 0.000935727
         492     -6.8218    -6.85663 0.000936511
         493    -6.82158    -6.85656 0.000937306
         494    -6.82161    -6.85649 0.000938076
         495    -6.82148    -6.85642 0.000938844
         496    -6.82093    -6.85635 0.000939673
         497     -6.8208    -6.85628   0.0009405
         498    -6.82058     -6.8562 0.000941339
         499    -6.82112    -6.85613 0.000942074
         500    -6.82111    -6.85606  0.00094279
         501    -6.82063    -6.85599 0.000943557
         502    -6.82085    -6.85592 0.000944271
         503    -6.82065    -6.85585 0.000944994
         504    -6.81981    -6.85578 0.000945821
         505    -6.81981    -6.85571 0.000946626
         506    -6.81963    -6.85564 0.000947436
         507    -6.81888    -6.85557 0.000948337
         508    -6.81887    -6.85549 0.000949216
         509    -6.81864    -6.85542 0.000950109
         510    -6.81784    -6.85535 0.000951099
         511     -6.8171    -6.85527 0.000952178
         512    -6.81683     -6.8552 0.000953274
         513    -6.81644    -6.85512 0.000954405
         514    -6.81614    -6.85505 0.000955557
         515    -6.81608    -6.85497 0.000956693
         516    -6.81585    -6.85489 0.000957839
         517    -6.81533    -6.85482 0.000959039
         518    -6.81512    -6.85474 0.000960244
         519    -6.81402    -6.85466 0.000961594
         520    -6.81354    -6.85458 0.000962991
         521    -6.81352    -6.85451 0.000964362
         522    -6.81346    -6.85443 0.000965715
         523    -6.81299    -6.85435 0.000967114
         524    -6.81287    -6.85427 0.000968502
         525    -6.81229    -6.85419 0.000969952
         526    -6.81316    -6.85411 0.000971239
         527    -6.81293    -6.85403 0.000972534
         528    -6.81203    -6.85395  0.00097394
         529    -6.81149    -6.85387 0.000975401
         530    -6.81185    -6.85379 0.000976778
         531    -6.81056    -6.85371 0.000978326
         532    -6.81095    -6.85363 0.000979783
         533    -6.81071    -6.85355 0.000981249
         534    -6.81184    -6.85347 0.000982516
         535     -6.8117    -6.85339 0.000983777
         536     -6.8119    -6.85332 0.000984983
         537    -6.81193    -6.85324  0.00098616
         538    -6.81191    -6.85316 0.000987314
         539    -6.81129    -6.85309 0.000988534
         540    -6.81078    -6.85301 0.000989803
         541    -6.81067    -6.85293 0.000991063
         542    -6.80965    -6.85285 0.000992446
         543    -6.80931    -6.85277 0.000993852
         544    -6.80931    -6.85269  0.00099523
         545    -6.80819    -6.85261 0.000996747
         546    -6.80823    -6.85253 0.000998231
         547    -6.80788    -6.85244 0.000999738
         548    -6.80757    -6.85236  0.00100126
         549    -6.80761    -6.85228  0.00100275
         550    -6.80688     -6.8522  0.00100432
         551    -6.80694    -6.85212  0.00100585
         552    -6.80645    -6.85203  0.00100742
         553    -6.80688    -6.85195   0.0010089
         554     -6.8073    -6.85187   0.0010103
         555    -6.80707    -6.85179   0.0010117
         556    -6.80609    -6.85171  0.00101321
         557    -6.80575    -6.85163  0.00101475
         558    -6.80618    -6.85154  0.00101619
         559    -6.80623    -6.85146   0.0010176
         560    -6.80572    -6.85138  0.00101905
         561    -6.80671     -6.8513  0.00102035
         562    -6.80623    -6.85122  0.00102168
         563    -6.80655    -6.85114  0.00102294
         564    -6.80648    -6.85106  0.00102419
         565    -6.80689    -6.85099  0.00102535
         566    -6.80614    -6.85091   0.0010266
         567    -6.80536    -6.85083  0.00102792
         568    -6.80551    -6.85075  0.00102921
         569    -6.80512    -6.85067  0.00103052
         570    -6.80484    -6.85059  0.00103184
         571    -6.80459     -6.8505  0.00103317
         572    -6.80432    -6.85042  0.00103452
         573    -6.80441    -6.85034  0.00103582
         574    -6.80362    -6.85026  0.00103721
         575    -6.80325    -6.85018  0.00103863
         576    -6.80408     -6.8501   0.0010399
         577    -6.80396    -6.85002  0.00104117
         578    -6.80436    -6.84994  0.00104236
         579    -6.80401    -6.84986  0.00104357
         580    -6.80338    -6.84978  0.00104485
         581    -6.80309     -6.8497  0.00104614
         582     -6.8025    -6.84962  0.00104748
         583    -6.80229    -6.84954  0.00104882
         584    -6.80259    -6.84946   0.0010501
         585    -6.80166    -6.84938  0.00105148
         586    -6.80108    -6.84929  0.00105291
         587    -6.80092    -6.84921  0.00105434
         588    -6.80146    -6.84913  0.00105567
         589    -6.80182    -6.84905  0.00105693
         590    -6.80194    -6.84897  0.00105815
         591    -6.80204    -6.84889  0.00105933
         592    -6.80172    -6.84881  0.00106054
         593    -6.80246    -6.84873  0.00106162
         594    -6.80218    -6.84866  0.00106273
         595    -6.80211    -6.84858  0.00106381
         596    -6.80099     -6.8485  0.00106502
         597    -6.80057    -6.84842  0.00106626
         598     -6.7998    -6.84834  0.00106757
         599    -6.79979    -6.84825  0.00106886
         600    -6.79917    -6.84817  0.00107021
         601    -6.79931    -6.84809  0.00107151
         602    -6.79914    -6.84801  0.00107281
         603    -6.79971    -6.84793  0.00107402
         604    -6.80034    -6.84785  0.00107513
         605    -6.80011    -6.84777  0.00107624
         606    -6.80004    -6.84769  0.00107734
         607    -6.80006    -6.84762  0.00107842
         608    -6.80004    -6.84754  0.00107948
         609    -6.80073    -6.84746  0.00108044
         610    -6.80101    -6.84738  0.00108135
         611    -6.80158    -6.84731  0.00108218
         612    -6.80178    -6.84723  0.00108296
         613     -6.8018    -6.84716  0.00108373
         614    -6.80075    -6.84709   0.0010846
         615    -6.80035    -6.84701  0.00108549
         616    -6.79992    -6.84693  0.00108642
         617    -6.79937    -6.84686  0.00108739
         618    -6.79891    -6.84678  0.00108839
         619    -6.79826     -6.8467  0.00108946
         620    -6.79846    -6.84662  0.00109047
         621    -6.79698    -6.84654  0.00109164
         622    -6.79716    -6.84646  0.00109277
         623    -6.79709    -6.84638  0.00109389
         624    -6.79638     -6.8463  0.00109507
         625    -6.79707    -6.84622  0.00109614
         626    -6.79646    -6.84614  0.00109727
         627    -6.79612    -6.84607  0.00109842
         628    -6.79604    -6.84599  0.00109955
         629    -6.79566    -6.84591  0.00110071
         630    -6.79571    -6.84583  0.00110184
         631    -6.79563    -6.84575  0.00110297
         632    -6.79639    -6.84567  0.00110398
         633     -6.7966    -6.84559  0.00110496
         634    -6.79598    -6.84551  0.00110598
         635    -6.79551    -6.84543  0.00110704
         636     -6.7951    -6.84535  0.00110812
         637    -6.79526    -6.84528  0.00110917
         638    -6.79556     -6.8452  0.00111017
         639    -6.79521    -6.84512  0.00111118
         640    -6.79522    -6.84504  0.00111218
         641    -6.79538    -6.84496  0.00111314
         642    -6.79457    -6.84489  0.00111417
         643     -6.7946    -6.84481  0.00111518
         644    -6.79448    -6.84473  0.00111618
         645    -6.79489    -6.84465  0.00111712
         646    -6.79513    -6.84458  0.00111802
         647    -6.79454     -6.8445  0.00111896
         648    -6.79491    -6.84442  0.00111985
         649    -6.79443    -6.84434  0.00112077
         650    -6.79465    -6.84427  0.00112165
         651    -6.79492    -6.84419  0.00112249
         652    -6.79465    -6.84412  0.00112333
         653    -6.79459    -6.84404  0.00112417
         654    -6.79437    -6.84396  0.00112501
         655    -6.79386    -6.84389  0.00112589
         656    -6.79357    -6.84381  0.00112679
         657    -6.79355    -6.84373  0.00112767
         658     -6.7933    -6.84366  0.00112856
         659    -6.79266    -6.84358  0.00112949
         660    -6.79306     -6.8435  0.00113037
         661    -6.79305    -6.84343  0.00113124
         662    -6.79356    -6.84335  0.00113203
         663    -6.79288    -6.84328  0.00113288
         664    -6.79341     -6.8432  0.00113366
         665    -6.79381    -6.84313  0.00113439
         666     -6.7935    -6.84305  0.00113513
         667     -6.7932    -6.84298  0.00113589
         668    -6.79268     -6.8429  0.00113668
         669    -6.79275    -6.84283  0.00113745
         670     -6.7928    -6.84275   0.0011382
         671    -6.79276    -6.84268  0.00113894
         672    -6.79181     -6.8426  0.00113976
         673    -6.79156    -6.84253  0.00114058
         674    -6.79167    -6.84245  0.00114139
         675    -6.79158    -6.84238  0.00114218
         676    -6.79165     -6.8423  0.00114295
         677    -6.79149    -6.84223  0.00114373
         678    -6.79076    -6.84215  0.00114456
         679    -6.79069    -6.84207  0.00114538
         680    -6.79033      -6.842  0.00114622
         681    -6.78984    -6.84192  0.00114709
         682    -6.78962    -6.84184  0.00114797
         683    -6.78887    -6.84177  0.00114891
         684    -6.78881    -6.84169  0.00114983
         685    -6.79018    -6.84161  0.00115061
         686     -6.7901    -6.84154  0.00115138
         687    -6.78994    -6.84146  0.00115215
         688    -6.78928    -6.84139  0.00115297
         689     -6.7889    -6.84131  0.00115381
         690    -6.78818    -6.84124  0.00115471
         691    -6.78722    -6.84116  0.00115568
         692    -6.78762    -6.84108  0.00115659
         693    -6.78736      -6.841  0.00115752
         694    -6.78812    -6.84093  0.00115836
         695    -6.78796    -6.84085   0.0011592
         696    -6.78808    -6.84077  0.00116001
         697    -6.78756     -6.8407  0.00116085
         698    -6.78772    -6.84062  0.00116167
         699    -6.78759    -6.84055  0.00116248
         700    -6.78778    -6.84047  0.00116326
         701    -6.78746    -6.84039  0.00116406
         702    -6.78746    -6.84032  0.00116484
         703    -6.78689    -6.84024  0.00116566
         704    -6.78791    -6.84017  0.00116637
         705    -6.78861     -6.8401  0.00116701
         706    -6.78938    -6.84002  0.00116756
         707     -6.7889    -6.83995  0.00116815
         708    -6.78806    -6.83988   0.0011688
         709    -6.78763     -6.8398  0.00116947
         710    -6.78781    -6.83973  0.00117011
         711    -6.78799    -6.83966  0.00117073
         712    -6.78739    -6.83959  0.00117138
         713    -6.78773    -6.83951  0.00117199
         714    -6.78768    -6.83944   0.0011726
         715    -6.78766    -6.83937  0.00117319
         716    -6.78654    -6.83929  0.00117387
         717    -6.78707    -6.83922  0.00117449
         718    -6.78738    -6.83915  0.00117507
         719    -6.78725    -6.83908  0.00117565
         720    -6.78685      -6.839  0.00117626
         721    -6.78646    -6.83893  0.00117688
         722    -6.78666    -6.83886  0.00117748
         723     -6.7861    -6.83879  0.00117811
         724    -6.78574    -6.83871  0.00117876
         725     -6.7854    -6.83864  0.00117942
         726    -6.78567    -6.83857  0.00118005
         727    -6.78486    -6.83849  0.00118074
         728    -6.78444    -6.83842  0.00118145
         729    -6.78449    -6.83834  0.00118214
         730    -6.78353    -6.83827   0.0011829
         731    -6.78301    -6.83819   0.0011837
         732    -6.78274    -6.83812   0.0011845
         733    -6.78186    -6.83804  0.00118537
         734    -6.78114    -6.83796  0.00118629
         735    -6.78106    -6.83789   0.0011872
         736    -6.78079    -6.83781  0.00118812
         737    -6.78041    -6.83773  0.00118906
         738    -6.78012    -6.83765     0.00119
         739    -6.77984    -6.83757  0.00119096
         740    -6.77992     -6.8375   0.0011919
         741    -6.78049    -6.83742  0.00119277
         742    -6.77965    -6.83734   0.0011937
         743    -6.77927    -6.83726  0.00119465
         744    -6.77917    -6.83719  0.00119559
         745    -6.77891    -6.83711  0.00119655
         746    -6.77859    -6.83703  0.00119751
         747    -6.77943    -6.83695  0.00119839
         748    -6.77969    -6.83687  0.00119923
         749    -6.78005     -6.8368  0.00120002
         750    -6.78029    -6.83672  0.00120079
         751    -6.78037    -6.83665  0.00120153
         752    -6.78032    -6.83657  0.00120227
         753    -6.77965     -6.8365  0.00120304
         754    -6.77984    -6.83642  0.00120379
         755    -6.77944    -6.83635  0.00120456
         756    -6.78016    -6.83627  0.00120526
         757    -6.78062     -6.8362  0.00120591
         758    -6.78038    -6.83613  0.00120656
         759    -6.78047    -6.83605   0.0012072
         760    -6.78024    -6.83598  0.00120784
         761    -6.78089    -6.83591  0.00120842
         762    -6.78099    -6.83583  0.00120898
         763     -6.7808    -6.83576  0.00120955
         764    -6.78151    -6.83569  0.00121005
         765    -6.78061    -6.83562  0.00121061
         766    -6.78074    -6.83555  0.00121114
         767    -6.78151    -6.83548  0.00121161
         768    -6.78078    -6.83541  0.00121213
         769    -6.78135    -6.83534  0.00121259
         770    -6.78208    -6.83527  0.00121298
         771    -6.78209     -6.8352  0.00121337
         772    -6.78175    -6.83513  0.00121377
         773    -6.78145    -6.83506  0.00121419
         774    -6.78198    -6.83499  0.00121455
         775    -6.78187    -6.83492  0.00121492
         776    -6.78159    -6.83485  0.00121529
         777    -6.78233    -6.83479  0.00121561
         778    -6.78181    -6.83472  0.00121595
         779    -6.78129    -6.83465  0.00121632
         780    -6.78141    -6.83458  0.00121668
         781    -6.78084    -6.83451  0.00121706
         782    -6.78064    -6.83444  0.00121746
         783    -6.77999    -6.83437  0.00121789
         784    -6.78036     -6.8343  0.00121828
         785    -6.77957    -6.83424  0.00121872
         786    -6.77919    -6.83416  0.00121918
         787    -6.77814    -6.83409  0.00121971
         788    -6.77823    -6.83402  0.00122022
         789      -6.778    -6.83395  0.00122074
         790    -6.77757    -6.83388  0.00122128
         791    -6.77774    -6.83381  0.00122179
         792    -6.77781    -6.83374   0.0012223
         793    -6.77812    -6.83367  0.00122277
         794    -6.77817     -6.8336  0.00122322
         795    -6.77769    -6.83353   0.0012237
         796    -6.77796    -6.83346  0.00122415
         797    -6.77766    -6.83339  0.00122462
         798     -6.7771    -6.83332  0.00122511
         799     -6.7773    -6.83325  0.00122559
         800    -6.77683    -6.83318  0.00122608
         801    -6.77687    -6.83311  0.00122656
         802    -6.77788    -6.83304  0.00122697
         803    -6.77799    -6.83297  0.00122735
         804    -6.77739     -6.8329  0.00122777
         805    -6.77729    -6.83283  0.00122819
         806    -6.77768    -6.83276  0.00122857
         807    -6.77763    -6.83269  0.00122894
         808    -6.77798    -6.83263  0.00122929
         809    -6.77857    -6.83256  0.00122958
         810    -6.77851    -6.83249  0.00122987
         811    -6.77768    -6.83243  0.00123021
         812    -6.77668    -6.83236  0.00123061
         813    -6.77707    -6.83229  0.00123097
         814    -6.77637    -6.83222  0.00123138
         815    -6.77592    -6.83215   0.0012318
         816    -6.77519    -6.83208  0.00123227
         817     -6.7751    -6.83201  0.00123273
         818    -6.77489    -6.83194   0.0012332
         819    -6.77405    -6.83187  0.00123372
         820    -6.77427     -6.8318  0.00123421
         821    -6.77491    -6.83173  0.00123466
         822    -6.77459    -6.83166  0.00123511
         823    -6.77408    -6.83159  0.00123559
         824    -6.77495    -6.83152    0.001236
         825    -6.77401    -6.83145  0.00123647
         826    -6.77333    -6.83138  0.00123697
         827    -6.77326    -6.83131  0.00123747
         828    -6.77325    -6.83124  0.00123796
         829    -6.77235    -6.83117   0.0012385
         830    -6.77251     -6.8311  0.00123902
         831    -6.77115    -6.83103  0.00123963
         832    -6.77219    -6.83096  0.00124016
         833    -6.77254    -6.83089  0.00124065
         834    -6.77242    -6.83082  0.00124114
         835    -6.77291    -6.83075  0.00124159
         836    -6.77184    -6.83068   0.0012421
         837    -6.77202    -6.83061   0.0012426
         838    -6.77295    -6.83054  0.00124302
         839    -6.77311    -6.83047  0.00124342
         840    -6.77202     -6.8304  0.00124388
         841    -6.77188    -6.83033  0.00124435
         842    -6.77105    -6.83026  0.00124486
         843    -6.77097    -6.83019  0.00124537
         844    -6.76969    -6.83012  0.00124596
         845    -6.77009    -6.83005   0.0012465
         846    -6.77047    -6.82998  0.00124702
         847     -6.7687    -6.82991  0.00124764
         848    -6.76901    -6.82983  0.00124824
         849    -6.76881    -6.82976  0.00124883
         850    -6.76895    -6.82969  0.00124941
         851    -6.76884    -6.82962  0.00124999
         852    -6.76871    -6.82955  0.00125056
         853    -6.76862    -6.82948  0.00125114
         854    -6.77011    -6.82941   0.0012516
         855    -6.76947    -6.82934   0.0012521
         856    -6.76961    -6.82927  0.00125258
         857     -6.7708     -6.8292  0.00125297
         858    -6.77088    -6.82913  0.00125336
         859    -6.77019    -6.82906  0.00125377
         860    -6.76994    -6.82899   0.0012542
         861    -6.76875    -6.82892  0.00125469
         862    -6.76906    -6.82885  0.00125516
         863    -6.76948    -6.82879  0.00125559
         864    -6.76923    -6.82872  0.00125603
         865    -6.76971    -6.82865  0.00125642
         866    -6.77032    -6.82858  0.00125678
         867     -6.7694    -6.82851  0.00125718
         868    -6.76888    -6.82844  0.00125761
         869     -6.7699    -6.82838  0.00125796
         870    -6.76928    -6.82831  0.00125835
         871    -6.76902    -6.82824  0.00125875
         872    -6.76877    -6.82817  0.00125915
         873    -6.76907     -6.8281  0.00125952
         874    -6.76851    -6.82804  0.00125993
         875    -6.76806    -6.82797  0.00126035
         876     -6.7681     -6.8279  0.00126076
         877    -6.76677    -6.82783  0.00126125
         878    -6.76683    -6.82776  0.00126173
         879    -6.76663    -6.82769  0.00126221
         880    -6.76696    -6.82762  0.00126266
         881    -6.76729    -6.82755  0.00126308
         882    -6.76698    -6.82748  0.00126351
         883    -6.76737    -6.82742  0.00126391
         884    -6.76654    -6.82735  0.00126436
         885    -6.76603    -6.82728  0.00126483
         886    -6.76588    -6.82721   0.0012653
         887    -6.76476    -6.82714  0.00126583
         888    -6.76506    -6.82707  0.00126633
         889    -6.76496      -6.827  0.00126683
         890    -6.76436    -6.82693  0.00126736
         891    -6.76425    -6.82686  0.00126789
         892    -6.76404    -6.82679  0.00126842
         893     -6.7639    -6.82672  0.00126896
         894    -6.76365    -6.82665   0.0012695
         895    -6.76406    -6.82658     0.00127
         896     -6.7639    -6.82651  0.00127051
         897    -6.76468    -6.82644  0.00127096
         898    -6.76454    -6.82637  0.00127141
         899    -6.76408     -6.8263  0.00127189
         900    -6.76381    -6.82623  0.00127237
         901     -6.7638    -6.82616  0.00127284
         902    -6.76314    -6.82609  0.00127334
         903    -6.76272    -6.82602  0.00127387
         904     -6.7627    -6.82595  0.00127438
         905    -6.76216    -6.82588  0.00127492
         906    -6.76182    -6.82581  0.00127547
         907    -6.76148    -6.82574  0.00127604
         908    -6.76246    -6.82567  0.00127653
         909    -6.76117     -6.8256   0.0012771
         910    -6.76172    -6.82553  0.00127762
         911    -6.76179    -6.82546  0.00127814
         912    -6.76067    -6.82539  0.00127871
         913    -6.76047    -6.82532  0.00127928
         914    -6.75919    -6.82524  0.00127993
         915    -6.75918    -6.82517  0.00128056
         916    -6.75944     -6.8251  0.00128117
         917    -6.75982    -6.82503  0.00128175
         918    -6.76008    -6.82496  0.00128231
         919    -6.75997    -6.82489  0.00128286
         920    -6.75962    -6.82482  0.00128343
         921    -6.75859    -6.82474  0.00128404
         922    -6.75926    -6.82467  0.00128461
         923     -6.7589     -6.8246   0.0012852
         924    -6.75967    -6.82453  0.00128573
         925    -6.75972    -6.82446  0.00128624
         926    -6.75943    -6.82439  0.00128677
         927    -6.76016    -6.82432  0.00128725
         928    -6.75937    -6.82425  0.00128776
         929    -6.75886    -6.82418   0.0012883
         930    -6.75772    -6.82411  0.00128889
         931    -6.75847    -6.82404  0.00128943
         932    -6.75753    -6.82397  0.00129002
         933    -6.75674     -6.8239  0.00129065
         934    -6.75678    -6.82382  0.00129127
         935     -6.7571    -6.82375  0.00129186
         936     -6.7569    -6.82368  0.00129245
         937    -6.75715    -6.82361  0.00129302
         938    -6.75591    -6.82354  0.00129366
         939     -6.7557    -6.82347  0.00129429
         940    -6.75511    -6.82339  0.00129496
         941    -6.75418    -6.82332  0.00129567
         942    -6.75375    -6.82325   0.0012964
         943    -6.75376    -6.82317  0.00129711
         944    -6.75488     -6.8231  0.00129776
         945    -6.75536    -6.82303  0.00129836
         946    -6.75525    -6.82296  0.00129896
         947    -6.75499    -6.82288  0.00129957
         948     -6.7557    -6.82281  0.00130013
         949    -6.75611    -6.82274  0.00130066
         950    -6.75641    -6.82267  0.00130117
         951    -6.75615     -6.8226  0.00130168
         952    -6.75575    -6.82253   0.0013022
         953    -6.75547    -6.82246  0.00130274
         954    -6.75492    -6.82239  0.00130329
         955    -6.75609    -6.82232  0.00130378
         956    -6.75561    -6.82225  0.00130428
         957    -6.75644    -6.82218  0.00130473
         958    -6.75512    -6.82211  0.00130524
         959    -6.75458    -6.82204  0.00130578
         960    -6.75464    -6.82197   0.0013063
         961    -6.75468     -6.8219  0.00130682
         962    -6.75488    -6.82183  0.00130732
         963    -6.75387    -6.82176  0.00130786
         964    -6.75361    -6.82169  0.00130842
         965    -6.75404    -6.82162  0.00130894
         966    -6.75425    -6.82155  0.00130944
         967    -6.75342    -6.82148  0.00130998
         968    -6.75378    -6.82141  0.00131049
         969    -6.75422    -6.82134  0.00131097
         970    -6.75303    -6.82127  0.00131151
         971    -6.75371     -6.8212  0.00131201
         972    -6.75368    -6.82113  0.00131249
         973    -6.75428    -6.82106  0.00131294
         974    -6.75511      -6.821  0.00131334
         975     -6.7549    -6.82093  0.00131374
         976    -6.75532    -6.82086  0.00131411
         977    -6.75441    -6.82079  0.00131453
         978    -6.75377    -6.82073  0.00131497
         979    -6.75313    -6.82066  0.00131544
         980    -6.75225    -6.82059  0.00131595
         981     -6.7509    -6.82052  0.00131652
         982    -6.75083    -6.82044  0.00131709
         983     -6.7505    -6.82037  0.00131767
         984    -6.75079     -6.8203  0.00131823
         985     -6.7504    -6.82023   0.0013188
         986    -6.75115    -6.82016  0.00131932
         987    -6.75012    -6.82009  0.00131989
         988    -6.74945    -6.82002  0.00132049
         989    -6.74909    -6.81995   0.0013211
         990    -6.74922    -6.81988   0.0013217
         991    -6.74837     -6.8198  0.00132233
         992    -6.74852    -6.81973  0.00132295
         993    -6.74684    -6.81966  0.00132365
         994    -6.74619    -6.81959  0.00132438
         995     -6.7457    -6.81951  0.00132513
         996    -6.74501    -6.81944  0.00132591
         997    -6.74486    -6.81936  0.00132669
         998    -6.74629    -6.81929  0.00132738
         999    -6.74658    -6.81922  0.00132804
        1000    -6.74553    -6.81914  0.00132876
        1001    -6.74456    -6.81907  0.00132952
        1002    -6.74445    -6.81899  0.00133028
        1003     -6.7449    -6.81892    0.001331
        1004    -6.74533    -6.81885  0.00133169
        1005    -6.74625    -6.81877  0.00133232
        1006     -6.7458     -6.8187  0.00133297
        1007    -6.74521    -6.81863  0.00133364
        1008    -6.74482    -6.81855  0.00133433
        1009    -6.74405    -6.81848  0.00133505
        1010    -6.74446    -6.81841  0.00133574
        1011    -6.74431    -6.81833  0.00133642
        1012      -6.745    -6.81826  0.00133707
        1013    -6.74403    -6.81819  0.00133775
        1014    -6.74543    -6.81812  0.00133836
        1015    -6.74468    -6.81804  0.00133899
        1016     -6.7449    -6.81797  0.00133961
        1017    -6.74396     -6.8179  0.00134027
        1018    -6.74395    -6.81783  0.00134092
        1019    -6.74487    -6.81776  0.00134151
        1020    -6.74559    -6.81768  0.00134206
        1021    -6.74611    -6.81761  0.00134258
        1022    -6.74643    -6.81754  0.00134307
        1023    -6.74519    -6.81747  0.00134362
        1024    -6.74409     -6.8174  0.00134421
        1025    -6.74402    -6.81733  0.00134481
        1026     -6.7442    -6.81726  0.00134539
        1027    -6.74487    -6.81719  0.00134592
        1028    -6.74465    -6.81712  0.00134646
        1029    -6.74475    -6.81705  0.00134699
        1030    -6.74456    -6.81698  0.00134752
        1031    -6.74494    -6.81691  0.00134802
        1032    -6.74399    -6.81684  0.00134856
        1033    -6.74492    -6.81677  0.00134905
        1034    -6.74448     -6.8167  0.00134956
        1035    -6.74421    -6.81663  0.00135007
        1036     -6.7435    -6.81656  0.00135061
        1037    -6.74319    -6.81649  0.00135116
        1038    -6.74309    -6.81642  0.00135171
        1039    -6.74299    -6.81634  0.00135225
        1040    -6.74352    -6.81627  0.00135277
        1041    -6.74321     -6.8162  0.00135329
        1042    -6.74278    -6.81613  0.00135382
        1043    -6.74253    -6.81606  0.00135436
        1044    -6.74225    -6.81599  0.00135491
        1045    -6.74129    -6.81592  0.00135549
        1046    -6.74127    -6.81585  0.00135608
        1047    -6.74231    -6.81578   0.0013566
        1048    -6.74294    -6.81571  0.00135708
        1049    -6.74241    -6.81564  0.00135759
        1050    -6.74276    -6.81557  0.00135807
        1051    -6.74133     -6.8155  0.00135861
        1052     -6.7406    -6.81543  0.00135918
        1053    -6.73985    -6.81536  0.00135979
        1054    -6.73979    -6.81529  0.00136039
        1055    -6.73906    -6.81521  0.00136101
        1056    -6.73909    -6.81514  0.00136163
        1057    -6.73821    -6.81507  0.00136229
        1058    -6.73762      -6.815  0.00136297
        1059    -6.73774    -6.81492  0.00136363
        1060    -6.73711    -6.81485  0.00136432
        1061    -6.73783    -6.81478  0.00136496
        1062    -6.73764     -6.8147  0.00136561
        1063    -6.73707    -6.81463  0.00136627
        1064    -6.73751    -6.81456  0.00136691
        1065    -6.73724    -6.81449  0.00136755
        1066    -6.73579    -6.81441  0.00136826
        1067    -6.73559    -6.81434  0.00136897
        1068    -6.73501    -6.81426   0.0013697
        1069    -6.73455    -6.81419  0.00137045
        1070    -6.73446    -6.81411   0.0013712
        1071    -6.73474    -6.81404  0.00137192
        1072    -6.73343    -6.81397   0.0013727
        1073    -6.73193    -6.81389  0.00137354
        1074    -6.73168    -6.81381   0.0013744
        1075     -6.7317    -6.81374  0.00137524
        1076     -6.7324    -6.81366  0.00137604
        1077    -6.73224    -6.81358  0.00137683
        1078    -6.73132    -6.81351  0.00137767
        1079    -6.73151    -6.81343  0.00137849
        1080    -6.73112    -6.81336  0.00137932
        1081    -6.73184    -6.81328   0.0013801
        1082    -6.73177    -6.81321  0.00138088
        1083    -6.73107    -6.81313  0.00138169
        1084    -6.73119    -6.81305  0.00138248
        1085    -6.73032    -6.81298   0.0013833
        1086      -6.731     -6.8129  0.00138409
        1087    -6.73166    -6.81283  0.00138483
        1088    -6.73108    -6.81275   0.0013856
        1089    -6.73137    -6.81268  0.00138634
        1090    -6.73059     -6.8126  0.00138711
        1091    -6.73137    -6.81253  0.00138783
        1092    -6.73161    -6.81245  0.00138854
        1093    -6.73069    -6.81238  0.00138928
        1094     -6.7305     -6.8123  0.00139003
        1095    -6.73066    -6.81223  0.00139076
        1096    -6.72922    -6.81215  0.00139155
        1097    -6.72975    -6.81208  0.00139231
        1098    -6.72999      -6.812  0.00139304
        1099    -6.72929    -6.81193  0.00139381
        1100    -6.72869    -6.81185  0.00139459
        1101    -6.72924    -6.81178  0.00139534
        1102    -6.72903     -6.8117   0.0013961
        1103    -6.72822    -6.81163  0.00139688
        1104    -6.72971    -6.81155  0.00139759
        1105    -6.72906    -6.81148  0.00139831
        1106    -6.72816     -6.8114  0.00139908
        1107    -6.72792    -6.81133  0.00139984
        1108    -6.72785    -6.81125  0.00140061
        1109    -6.72738    -6.81118  0.00140138
        1110    -6.72673     -6.8111  0.00140218
        1111    -6.72631    -6.81102    0.001403
        1112    -6.72679    -6.81095  0.00140378
        1113    -6.72636    -6.81087  0.00140457
        1114    -6.72586     -6.8108  0.00140539
        1115     -6.7248    -6.81072  0.00140624
        1116    -6.72561    -6.81064  0.00140705
        1117    -6.72573    -6.81057  0.00140784
        1118    -6.72593    -6.81049  0.00140861
        1119    -6.72663    -6.81042  0.00140935
        1120    -6.72563    -6.81034  0.00141012
        1121    -6.72564    -6.81026  0.00141088
        1122    -6.72629    -6.81019  0.00141161
        1123    -6.72585    -6.81011  0.00141235
        1124    -6.72535    -6.81004  0.00141311
        1125    -6.72407    -6.80996  0.00141391
        1126    -6.72326    -6.80989  0.00141475
        1127    -6.72385    -6.80981  0.00141556
        1128    -6.72427    -6.80973  0.00141633
        1129    -6.72401    -6.80966  0.00141711
        1130    -6.72309    -6.80958  0.00141793
        1131     -6.7239    -6.80951  0.00141869
        1132    -6.72281    -6.80943  0.00141951
        1133    -6.72239    -6.80935  0.00142033
        1134     -6.7221    -6.80928  0.00142116
        1135    -6.72156     -6.8092  0.00142201
        1136    -6.72118    -6.80912  0.00142287
        1137     -6.7225    -6.80904  0.00142365
        1138    -6.72241    -6.80897  0.00142444
        1139    -6.72229    -6.80889  0.00142522
        1140    -6.72179    -6.80882  0.00142601
        1141    -6.72214    -6.80874  0.00142679
        1142    -6.72111    -6.80866   0.0014276
        1143    -6.72114    -6.80859   0.0014284
        1144    -6.72135    -6.80851  0.00142919
        1145    -6.72059    -6.80843     0.00143
        1146    -6.72042    -6.80836  0.00143081
        1147    -6.72039    -6.80828  0.00143162
        1148    -6.72015     -6.8082  0.00143243
        1149    -6.71966    -6.80813  0.00143325
        1150    -6.72081    -6.80805  0.00143402
        1151    -6.72021    -6.80797   0.0014348
        1152    -6.71977     -6.8079   0.0014356
        1153    -6.71917    -6.80782  0.00143641
        1154    -6.71889    -6.80774  0.00143723
        1155    -6.71856    -6.80767  0.00143806
        1156    -6.71895    -6.80759  0.00143886
        1157    -6.71875    -6.80751  0.00143967
        1158     -6.7182    -6.80744  0.00144049
        1159     -6.7196    -6.80736  0.00144124
        1160    -6.71903    -6.80728  0.00144201
        1161     -6.7182    -6.80721   0.0014428
        1162    -6.71715    -6.80713  0.00144364
        1163    -6.71671    -6.80705  0.00144449
        1164    -6.71693    -6.80697  0.00144533
        1165    -6.71712     -6.8069  0.00144614
        1166    -6.71663    -6.80682  0.00144697
        1167    -6.71619    -6.80674  0.00144781
        1168    -6.71647    -6.80666  0.00144864
        1169    -6.71604    -6.80659  0.00144947
        1170    -6.71512    -6.80651  0.00145034
        1171    -6.71546    -6.80643  0.00145118
        1172     -6.7158    -6.80635    0.001452
        1173     -6.7158    -6.80628  0.00145282
        1174    -6.71536     -6.8062  0.00145364
        1175    -6.71588    -6.80612  0.00145443
        1176    -6.71548    -6.80605  0.00145524
        1177    -6.71434    -6.80597  0.00145609
        1178    -6.71361    -6.80589  0.00145696
        1179    -6.71415    -6.80581   0.0014578
        1180    -6.71357    -6.80573  0.00145866
        1181    -6.71344    -6.80565  0.00145952
        1182    -6.71312    -6.80558  0.00146038
        1183     -6.7118     -6.8055  0.00146129
        1184     -6.7126    -6.80542  0.00146217
        1185     -6.7122    -6.80534  0.00146305
        1186    -6.71099    -6.80526  0.00146397
        1187    -6.71047    -6.80518  0.00146492
        1188    -6.71061     -6.8051  0.00146584
        1189    -6.70934    -6.80502  0.00146682
        1190    -6.70915    -6.80494   0.0014678
        1191    -6.70856    -6.80486   0.0014688
        1192    -6.70877    -6.80478  0.00146978
        1193    -6.70872     -6.8047  0.00147075
        1194    -6.70863    -6.80462  0.00147171
        1195    -6.70964    -6.80454  0.00147263
        1196    -6.70975    -6.80446  0.00147353
        1197    -6.70917    -6.80438  0.00147445
        1198    -6.70901     -6.8043  0.00147536
        1199    -6.71031    -6.80422  0.00147621
        1200    -6.71021    -6.80414  0.00147706
        1201    -6.71034    -6.80406  0.00147789
        1202    -6.70959    -6.80399  0.00147875
        1203    -6.70788    -6.80391  0.00147968
        1204    -6.70787    -6.80383   0.0014806
        1205    -6.70827    -6.80375  0.00148149
        1206     -6.7075    -6.80367  0.00148241
        1207    -6.70768    -6.80359  0.00148331
        1208     -6.7072    -6.80351  0.00148423
        1209    -6.70677    -6.80343  0.00148516
        1210    -6.70632    -6.80335   0.0014861
        1211    -6.70448    -6.80327  0.00148711
        1212     -6.7042    -6.80318  0.00148813
        1213    -6.70399     -6.8031  0.00148915
        1214    -6.70418    -6.80302  0.00149015
        1215    -6.70386    -6.80294  0.00149116
        1216    -6.70255    -6.80286  0.00149221
        1217    -6.70208    -6.80277  0.00149328
        1218    -6.70189    -6.80269  0.00149435
        1219    -6.70152    -6.80261  0.00149543
        1220    -6.70233    -6.80253  0.00149646
        1221    -6.70276    -6.80244  0.00149746
        1222    -6.70361    -6.80236  0.00149842
        1223    -6.70385    -6.80228  0.00149936
        1224    -6.70305     -6.8022  0.00150033
        1225    -6.70121    -6.80212  0.00150136
        1226    -6.70097    -6.80204   0.0015024
        1227    -6.70079    -6.80195  0.00150344
        1228    -6.70118    -6.80187  0.00150446
        1229     -6.7011    -6.80179  0.00150547
        1230    -6.70021    -6.80171  0.00150651
        1231    -6.69951    -6.80162  0.00150757
        1232     -6.6992    -6.80154  0.00150863
        1233    -6.69884    -6.80146  0.00150971
        1234    -6.69901    -6.80138  0.00151077
        1235    -6.69931    -6.80129   0.0015118
        1236     -6.7011    -6.80121  0.00151275
        1237    -6.70182    -6.80113  0.00151366
        1238    -6.70162    -6.80105  0.00151457
        1239        -6.7    -6.80097  0.00151554
        1240    -6.69987    -6.80089  0.00151651
        1241    -6.69988    -6.80081  0.00151747
        1242    -6.69982    -6.80072  0.00151843
        1243    -6.69947    -6.80064  0.00151939
        1244    -6.69958    -6.80056  0.00152034
        1245    -6.69969    -6.80048  0.00152127
        1246    -6.70027     -6.8004  0.00152218
        1247    -6.69994    -6.80032  0.00152309
        1248    -6.69932    -6.80024  0.00152402
        1249    -6.69902    -6.80016  0.00152495
        1250    -6.69967    -6.80008  0.00152585
        1251    -6.69995        -6.8  0.00152672
        1252    -6.70097    -6.79992  0.00152755
        1253    -6.70063    -6.79984  0.00152839
        1254    -6.70097    -6.79976   0.0015292
        1255    -6.70048    -6.79968  0.00153003
        1256    -6.70046     -6.7996  0.00153085
        1257    -6.70145    -6.79952  0.00153162
        1258    -6.70223    -6.79945  0.00153235
        1259    -6.70114    -6.79937  0.00153312
        1260    -6.70189    -6.79929  0.00153386
        1261    -6.70085    -6.79921  0.00153463
        1262     -6.7007    -6.79914   0.0015354
        1263    -6.70023    -6.79906  0.00153618
        1264        -6.7    -6.79898  0.00153696
        1265    -6.70143     -6.7989  0.00153768
        1266    -6.70078    -6.79882  0.00153841
        1267    -6.70105    -6.79875  0.00153913
        1268    -6.70139    -6.79867  0.00153983
        1269    -6.70055    -6.79859  0.00154056
        1270    -6.70204    -6.79852  0.00154122
        1271    -6.70239    -6.79844  0.00154186
        1272    -6.70223    -6.79837  0.00154251
        1273    -6.70263    -6.79829  0.00154313
        1274    -6.70192    -6.79821  0.00154377
        1275    -6.70081    -6.79814  0.00154445
        1276    -6.70023    -6.79806  0.00154514
        1277    -6.69914    -6.79798  0.00154587
        1278    -6.69852    -6.79791  0.00154662
        1279    -6.69941    -6.79783  0.00154733
        1280    -6.69787    -6.79775  0.00154809
        1281    -6.69809    -6.79767  0.00154883
        1282    -6.69795     -6.7976  0.00154958
        1283    -6.69707    -6.79752  0.00155035
        1284    -6.69704    -6.79744  0.00155112
        1285    -6.69494    -6.79736  0.00155196
        1286    -6.69522    -6.79728  0.00155278
        1287    -6.69537     -6.7972  0.00155359
        1288    -6.69392    -6.79712  0.00155445
        1289     -6.6933    -6.79704  0.00155533
        1290    -6.69368    -6.79696  0.00155619
        1291    -6.69456    -6.79688  0.00155701
        1292    -6.69405     -6.7968  0.00155783
        1293    -6.69327    -6.79672  0.00155868
        1294    -6.69359    -6.79664  0.00155952
        1295    -6.69234    -6.79656  0.00156039
        1296    -6.69219    -6.79648  0.00156126
        1297    -6.69226     -6.7964  0.00156213
        1298    -6.69202    -6.79632  0.00156299
        1299    -6.69128    -6.79624  0.00156388
        1300    -6.69212    -6.79616  0.00156472
        1301    -6.69144    -6.79608  0.00156559
        1302    -6.69148      -6.796  0.00156645
        1303     -6.6912    -6.79592  0.00156731
        1304    -6.69067    -6.79584  0.00156818
        1305     -6.6905    -6.79576  0.00156906
        1306    -6.69116    -6.79568   0.0015699
        1307    -6.69158     -6.7956  0.00157072
        1308    -6.69025    -6.79552  0.00157158
        1309    -6.68998    -6.79543  0.00157245
        1310    -6.69006    -6.79535   0.0015733
        1311    -6.68915    -6.79527  0.00157419
        1312    -6.68859    -6.79519  0.00157509
        1313    -6.68835    -6.79511  0.00157599
        1314    -6.69004    -6.79503  0.00157681
        1315    -6.68888    -6.79495  0.00157768
        1316    -6.68851    -6.79487  0.00157855
        1317    -6.68842    -6.79479  0.00157942
        1318    -6.68815    -6.79471  0.00158029
        1319    -6.68803    -6.79463  0.00158117
        1320    -6.68722    -6.79455  0.00158206
        1321    -6.68629    -6.79446  0.00158298
        1322     -6.6864    -6.79438  0.00158389
        1323    -6.68632     -6.7943   0.0015848
        1324    -6.68571    -6.79422  0.00158573
        1325    -6.68481    -6.79414  0.00158668
        1326    -6.68525    -6.79405   0.0015876
        1327    -6.68505    -6.79397  0.00158853
        1328    -6.68401    -6.79389  0.00158949
        1329    -6.68342    -6.79381  0.00159047
        1330    -6.68287    -6.79372  0.00159146
        1331    -6.68355    -6.79364  0.00159241
        1332    -6.68147    -6.79355  0.00159344
        1333    -6.68012    -6.79347  0.00159452
        1334    -6.68067    -6.79338  0.00159556
        1335    -6.68111     -6.7933  0.00159658
        1336    -6.67962    -6.79322  0.00159765
        1337    -6.67889    -6.79313  0.00159875
        1338    -6.67816    -6.79304  0.00159986
        1339    -6.67709    -6.79296  0.00160101
        1340    -6.67636    -6.79287  0.00160217
        1341    -6.67428    -6.79278  0.00160342
        1342    -6.67486    -6.79269  0.00160463
        1343    -6.67439    -6.79261  0.00160585
        1344    -6.67497    -6.79252  0.00160704
        1345    -6.67439    -6.79243  0.00160824
        1346    -6.67267    -6.79234  0.00160951
        1347    -6.67203    -6.79225  0.00161079
        1348    -6.67014    -6.79216  0.00161214
        1349    -6.67002    -6.79207  0.00161348
        1350    -6.67008    -6.79198  0.00161482
        1351    -6.66916    -6.79189  0.00161618
        1352    -6.66904     -6.7918  0.00161754
        1353     -6.6687    -6.79171   0.0016189
        1354    -6.66744    -6.79162   0.0016203
        1355    -6.66859    -6.79153  0.00162165
        1356    -6.66811    -6.79143    0.001623
        1357    -6.66735    -6.79134  0.00162438
        1358    -6.66625    -6.79125   0.0016258
        1359    -6.66571    -6.79116  0.00162722
        1360    -6.66524    -6.79107  0.00162866
        1361    -6.66599    -6.79097  0.00163005
        1362    -6.66699    -6.79088  0.00163139
        1363    -6.66763    -6.79079   0.0016327
        1364    -6.66582     -6.7907  0.00163407
        1365    -6.66652    -6.79061  0.00163541
        1366    -6.66684    -6.79052  0.00163672
        1367     -6.6674    -6.79043    0.001638
        1368    -6.66726    -6.79034  0.00163927
        1369    -6.66674    -6.79025  0.00164056
        1370    -6.66642    -6.79016  0.00164185
        1371    -6.66686    -6.79007  0.00164311
        1372    -6.66609    -6.78998   0.0016444
        1373    -6.66538    -6.78989   0.0016457
        1374    -6.66464     -6.7898  0.00164703
        1375    -6.66482    -6.78971  0.00164834
        1376    -6.66361    -6.78961  0.00164968
        1377    -6.66208    -6.78952  0.00165108
        1378    -6.66238    -6.78943  0.00165246
        1379    -6.66358    -6.78934  0.00165378
        1380    -6.66458    -6.78925  0.00165505
        1381    -6.66445    -6.78916  0.00165632
        1382    -6.66433    -6.78907  0.00165758
        1383    -6.66397    -6.78898  0.00165885
        1384     -6.6628    -6.78889  0.00166015
        1385    -6.66259    -6.78879  0.00166146
        1386    -6.66299     -6.7887  0.00166274
        1387    -6.66236    -6.78861  0.00166403
        1388    -6.66222    -6.78852  0.00166532
        1389    -6.66278    -6.78843  0.00166658
        1390     -6.6627    -6.78834  0.00166784
        1391    -6.66218    -6.78825   0.0016691
        1392    -6.66082    -6.78816  0.00167041
        1393    -6.66178    -6.78807  0.00167167
        1394    -6.66093    -6.78798  0.00167296
        1395    -6.66018    -6.78788  0.00167427
        1396    -6.66026    -6.78779  0.00167556
        1397    -6.66037     -6.7877  0.00167684
        1398    -6.65944    -6.78761  0.00167815
        1399    -6.65899    -6.78752  0.00167947
        1400    -6.65726    -6.78743  0.00168084
        1401    -6.65771    -6.78733  0.00168219
        1402    -6.65797    -6.78724  0.00168352
        1403    -6.65722    -6.78715  0.00168487
        1404    -6.65564    -6.78705  0.00168627
        1405    -6.65504    -6.78696  0.00168769
        1406    -6.65523    -6.78687  0.00168909
        1407    -6.65412    -6.78677  0.00169052
        1408    -6.65326    -6.78668  0.00169198
        1409    -6.65225    -6.78658  0.00169346
        1410     -6.6519    -6.78649  0.00169495
        1411    -6.65175    -6.78639  0.00169644
        1412    -6.65178     -6.7863  0.00169791
        1413     -6.6506     -6.7862  0.00169943
        1414    -6.65109     -6.7861  0.00170091
        1415    -6.65032    -6.78601  0.00170241
        1416    -6.64933    -6.78591  0.00170394
        1417    -6.64878    -6.78581  0.00170549
        1418    -6.64864    -6.78572  0.00170702
        1419    -6.64868    -6.78562  0.00170855
        1420    -6.64893    -6.78552  0.00171006
        1421    -6.64969    -6.78543  0.00171152
        1422    -6.65123    -6.78534  0.00171292
        1423    -6.65139    -6.78524   0.0017143
        1424    -6.65116    -6.78515  0.00171568
        1425    -6.65094    -6.78505  0.00171706
        1426    -6.64955    -6.78496  0.00171848
        1427    -6.64819    -6.78486  0.00171995
        1428    -6.64745    -6.78477  0.00172143
        1429    -6.64735    -6.78467  0.00172291
        1430    -6.64589    -6.78457  0.00172444
        1431    -6.64613    -6.78448  0.00172595
        1432    -6.64585    -6.78438  0.00172745
        1433    -6.64452    -6.78428    0.001729
        1434    -6.64462    -6.78418  0.00173054
        1435    -6.64435    -6.78409  0.00173207
        1436    -6.64614    -6.78399  0.00173353
        1437    -6.64572    -6.78389  0.00173499
        1438    -6.64649     -6.7838  0.00173641
        1439    -6.64689     -6.7837  0.00173781
        1440    -6.64607    -6.78361  0.00173923
        1441    -6.64463    -6.78351   0.0017407
        1442     -6.6439    -6.78341  0.00174218
        1443    -6.64464    -6.78332  0.00174362
        1444    -6.64451    -6.78322  0.00174507
        1445    -6.64475    -6.78313  0.00174649
        1446    -6.64526    -6.78303  0.00174788
        1447    -6.64566    -6.78294  0.00174925
        1448    -6.64488    -6.78284  0.00175064
        1449    -6.64434    -6.78275  0.00175204
        1450    -6.64343    -6.78265  0.00175346
        1451    -6.64426    -6.78255  0.00175484
        1452    -6.64402    -6.78246  0.00175623
        1453    -6.64403    -6.78236   0.0017576
        1454    -6.64227    -6.78227  0.00175903
        1455    -6.64417    -6.78217  0.00176038
        1456    -6.64345    -6.78208  0.00176175
        1457    -6.64475    -6.78198  0.00176306
        1458    -6.64425    -6.78189  0.00176438
        1459    -6.64397    -6.78179   0.0017657
        1460    -6.64412     -6.7817    0.001767
        1461    -6.64504    -6.78161  0.00176827
        1462    -6.64518    -6.78151  0.00176952
        1463    -6.64488    -6.78142  0.00177077
        1464     -6.6443    -6.78133  0.00177204
        1465     -6.6451    -6.78123  0.00177327
        1466    -6.64485    -6.78114   0.0017745
        1467    -6.64407    -6.78105  0.00177575
        1468    -6.64473    -6.78095  0.00177696
        1469    -6.64495    -6.78086  0.00177816
        1470    -6.64479    -6.78077  0.00177936
        1471    -6.64328    -6.78067   0.0017806
        1472     -6.6424    -6.78058  0.00178187
        1473    -6.64218    -6.78049  0.00178314
        1474    -6.64313    -6.78039  0.00178436
        1475    -6.64384     -6.7803  0.00178555
        1476     -6.6435    -6.78021  0.00178674
        1477     -6.6429    -6.78011  0.00178795
        1478    -6.64314    -6.78002  0.00178914
        1479    -6.64286    -6.77993  0.00179033
        1480    -6.64216    -6.77984  0.00179154
        1481    -6.64162    -6.77974  0.00179276
        1482    -6.64091    -6.77965    0.001794
        1483    -6.64128    -6.77956  0.00179521
        1484    -6.64095    -6.77946  0.00179643
        1485    -6.63965    -6.77937  0.00179769
        1486    -6.63926    -6.77927  0.00179895
        1487     -6.6393    -6.77918   0.0018002
        1488    -6.63914    -6.77909  0.00180145
        1489    -6.63738    -6.77899  0.00180275
        1490    -6.63685     -6.7789  0.00180406
        1491    -6.63642     -6.7788  0.00180538
        1492    -6.63573     -6.7787  0.00180672
        1493    -6.63576    -6.77861  0.00180804
        1494     -6.6349    -6.77851  0.00180939
        1495    -6.63286    -6.77841   0.0018108
        1496    -6.63157    -6.77832  0.00181225
        1497    -6.63145    -6.77822  0.00181369
        1498    -6.63078    -6.77812  0.00181515
        1499    -6.62961    -6.77802  0.00181664
        1500    -6.62826    -6.77792  0.00181817
        1501     -6.6284    -6.77782  0.00181968
        1502    -6.62837    -6.77772  0.00182119
        1503    -6.62884    -6.77762  0.00182267
        1504    -6.63007    -6.77752   0.0018241
        1505    -6.63044    -6.77743   0.0018255
        1506    -6.63068    -6.77733  0.00182689
        1507    -6.62908    -6.77723  0.00182832
        1508    -6.62919    -6.77713  0.00182974
        1509    -6.63156    -6.77704  0.00183107
        1510    -6.63091    -6.77694  0.00183242
        1511    -6.63121    -6.77684  0.00183374
        1512    -6.63175    -6.77675  0.00183504
        1513    -6.63297    -6.77665  0.00183628
        1514    -6.63324    -6.77656  0.00183751
        1515    -6.63374    -6.77646  0.00183871
        1516     -6.6337    -6.77637  0.00183991
        1517     -6.6349    -6.77628  0.00184106
        1518    -6.63339    -6.77618  0.00184225
        1519    -6.63259    -6.77609  0.00184346
        1520    -6.63149    -6.77599   0.0018447
        1521    -6.63092     -6.7759  0.00184595
        1522    -6.63131     -6.7758  0.00184718
        1523    -6.63146    -6.77571   0.0018484
        1524     -6.6319    -6.77561  0.00184959
        1525    -6.63321    -6.77552  0.00185074
        1526    -6.63288    -6.77543  0.00185188
        1527     -6.6317    -6.77533  0.00185306
        1528    -6.63052    -6.77524  0.00185427
        1529    -6.63192    -6.77514  0.00185543
        1530    -6.63275    -6.77505  0.00185655
        1531    -6.63242    -6.77496  0.00185767
        1532    -6.63104    -6.77486  0.00185883
        1533     -6.6307    -6.77477  0.00185999
        1534    -6.63237    -6.77468   0.0018611
        1535    -6.63247    -6.77458  0.00186219
        1536     -6.6322    -6.77449  0.00186328
        1537     -6.6328     -6.7744  0.00186435
        1538    -6.63173    -6.77431  0.00186544
        1539    -6.63137    -6.77421  0.00186654
        1540    -6.63069    -6.77412  0.00186765
        1541    -6.62978    -6.77403  0.00186879
        1542    -6.63041    -6.77393   0.0018699
        1543    -6.63086    -6.77384  0.00187098
        1544    -6.63141    -6.77375  0.00187204
        1545    -6.62963    -6.77365  0.00187315
        1546    -6.62842    -6.77356   0.0018743
        1547    -6.62834    -6.77347  0.00187543
        1548    -6.62597    -6.77337  0.00187664
        1549    -6.62282    -6.77327  0.00187795
        1550    -6.62339    -6.77318  0.00187922
        1551    -6.62298    -6.77308   0.0018805
        1552    -6.62179    -6.77298  0.00188182
        1553    -6.62176    -6.77289  0.00188312
        1554     -6.6221    -6.77279  0.00188441
        1555    -6.62158    -6.77269  0.00188571
        1556    -6.62218    -6.77259  0.00188697
        1557    -6.62313     -6.7725   0.0018882
        1558    -6.62116     -6.7724  0.00188949
        1559    -6.62225    -6.77231  0.00189073
        1560     -6.6219    -6.77221  0.00189197
        1561    -6.62304    -6.77211  0.00189317
        1562    -6.62317    -6.77202  0.00189436
        1563    -6.62138    -6.77192   0.0018956
        1564    -6.62098    -6.77183  0.00189684
        1565    -6.62123    -6.77173  0.00189807
        1566    -6.62262    -6.77163  0.00189924
        1567    -6.62442    -6.77154  0.00190035
        1568     -6.6252    -6.77145  0.00190143
        1569    -6.62568    -6.77135  0.00190249
        1570    -6.62693    -6.77126   0.0019035
        1571    -6.62593    -6.77117  0.00190453
        1572    -6.62547    -6.77108  0.00190558
        1573    -6.62545    -6.77098  0.00190661
        1574    -6.62557    -6.77089  0.00190764
        1575    -6.62506     -6.7708  0.00190867
        1576    -6.62412    -6.77071  0.00190973
        1577    -6.62444    -6.77061  0.00191077
        1578    -6.62536    -6.77052  0.00191177
        1579    -6.62521    -6.77043  0.00191278
        1580    -6.62416    -6.77034  0.00191381
        1581    -6.62369    -6.77024  0.00191484
        1582    -6.62192    -6.77015  0.00191592
        1583    -6.62079    -6.77006  0.00191704
        1584    -6.62072    -6.76996  0.00191814
        1585    -6.62171    -6.76987  0.00191921
        1586    -6.62027    -6.76977  0.00192032
        1587    -6.62087    -6.76968   0.0019214
        1588    -6.62163    -6.76959  0.00192245
        1589    -6.62245    -6.76949  0.00192347
        1590    -6.62245     -6.7694  0.00192448
        1591    -6.62167    -6.76931  0.00192551
        1592    -6.62255    -6.76922  0.00192651
        1593    -6.62331    -6.76912  0.00192747
        1594    -6.62307    -6.76903  0.00192844
        1595    -6.62186    -6.76894  0.00192944
        1596    -6.62161    -6.76885  0.00193044
        1597    -6.62156    -6.76876  0.00193143
        1598     -6.6225    -6.76866  0.00193239
        1599    -6.62156    -6.76857  0.00193337
        1600    -6.62112    -6.76848  0.00193435
        1601    -6.62042    -6.76839  0.00193536
        1602    -6.62063     -6.7683  0.00193634
        1603    -6.62084     -6.7682  0.00193732
        1604     -6.6198    -6.76811  0.00193832
        1605    -6.62061    -6.76802  0.00193929
        1606    -6.61887    -6.76793   0.0019403
        1607    -6.61762    -6.76783  0.00194135
        1608    -6.61707    -6.76774  0.00194241
        1609    -6.61588    -6.76764  0.00194349
        1610    -6.61518    -6.76755  0.00194459
        1611    -6.61701    -6.76746  0.00194563
        1612    -6.61549    -6.76736   0.0019467
        1613    -6.61589    -6.76727  0.00194776
        1614    -6.61545    -6.76717  0.00194882
        1615    -6.61533    -6.76708  0.00194988
        1616    -6.61562    -6.76699  0.00195093
        1617    -6.61539    -6.76689  0.00195197
        1618    -6.61321     -6.7668  0.00195307
        1619     -6.6145     -6.7667  0.00195413
        1620    -6.61532    -6.76661  0.00195516
        1621    -6.61438    -6.76652  0.00195621
        1622    -6.61278    -6.76642  0.00195729
        1623    -6.61182    -6.76633  0.00195841
        1624    -6.61241    -6.76623  0.00195949
        1625    -6.61311    -6.76614  0.00196055
        1626    -6.61368    -6.76604  0.00196159
        1627    -6.61417    -6.76595   0.0019626
        1628    -6.61438    -6.76586   0.0019636
        1629    -6.61399    -6.76576  0.00196461
        1630    -6.61457    -6.76567  0.00196559
        1631    -6.61557    -6.76558  0.00196654
        1632     -6.6171    -6.76549  0.00196744
        1633    -6.61593     -6.7654  0.00196836
        1634    -6.61413     -6.7653  0.00196933
        1635    -6.61463    -6.76521  0.00197028
        1636    -6.61473    -6.76512  0.00197123
        1637    -6.61422    -6.76503  0.00197218
        1638    -6.61305    -6.76494  0.00197315
        1639    -6.61226    -6.76484  0.00197415
        1640    -6.61268    -6.76475  0.00197512
        1641    -6.61137    -6.76466  0.00197613
        1642    -6.60917    -6.76456  0.00197719
        1643    -6.60884    -6.76447  0.00197826
        1644    -6.60771    -6.76437  0.00197935
        1645     -6.6085    -6.76428  0.00198042
        1646    -6.60729    -6.76418  0.00198151
        1647    -6.60791    -6.76409  0.00198258
        1648    -6.60807    -6.76399  0.00198363
        1649    -6.60842     -6.7639  0.00198467
        1650     -6.6073     -6.7638  0.00198574
        1651    -6.60508    -6.76371  0.00198686
        1652    -6.60487    -6.76361  0.00198798
        1653    -6.60651    -6.76351  0.00198905
        1654    -6.60501    -6.76342  0.00199015
        1655    -6.60475    -6.76332  0.00199126
        1656    -6.60493    -6.76323  0.00199235
        1657    -6.60526    -6.76313  0.00199343
        1658    -6.60572    -6.76304  0.00199449
        1659    -6.60685    -6.76294  0.00199551
        1660    -6.60692    -6.76285  0.00199652
        1661     -6.6078    -6.76276   0.0019975
        1662    -6.60897    -6.76266  0.00199844
        1663    -6.60973    -6.76257  0.00199935
        1664     -6.6103    -6.76248  0.00200024
        1665     -6.6091    -6.76239  0.00200116
        1666    -6.60601    -6.76229  0.00200216
        1667    -6.60489     -6.7622  0.00200318
        1668    -6.60188     -6.7621  0.00200429
        1669     -6.6014    -6.76201   0.0020054
        1670    -6.60217    -6.76191  0.00200648
        1671    -6.60207    -6.76182  0.00200756
        1672     -6.6026    -6.76172  0.00200861
        1673    -6.60049    -6.76162  0.00200972
        1674    -6.59963    -6.76153  0.00201085
        1675    -6.60098    -6.76143  0.00201193
        1676    -6.60113    -6.76134    0.002013
        1677    -6.60201    -6.76124  0.00201405
        1678    -6.60071    -6.76114  0.00201512
        1679    -6.60042    -6.76105  0.00201619
        1680    -6.59894    -6.76095   0.0020173
        1681    -6.59695    -6.76085  0.00201845
        1682    -6.59652    -6.76076  0.00201962
        1683    -6.59605    -6.76066  0.00202079
        1684    -6.59613    -6.76056  0.00202195
        1685    -6.59541    -6.76046  0.00202312
        1686    -6.59626    -6.76037  0.00202426
        1687    -6.59605    -6.76027  0.00202541
        1688    -6.59573    -6.76017  0.00202655
        1689    -6.59354    -6.76007  0.00202775
        1690    -6.59429    -6.75997  0.00202892
        1691    -6.59508    -6.75988  0.00203006
        1692    -6.59622    -6.75978  0.00203117
        1693    -6.59671    -6.75968  0.00203225
        1694    -6.59625    -6.75959  0.00203334
        1695    -6.59626    -6.75949  0.00203442
        1696    -6.59426    -6.75939  0.00203555
        1697     -6.5941     -6.7593  0.00203668
        1698    -6.59537     -6.7592  0.00203777
        1699    -6.59695     -6.7591  0.00203881
        1700    -6.59632    -6.75901  0.00203985
        1701    -6.59571    -6.75891  0.00204091
        1702     -6.5972    -6.75882  0.00204192
        1703    -6.59827    -6.75872   0.0020429
        1704     -6.5986    -6.75863  0.00204386
        1705     -6.5977    -6.75854  0.00204484
        1706    -6.59691    -6.75844  0.00204584
        1707    -6.59503    -6.75834  0.00204688
        1708    -6.59418    -6.75825  0.00204793
        1709     -6.5932    -6.75815  0.00204901
        1710    -6.59277    -6.75806  0.00205009
        1711    -6.59384    -6.75796  0.00205114
        1712    -6.59485    -6.75786  0.00205215
        1713    -6.59439    -6.75777  0.00205317
        1714    -6.59247    -6.75767  0.00205424
        1715    -6.59103    -6.75757  0.00205534
        1716    -6.59019    -6.75748  0.00205645
        1717    -6.59026    -6.75738  0.00205756
        1718     -6.5898    -6.75728  0.00205867
        1719    -6.58935    -6.75718  0.00205979
        1720     -6.5878    -6.75709  0.00206095
        1721    -6.58998    -6.75699  0.00206204
        1722    -6.59083    -6.75689   0.0020631
        1723    -6.59101     -6.7568  0.00206414
        1724    -6.59217     -6.7567  0.00206515
        1725    -6.59254    -6.75661  0.00206615
        1726     -6.5933    -6.75651  0.00206712
        1727    -6.59312    -6.75642  0.00206808
        1728    -6.59358    -6.75632  0.00206903
        1729    -6.59279    -6.75623     0.00207
        1730    -6.59238    -6.75613  0.00207097
        1731    -6.59172    -6.75604  0.00207195
        1732    -6.59045    -6.75594  0.00207295
        1733    -6.58926    -6.75585  0.00207399
        1734    -6.58973    -6.75575    0.002075
        1735    -6.58785    -6.75565  0.00207606
        1736     -6.5874    -6.75556  0.00207713
        1737    -6.58819    -6.75546  0.00207817
        1738    -6.58856    -6.75536  0.00207919
        1739    -6.58881    -6.75527   0.0020802
        1740    -6.58785    -6.75517  0.00208123
        1741    -6.58752    -6.75508  0.00208226
        1742    -6.58695    -6.75498   0.0020833
        1743    -6.58861    -6.75488  0.00208429
        1744    -6.58781    -6.75479  0.00208529
        1745    -6.58687    -6.75469  0.00208632
        1746    -6.58645     -6.7546  0.00208735
        1747    -6.58684     -6.7545  0.00208836
        1748    -6.58724     -6.7544  0.00208935
        1749    -6.58703    -6.75431  0.00209035
        1750    -6.58867    -6.75421   0.0020913
        1751    -6.58786    -6.75412  0.00209226
        1752    -6.58717    -6.75402  0.00209323
        1753    -6.58702    -6.75393  0.00209421
        1754    -6.58747    -6.75383  0.00209516
        1755    -6.58719    -6.75374  0.00209612
        1756    -6.58793    -6.75364  0.00209705
        1757    -6.58786    -6.75355  0.00209798
        1758    -6.58913    -6.75346  0.00209887
        1759    -6.58882    -6.75336  0.00209976
        1760    -6.58867    -6.75327  0.00210065
        1761    -6.58714    -6.75317  0.00210158
        1762    -6.58707    -6.75308   0.0021025
        1763     -6.5869    -6.75299  0.00210342
        1764    -6.58823    -6.75289   0.0021043
        1765    -6.58823     -6.7528  0.00210517
        1766    -6.59143    -6.75271  0.00210596
        1767    -6.59236    -6.75262  0.00210673
        1768    -6.59081    -6.75253  0.00210752
        1769    -6.59136    -6.75243   0.0021083
        1770    -6.59114    -6.75234  0.00210907
        1771    -6.59103    -6.75225  0.00210985
        1772    -6.59202    -6.75216   0.0021106
        1773    -6.59033    -6.75207  0.00211138
        1774    -6.59029    -6.75198  0.00211216
        1775    -6.59113    -6.75189  0.00211291
        1776    -6.58906     -6.7518  0.00211371
        1777    -6.59043    -6.75171  0.00211447
        1778    -6.59002    -6.75162  0.00211523
        1779    -6.59011    -6.75152  0.00211599
        1780    -6.59108    -6.75143  0.00211672
        1781    -6.59076    -6.75134  0.00211746
        1782    -6.58917    -6.75125  0.00211822
        1783    -6.58943    -6.75116  0.00211898
        1784    -6.59105    -6.75107  0.00211969
        1785     -6.5906    -6.75098  0.00212041
        1786    -6.59016    -6.75089  0.00212113
        1787    -6.58922     -6.7508  0.00212187
        1788    -6.58849    -6.75071  0.00212263
        1789    -6.58892    -6.75062  0.00212337
        1790    -6.58967    -6.75053  0.00212408
        1791    -6.59087    -6.75044  0.00212477
        1792     -6.5909    -6.75035  0.00212545
        1793    -6.59003    -6.75026  0.00212614
        1794    -6.58914    -6.75017  0.00212685
        1795    -6.58973    -6.75008  0.00212754
        1796      -6.591       -6.75   0.0021282
        1797      -6.592    -6.74991  0.00212883
        1798    -6.59187    -6.74982  0.00212946
        1799    -6.59136    -6.74973   0.0021301
        1800     -6.5898    -6.74964  0.00213077
        1801    -6.58953    -6.74955  0.00213144
        1802    -6.58842    -6.74946  0.00213213
        1803    -6.59016    -6.74938  0.00213278
        1804    -6.58954    -6.74929  0.00213344
        1805    -6.58954     -6.7492  0.00213409
        1806    -6.58878    -6.74911  0.00213476
        1807    -6.58921    -6.74902  0.00213541
        1808    -6.58796    -6.74893  0.00213608
        1809    -6.58811    -6.74884  0.00213675
        1810    -6.58748    -6.74875  0.00213743
        1811    -6.58521    -6.74866  0.00213816
        1812     -6.5844    -6.74857   0.0021389
        1813    -6.58416    -6.74848  0.00213964
        1814    -6.58449    -6.74839  0.00214037
        1815    -6.58452     -6.7483  0.00214109
        1816    -6.58385    -6.74821  0.00214183
        1817    -6.58295    -6.74812  0.00214258
        1818    -6.58159    -6.74803  0.00214336
        1819    -6.58171    -6.74794  0.00214413
        1820     -6.5814    -6.74785   0.0021449
        1821    -6.58038    -6.74775   0.0021457
        1822    -6.58125    -6.74766  0.00214646
        1823    -6.57981    -6.74757  0.00214726
        1824    -6.58133    -6.74748  0.00214802
        1825    -6.58076    -6.74739  0.00214878
        1826    -6.58116     -6.7473  0.00214953
        1827    -6.58192    -6.74721  0.00215026
        1828    -6.58165    -6.74712  0.00215099
        1829    -6.58118    -6.74703  0.00215173
        1830     -6.5821    -6.74694  0.00215244
        1831    -6.58174    -6.74685  0.00215315
        1832    -6.58268    -6.74676  0.00215384
        1833    -6.58277    -6.74667  0.00215452
        1834    -6.57995    -6.74658  0.00215527
        1835    -6.58106    -6.74649  0.00215598
        1836    -6.57965    -6.74639  0.00215672
        1837    -6.57987     -6.7463  0.00215745
        1838    -6.57908    -6.74621  0.00215819
        1839    -6.58057    -6.74612   0.0021589
        1840    -6.58005    -6.74603  0.00215961
        1841    -6.57971    -6.74594  0.00216032
        1842    -6.57813    -6.74585  0.00216107
        1843     -6.5788    -6.74576   0.0021618
        1844    -6.57899    -6.74567  0.00216252
        1845    -6.57967    -6.74558  0.00216322
        1846     -6.5791    -6.74549  0.00216392
        1847    -6.57826     -6.7454  0.00216465
        1848    -6.57861    -6.74531  0.00216536
        1849    -6.58138    -6.74522    0.002166
        1850    -6.58132    -6.74513  0.00216664
        1851    -6.58147    -6.74504  0.00216727
        1852    -6.58119    -6.74495  0.00216791
        1853    -6.58196    -6.74487  0.00216852
        1854    -6.58281    -6.74478  0.00216911
        1855    -6.58059    -6.74469  0.00216975
        1856    -6.58008     -6.7446  0.00217039
        1857    -6.58118    -6.74451    0.002171
        1858    -6.58049    -6.74443  0.00217163
        1859     -6.5801    -6.74434  0.00217226
        1860    -6.58142    -6.74425  0.00217286
        1861    -6.58288    -6.74416  0.00217342
        1862    -6.58222    -6.74408  0.00217399
        1863    -6.58395    -6.74399  0.00217452
        1864    -6.58455     -6.7439  0.00217504
        1865    -6.58333    -6.74382  0.00217558
        1866    -6.58466    -6.74373  0.00217608
        1867    -6.58417    -6.74365  0.00217659
        1868    -6.58468    -6.74356  0.00217709
        1869    -6.58403    -6.74348   0.0021776
        1870    -6.58387    -6.74339  0.00217811
        1871    -6.58348    -6.74331  0.00217862
        1872    -6.58286    -6.74322  0.00217914
        1873    -6.58358    -6.74314  0.00217964
        1874     -6.5833    -6.74305  0.00218015
        1875     -6.5837    -6.74297  0.00218064
        1876    -6.58441    -6.74288  0.00218112
        1877    -6.58375     -6.7428   0.0021816
        1878    -6.58342    -6.74271  0.00218209
        1879    -6.58349    -6.74263  0.00218257
        1880    -6.58238    -6.74254  0.00218308
        1881    -6.58337    -6.74246  0.00218355
        1882     -6.5828    -6.74237  0.00218404
        1883    -6.58126    -6.74229  0.00218456
        1884    -6.58047     -6.7422  0.00218509
        1885    -6.58024    -6.74211  0.00218561
        1886    -6.58033    -6.74203  0.00218614
        1887    -6.58076    -6.74194  0.00218665
        1888    -6.57855    -6.74186   0.0021872
        1889    -6.57708    -6.74177  0.00218778
        1890    -6.57605    -6.74168  0.00218838
        1891    -6.57494    -6.74159    0.002189
        1892    -6.57518    -6.74151  0.00218961
        1893    -6.57393    -6.74142  0.00219024
        1894    -6.57476    -6.74133  0.00219085
        1895    -6.57248    -6.74124  0.00219151
        1896    -6.57177    -6.74115  0.00219217
        1897    -6.57047    -6.74106  0.00219286
        1898    -6.57082    -6.74097  0.00219354
        1899    -6.57185    -6.74088   0.0021942
        1900    -6.57097    -6.74079  0.00219486
        1901     -6.5695     -6.7407  0.00219556
        1902    -6.57045    -6.74061  0.00219623
        1903    -6.57021    -6.74052   0.0021969
        1904    -6.56959    -6.74043  0.00219758
        1905    -6.56962    -6.74034  0.00219825
        1906     -6.5701    -6.74025  0.00219891
        1907    -6.56912    -6.74016  0.00219959
        1908    -6.56823    -6.74007  0.00220028
        1909    -6.56974    -6.73999  0.00220094
        1910    -6.56971     -6.7399  0.00220159
        1911    -6.56932    -6.73981  0.00220225
        1912    -6.56859    -6.73972  0.00220291
        1913    -6.56814    -6.73963  0.00220359
        1914    -6.56639    -6.73954  0.00220429
        1915    -6.56579    -6.73945  0.00220501
        1916     -6.5657    -6.73936  0.00220572
        1917    -6.56482    -6.73926  0.00220645
        1918    -6.56357    -6.73917   0.0022072
        1919    -6.56417    -6.73908  0.00220793
        1920    -6.56343    -6.73899  0.00220868
        1921    -6.56368     -6.7389  0.00220941
        1922    -6.56323    -6.73881  0.00221015
        1923    -6.56323    -6.73872  0.00221089
        1924    -6.56292    -6.73863  0.00221163
        1925     -6.5616    -6.73853  0.00221239
        1926      -6.562    -6.73844  0.00221314
        1927    -6.56269    -6.73835  0.00221387
        1928    -6.56128    -6.73826  0.00221462
        1929    -6.56272    -6.73817  0.00221535
        1930    -6.56308    -6.73808  0.00221605
        1931    -6.56265    -6.73799  0.00221677
        1932    -6.56088    -6.73789  0.00221751
        1933    -6.56337     -6.7378   0.0022182
        1934    -6.56405    -6.73771  0.00221888
        1935    -6.56356    -6.73762  0.00221955
        1936    -6.56425    -6.73753  0.00222021
        1937    -6.56399    -6.73744  0.00222087
        1938    -6.56366    -6.73736  0.00222154
        1939    -6.56366    -6.73727   0.0022222
        1940    -6.56345    -6.73718  0.00222286
        1941    -6.56316    -6.73709  0.00222352
        1942    -6.56329      -6.737  0.00222418
        1943    -6.56398    -6.73691  0.00222481
        1944    -6.56432    -6.73682  0.00222544
        1945    -6.56529    -6.73673  0.00222604
        1946    -6.56536    -6.73664  0.00222664
        1947    -6.56608    -6.73656  0.00222722
        1948    -6.56582    -6.73647   0.0022278
        1949    -6.56655    -6.73638  0.00222836
        1950    -6.56806    -6.73629  0.00222889
        1951    -6.56746    -6.73621  0.00222943
        1952    -6.56596    -6.73612  0.00222999
        1953    -6.56529    -6.73603  0.00223056
        1954    -6.56405    -6.73594  0.00223116
        1955    -6.56256    -6.73586  0.00223178
        1956    -6.56194    -6.73577  0.00223241
        1957    -6.56169    -6.73568  0.00223304
        1958    -6.56129    -6.73559  0.00223367
        1959    -6.56102     -6.7355  0.00223431
        1960    -6.56155    -6.73541  0.00223493
        1961    -6.56015    -6.73532  0.00223558
        1962    -6.55944    -6.73523  0.00223623
        1963    -6.56072    -6.73514  0.00223686
        1964    -6.56012    -6.73505   0.0022375
        1965    -6.55824    -6.73496  0.00223817
        1966    -6.55655    -6.73487  0.00223887
        1967    -6.55794    -6.73478  0.00223954
        1968    -6.55468    -6.73469  0.00224027
        1969     -6.5562     -6.7346  0.00224096
        1970    -6.55727    -6.73451  0.00224163
        1971    -6.55768    -6.73442  0.00224229
        1972    -6.55785    -6.73433  0.00224294
        1973    -6.55847    -6.73424  0.00224357
        1974    -6.55762    -6.73415  0.00224422
        1975    -6.55917    -6.73406  0.00224483
        1976    -6.55734    -6.73398  0.00224548
        1977    -6.55687    -6.73389  0.00224613
        1978    -6.55783     -6.7338  0.00224675
        1979    -6.55798    -6.73371  0.00224737
        1980    -6.55761    -6.73362    0.002248
        1981    -6.55654    -6.73353  0.00224864
        1982    -6.55674    -6.73344  0.00224927
        1983    -6.55707    -6.73335   0.0022499
        1984    -6.55659    -6.73326  0.00225053
        1985    -6.55504    -6.73317  0.00225118
        1986    -6.55492    -6.73308  0.00225184
        1987    -6.55485    -6.73299  0.00225249
        1988    -6.55563     -6.7329  0.00225312
        1989    -6.55449    -6.73281  0.00225378
        1990    -6.55304    -6.73272  0.00225445
        1991    -6.55319    -6.73263  0.00225512
        1992    -6.55265    -6.73254   0.0022558
        1993      -6.553    -6.73245  0.00225647
        1994    -6.55341    -6.73236  0.00225712
        1995    -6.55198    -6.73227   0.0022578
        1996      -6.551    -6.73218   0.0022585
        1997     -6.5515    -6.73209  0.00225918
        1998    -6.55017      -6.732  0.00225988
        1999    -6.54888    -6.73191   0.0022606
        2000    -6.54896    -6.73182  0.00226132
        2001    -6.54926    -6.73173  0.00226203
        2002    -6.54962    -6.73164  0.00226273
        2003    -6.54813    -6.73154  0.00226346
        2004    -6.55038    -6.73145  0.00226413
        2005    -6.55126    -6.73136  0.00226479
        2006    -6.55173    -6.73127  0.00226543
        2007    -6.55294    -6.73119  0.00226604
        2008    -6.55426     -6.7311  0.00226662
        2009    -6.55463    -6.73101   0.0022672
        2010    -6.55487    -6.73092  0.00226776
        2011    -6.55476    -6.73083  0.00226833
        2012     -6.5556    -6.73075  0.00226887
        2013    -6.55488    -6.73066  0.00226942
        2014      -6.554    -6.73057  0.00226999
        2015     -6.5559    -6.73049  0.00227052
        2016     -6.5571     -6.7304  0.00227102
        2017    -6.55729    -6.73031  0.00227152
        2018    -6.55796    -6.73023    0.002272
        2019    -6.55843    -6.73014  0.00227246
        2020    -6.55645    -6.73006  0.00227296
        2021    -6.55756    -6.72997  0.00227344
        2022     -6.5595    -6.72989  0.00227388
        2023     -6.5599     -6.7298  0.00227431
        2024    -6.55937    -6.72972  0.00227474
        2025    -6.55868    -6.72963  0.00227519
        2026    -6.55852    -6.72955  0.00227563
        2027    -6.55971    -6.72947  0.00227605
        2028    -6.55745    -6.72938  0.00227651
        2029    -6.55658     -6.7293  0.00227698
        2030    -6.55778    -6.72921  0.00227742
        2031    -6.55799    -6.72913  0.00227786
        2032    -6.55575    -6.72904  0.00227834
        2033    -6.55513    -6.72896  0.00227882
        2034    -6.55494    -6.72887  0.00227931
        2035    -6.55576    -6.72879  0.00227978
        2036    -6.55536     -6.7287  0.00228025
        2037    -6.55666    -6.72862  0.00228069
        2038    -6.55646    -6.72853  0.00228114
        2039    -6.55754    -6.72845  0.00228156
        2040     -6.5575    -6.72836  0.00228198
        2041    -6.55831    -6.72828  0.00228238
        2042    -6.55829     -6.7282  0.00228278
        2043     -6.5563    -6.72811  0.00228321
        2044    -6.55548    -6.72803  0.00228366
        2045    -6.55437    -6.72794  0.00228412
        2046    -6.55252    -6.72786  0.00228461
        2047    -6.55095    -6.72777  0.00228513
        2048    -6.54952    -6.72769  0.00228567
        2049    -6.54892     -6.7276  0.00228622
        2050    -6.54945    -6.72751  0.00228675
        2051     -6.5497    -6.72742  0.00228728
        2052    -6.54874    -6.72734  0.00228782
        2053    -6.54601    -6.72725  0.00228841
        2054    -6.54596    -6.72716    0.002289
        2055    -6.54533    -6.72707   0.0022896
        2056      -6.545    -6.72698   0.0022902
        2057    -6.54629     -6.7269  0.00229077
        2058    -6.54634    -6.72681  0.00229133
        2059    -6.54503    -6.72672  0.00229192
        2060    -6.54459    -6.72663  0.00229251
        2061    -6.54532    -6.72654  0.00229309
        2062    -6.54504    -6.72646  0.00229366
        2063    -6.54495    -6.72637  0.00229424
        2064    -6.54324    -6.72628  0.00229484
        2065    -6.54149    -6.72619  0.00229548
        2066    -6.54007     -6.7261  0.00229613
        2067     -6.5398    -6.72601  0.00229679
        2068    -6.53869    -6.72592  0.00229746
        2069    -6.53836    -6.72583  0.00229814
        2070    -6.53745    -6.72574  0.00229883
        2071    -6.53847    -6.72565   0.0022995
        2072     -6.5386    -6.72556  0.00230016
        2073    -6.53903    -6.72547  0.00230081
        2074    -6.54037    -6.72538  0.00230143
        2075    -6.53957    -6.72529  0.00230206
        2076    -6.53785     -6.7252  0.00230272
        2077    -6.53702    -6.72511   0.0023034
        2078    -6.53605    -6.72502  0.00230409
        2079    -6.53456    -6.72492   0.0023048
        2080    -6.53329    -6.72483  0.00230553
        2081    -6.53245    -6.72474  0.00230627
        2082    -6.53313    -6.72465    0.002307
        2083    -6.53433    -6.72456   0.0023077
        2084     -6.5345    -6.72446   0.0023084
        2085    -6.53336    -6.72437  0.00230911
        2086    -6.53281    -6.72428  0.00230983
        2087    -6.53296    -6.72419  0.00231054
        2088    -6.53422     -6.7241  0.00231122
        2089    -6.53486    -6.72401  0.00231189
        2090    -6.53521    -6.72392  0.00231255
        2091    -6.53318    -6.72383  0.00231324
        2092    -6.53322    -6.72374  0.00231393
        2093    -6.53425    -6.72364  0.00231459
        2094    -6.53539    -6.72355  0.00231523
        2095    -6.53436    -6.72346  0.00231589
        2096    -6.53407    -6.72337  0.00231655
        2097    -6.53401    -6.72328   0.0023172
        2098    -6.53406    -6.72319  0.00231785
        2099     -6.5339     -6.7231   0.0023185
        2100    -6.53281    -6.72301  0.00231917
        2101    -6.53205    -6.72292  0.00231984
        2102    -6.53234    -6.72283  0.00232051
        2103    -6.53158    -6.72274  0.00232119
        2104    -6.53018    -6.72265  0.00232189
        2105    -6.52921    -6.72256   0.0023226
        2106    -6.52886    -6.72246  0.00232332
        2107    -6.52995    -6.72237  0.00232402
        2108    -6.53024    -6.72228   0.0023247
        2109    -6.52913    -6.72219   0.0023254
        2110     -6.5298     -6.7221  0.00232609
        2111    -6.52876    -6.72201  0.00232679
        2112    -6.52963    -6.72192  0.00232747
        2113    -6.52877    -6.72183  0.00232816
        2114    -6.52874    -6.72173  0.00232885
        2115    -6.52798    -6.72164  0.00232955
        2116     -6.5269    -6.72155  0.00233027
        2117    -6.52738    -6.72146  0.00233097
        2118    -6.52645    -6.72137  0.00233169
        2119    -6.52584    -6.72127  0.00233241
        2120    -6.52687    -6.72118  0.00233311
        2121    -6.52718    -6.72109  0.00233381
        2122    -6.52744      -6.721  0.00233449
        2123    -6.52704    -6.72091  0.00233518
        2124    -6.52629    -6.72082  0.00233587
        2125    -6.52663    -6.72073  0.00233656
        2126    -6.52566    -6.72063  0.00233726
        2127    -6.52624    -6.72054  0.00233795
        2128    -6.52635    -6.72045  0.00233863
        2129    -6.52672    -6.72036   0.0023393
        2130    -6.52667    -6.72027  0.00233997
        2131    -6.52856    -6.72018   0.0023406
        2132    -6.52925    -6.72009  0.00234122
        2133    -6.53131       -6.72  0.00234179
        2134    -6.53086    -6.71991  0.00234237
        2135    -6.53036    -6.71982  0.00234296
        2136    -6.53087    -6.71974  0.00234353
        2137    -6.53036    -6.71965  0.00234411
        2138    -6.53031    -6.71956  0.00234468
        2139    -6.53073    -6.71947  0.00234525
        2140    -6.52991    -6.71938  0.00234582
        2141    -6.52747    -6.71929  0.00234644
        2142    -6.52787     -6.7192  0.00234705
        2143    -6.52892    -6.71911  0.00234763
        2144    -6.53027    -6.71903  0.00234819
        2145    -6.52888    -6.71894  0.00234876
        2146    -6.52781    -6.71885  0.00234936
        2147    -6.52615    -6.71876  0.00234998
        2148    -6.52611    -6.71867  0.00235059
        2149    -6.52633    -6.71858   0.0023512
        2150    -6.52762    -6.71849  0.00235179
        2151    -6.52733     -6.7184  0.00235237
        2152    -6.52703    -6.71831  0.00235296
        2153    -6.52732    -6.71822  0.00235354
        2154    -6.52658    -6.71813  0.00235413
        2155    -6.52599    -6.71805  0.00235472
        2156    -6.52553    -6.71796  0.00235532
        2157    -6.52424    -6.71787  0.00235594
        2158    -6.52565    -6.71778  0.00235653
        2159    -6.52776    -6.71769  0.00235708
        2160    -6.52668     -6.7176  0.00235765
        2161    -6.52938    -6.71751  0.00235817
        2162    -6.52982    -6.71743  0.00235868
        2163    -6.53131    -6.71734  0.00235915
        2164    -6.53025    -6.71725  0.00235965
        2165    -6.53136    -6.71717  0.00236012
        2166    -6.53233    -6.71708  0.00236057
        2167    -6.53026      -6.717  0.00236106
        2168    -6.52863    -6.71691  0.00236157
        2169    -6.52898    -6.71682  0.00236207
        2170    -6.52633    -6.71674  0.00236261
        2171    -6.52695    -6.71665  0.00236314
        2172      -6.526    -6.71656  0.00236368
        2173    -6.52642    -6.71647  0.00236421
        2174    -6.52683    -6.71639  0.00236473
        2175    -6.52523     -6.7163  0.00236528
        2176    -6.52618    -6.71621   0.0023658
        2177    -6.52788    -6.71612   0.0023663
        2178    -6.52761    -6.71604  0.00236679
        2179    -6.52709    -6.71595  0.00236729
        2180    -6.52754    -6.71586  0.00236779
        2181    -6.52616    -6.71578   0.0023683
        2182     -6.5277    -6.71569  0.00236878
        2183    -6.52792     -6.7156  0.00236926
        2184    -6.52508    -6.71552  0.00236978
        2185    -6.52326    -6.71543  0.00237033
        2186    -6.52437    -6.71534  0.00237085
        2187    -6.52509    -6.71526  0.00237136
        2188    -6.52506    -6.71517  0.00237187
        2189    -6.52238    -6.71508  0.00237242
        2190     -6.5208    -6.71499    0.002373
        2191    -6.52119     -6.7149  0.00237356
        2192    -6.52017    -6.71481  0.00237414
        2193    -6.51876    -6.71472  0.00237474
        2194     -6.5187    -6.71464  0.00237534
        2195    -6.51832    -6.71455  0.00237594
        2196    -6.51781    -6.71446  0.00237655
        2197    -6.51607    -6.71437  0.00237718
        2198     -6.5167    -6.71428   0.0023778
        2199    -6.51504    -6.71419  0.00237844
        2200     -6.5135    -6.71409  0.00237911
        2201    -6.51454      -6.714  0.00237976
        2202    -6.51307    -6.71391  0.00238043
        2203    -6.51293    -6.71382  0.00238109
        2204      -6.513    -6.71373  0.00238175
        2205    -6.51181    -6.71364  0.00238243
        2206     -6.5093    -6.71355  0.00238315
        2207    -6.50948    -6.71345  0.00238387
        2208     -6.5085    -6.71336  0.00238459
        2209    -6.50837    -6.71327  0.00238532
        2210    -6.50748    -6.71317  0.00238606
        2211    -6.50705    -6.71308   0.0023868
        2212    -6.50771    -6.71299  0.00238752
        2213    -6.50675     -6.7129  0.00238826
        2214     -6.5079     -6.7128  0.00238898
        2215    -6.50807    -6.71271  0.00238969
        2216    -6.50778    -6.71262   0.0023904
        2217    -6.50826    -6.71253   0.0023911
        2218    -6.50844    -6.71243  0.00239179
        2219    -6.50752    -6.71234  0.00239249
        2220    -6.50667    -6.71225  0.00239321
        2221    -6.50757    -6.71216   0.0023939
        2222    -6.50691    -6.71206  0.00239461
        2223    -6.50731    -6.71197   0.0023953
        2224    -6.50651    -6.71188  0.00239601
        2225    -6.50506    -6.71179  0.00239673
        2226    -6.50474    -6.71169  0.00239746
        2227    -6.50408     -6.7116  0.00239819
        2228     -6.5029    -6.71151  0.00239895
        2229    -6.50226    -6.71141  0.00239971
        2230    -6.50204    -6.71132  0.00240047
        2231    -6.50006    -6.71122  0.00240126
        2232    -6.49904    -6.71113  0.00240206
        2233    -6.49996    -6.71103  0.00240285
        2234     -6.4991    -6.71094  0.00240364
        2235     -6.4973    -6.71084  0.00240447
        2236    -6.49635    -6.71075  0.00240531
        2237    -6.49489    -6.71065  0.00240617
        2238    -6.49543    -6.71056  0.00240701
        2239    -6.49651    -6.71046  0.00240783
        2240    -6.49741    -6.71037  0.00240864
        2241    -6.49575    -6.71027  0.00240947
        2242    -6.49526    -6.71017   0.0024103
        2243    -6.49855    -6.71008  0.00241107
        2244    -6.49955    -6.70999  0.00241182
        2245    -6.49989    -6.70989  0.00241256
        2246    -6.49907     -6.7098  0.00241331
        2247    -6.49885     -6.7097  0.00241406
        2248    -6.50038    -6.70961  0.00241478
        2249    -6.49973    -6.70952  0.00241551
        2250    -6.50028    -6.70942  0.00241623
        2251    -6.49915    -6.70933  0.00241696
        2252    -6.49914    -6.70924  0.00241769
        2253    -6.49962    -6.70914  0.00241841
        2254    -6.49931    -6.70905  0.00241912
        2255     -6.4989    -6.70896  0.00241985
        2256    -6.49776    -6.70886  0.00242058
        2257     -6.4981    -6.70877  0.00242131
        2258     -6.4963    -6.70868  0.00242207
        2259    -6.49618    -6.70858  0.00242282
        2260     -6.4967    -6.70849  0.00242356
        2261    -6.49632     -6.7084  0.00242431
        2262     -6.4968     -6.7083  0.00242504
        2263    -6.49424    -6.70821  0.00242581
        2264    -6.49388    -6.70811  0.00242659
        2265    -6.49214    -6.70802  0.00242739
        2266    -6.49203    -6.70792  0.00242819
        2267    -6.49133    -6.70783  0.00242899
        2268    -6.49114    -6.70773   0.0024298
        2269    -6.49127    -6.70764   0.0024306
        2270    -6.48916    -6.70754  0.00243144
        2271    -6.48735    -6.70744   0.0024323
        2272    -6.48622    -6.70735  0.00243318
        2273    -6.48514    -6.70725  0.00243407
        2274    -6.48688    -6.70715  0.00243493
        2275    -6.48586    -6.70705   0.0024358
        2276    -6.48479    -6.70696  0.00243668
        2277    -6.48401    -6.70686  0.00243758
        2278    -6.48518    -6.70676  0.00243845
        2279    -6.48433    -6.70666  0.00243934
        2280    -6.48355    -6.70656  0.00244023
        2281    -6.48274    -6.70647  0.00244113
        2282    -6.48107    -6.70637  0.00244206
        2283    -6.48101    -6.70627  0.00244298
        2284    -6.48115    -6.70617   0.0024439
        2285    -6.48135    -6.70607  0.00244481
        2286    -6.47973    -6.70597  0.00244574
        2287    -6.47982    -6.70587  0.00244667
        2288    -6.48095    -6.70578  0.00244758
        2289    -6.48076    -6.70568  0.00244848
        2290    -6.48171    -6.70558  0.00244937
        2291    -6.48092    -6.70548  0.00245026
        2292    -6.48025    -6.70538  0.00245116
        2293    -6.48121    -6.70529  0.00245204
        2294    -6.48071    -6.70519  0.00245292
        2295    -6.48239    -6.70509  0.00245378
        2296    -6.48149    -6.70499  0.00245464
        2297    -6.48158     -6.7049   0.0024555
        2298    -6.48136     -6.7048  0.00245635
        2299    -6.48099     -6.7047  0.00245721
        2300    -6.47981     -6.7046  0.00245809
        2301    -6.47883    -6.70451  0.00245898
        2302    -6.47691    -6.70441   0.0024599
        2303    -6.47777    -6.70431   0.0024608
        2304    -6.47961    -6.70421  0.00246166
        2305    -6.47881    -6.70411  0.00246253
        2306    -6.47839    -6.70402  0.00246341
        2307    -6.47945    -6.70392  0.00246427
        2308    -6.47977    -6.70382  0.00246511
        2309    -6.47838    -6.70372  0.00246598
        2310    -6.47752    -6.70363  0.00246685
        2311     -6.4783    -6.70353  0.00246771
        2312    -6.47641    -6.70343   0.0024686
        2313    -6.47619    -6.70333  0.00246948
        2314     -6.4738    -6.70323  0.00247041
        2315     -6.4754    -6.70313   0.0024713
        2316    -6.47442    -6.70303  0.00247221
        2317    -6.47498    -6.70294   0.0024731
        2318    -6.47501    -6.70284  0.00247399
        2319    -6.47512    -6.70274  0.00247487
        2320    -6.47233    -6.70264  0.00247579
        2321    -6.47275    -6.70254  0.00247671
        2322     -6.4731    -6.70244  0.00247761
        2323    -6.47288    -6.70234  0.00247851
        2324    -6.47066    -6.70224  0.00247945
        2325    -6.47208    -6.70215  0.00248036
        2326    -6.47108    -6.70205  0.00248128
        2327    -6.46916    -6.70195  0.00248223
        2328    -6.46881    -6.70185  0.00248319
        2329     -6.4688    -6.70175  0.00248413
        2330    -6.46746    -6.70165   0.0024851
        2331    -6.46412    -6.70154  0.00248613
        2332    -6.46516    -6.70144  0.00248712
        2333    -6.46628    -6.70134   0.0024881
        2334     -6.4676    -6.70124  0.00248905
        2335    -6.47005    -6.70114  0.00248995
        2336    -6.46845    -6.70104  0.00249088
        2337    -6.46912    -6.70094  0.00249179
        2338       -6.47    -6.70084  0.00249268
        2339    -6.47268    -6.70075  0.00249352
        2340    -6.47301    -6.70065  0.00249435
        2341    -6.47125    -6.70055  0.00249521
        2342    -6.46913    -6.70045   0.0024961
        2343    -6.47036    -6.70035  0.00249697
        2344     -6.4689    -6.70026  0.00249786
        2345    -6.47086    -6.70016   0.0024987
        2346    -6.46954    -6.70006  0.00249957
        2347     -6.4698    -6.69996  0.00250043
        2348    -6.47026    -6.69986  0.00250128
        2349    -6.47075    -6.69977  0.00250212
        2350     -6.4682    -6.69967  0.00250299
        2351    -6.46658    -6.69957  0.00250389
        2352    -6.46651    -6.69947  0.00250478
        2353    -6.46605    -6.69937  0.00250568
        2354    -6.46675    -6.69927  0.00250657
        2355     -6.4661    -6.69917  0.00250746
        2356    -6.46563    -6.69907  0.00250835
        2357    -6.46494    -6.69897  0.00250925
        2358    -6.46435    -6.69887  0.00251016
        2359    -6.46211    -6.69877   0.0025111
        2360    -6.46356    -6.69867  0.00251202
        2361     -6.4626    -6.69857  0.00251294
        2362    -6.46171    -6.69847  0.00251388
        2363    -6.46297    -6.69837  0.00251479
        2364    -6.46155    -6.69827  0.00251572
        2365    -6.46155    -6.69817  0.00251665
        2366    -6.46273    -6.69807  0.00251755
        2367    -6.46367    -6.69798  0.00251843
        2368    -6.46254    -6.69788  0.00251933
        2369    -6.46484    -6.69778  0.00252019
        2370    -6.46431    -6.69768  0.00252105
        2371    -6.46568    -6.69758  0.00252188
        2372    -6.46652    -6.69748   0.0025227
        2373    -6.46754    -6.69739   0.0025235
        2374    -6.46748    -6.69729  0.00252429
        2375    -6.46742    -6.69719  0.00252509
        2376    -6.46519     -6.6971  0.00252591
        2377    -6.46412      -6.697  0.00252675
        2378     -6.4638     -6.6969  0.00252759
        2379    -6.46307     -6.6968  0.00252844
        2380    -6.46434     -6.6967  0.00252926
        2381    -6.46518    -6.69661  0.00253007
        2382    -6.46511    -6.69651  0.00253087
        2383    -6.46319    -6.69641   0.0025317
        2384    -6.46423    -6.69631  0.00253251
        2385     -6.4629    -6.69622  0.00253334
        2386    -6.46362    -6.69612  0.00253415
        2387    -6.46385    -6.69602  0.00253496
        2388    -6.46356    -6.69592  0.00253577
        2389    -6.46585    -6.69583  0.00253653
        2390     -6.4664    -6.69573  0.00253729
        2391    -6.46577    -6.69564  0.00253805
        2392    -6.46729    -6.69554  0.00253878
        2393    -6.46728    -6.69544  0.00253951
        2394    -6.46633    -6.69535  0.00254025
        2395    -6.46515    -6.69525  0.00254101
        2396    -6.46485    -6.69516  0.00254177
        2397     -6.4635    -6.69506  0.00254255
        2398    -6.46278    -6.69496  0.00254333
        2399    -6.46252    -6.69487  0.00254411
        2400    -6.46038    -6.69477  0.00254493
        2401    -6.46059    -6.69467  0.00254574
        2402    -6.46125    -6.69457  0.00254653
        2403    -6.46234    -6.69448  0.00254731
        2404    -6.46333    -6.69438  0.00254806
        2405    -6.46394    -6.69429   0.0025488
        2406    -6.46261    -6.69419  0.00254956
        2407    -6.46235    -6.69409  0.00255032
        2408    -6.46127      -6.694  0.00255109
        2409    -6.46234     -6.6939  0.00255185
        2410      -6.462     -6.6938   0.0025526
        2411     -6.4626    -6.69371  0.00255334
        2412    -6.46154    -6.69361   0.0025541
        2413    -6.46088    -6.69351  0.00255486
        2414    -6.46088    -6.69342  0.00255562
        2415    -6.45923    -6.69332   0.0025564
        2416    -6.45949    -6.69322  0.00255717
        2417    -6.45831    -6.69313  0.00255796
        2418    -6.45841    -6.69303  0.00255874
        2419    -6.45784    -6.69293  0.00255953
        2420    -6.45797    -6.69284  0.00256032
        2421    -6.45855    -6.69274  0.00256109
        2422    -6.45691    -6.69264  0.00256188
        2423    -6.45711    -6.69254  0.00256267
        2424    -6.45841    -6.69245  0.00256343
        2425    -6.45711    -6.69235  0.00256421
        2426     -6.4557    -6.69225    0.002565
        2427    -6.45673    -6.69216  0.00256578
        2428    -6.45625    -6.69206  0.00256657
        2429    -6.45725    -6.69196  0.00256733
        2430    -6.45878    -6.69187  0.00256806
        2431    -6.46037    -6.69177  0.00256877
        2432    -6.46005    -6.69168  0.00256948
        2433     -6.4582    -6.69158  0.00257022
        2434    -6.45565    -6.69148  0.00257099
        2435     -6.4551    -6.69139  0.00257177
        2436    -6.45452    -6.69129  0.00257255
        2437    -6.45665    -6.69119  0.00257329
        2438     -6.4552     -6.6911  0.00257406
        2439    -6.45512      -6.691  0.00257482
        2440    -6.45613     -6.6909  0.00257556
        2441    -6.45777    -6.69081  0.00257628
        2442     -6.4576    -6.69071  0.00257699
        2443      -6.457    -6.69062  0.00257771
        2444    -6.45748    -6.69052  0.00257842
        2445    -6.45677    -6.69043  0.00257914
        2446    -6.45643    -6.69033  0.00257986
        2447     -6.4569    -6.69023  0.00258057
        2448    -6.45818    -6.69014  0.00258125
        2449    -6.45694    -6.69004  0.00258196
        2450    -6.45767    -6.68995  0.00258264
        2451    -6.45941    -6.68986   0.0025833
        2452    -6.45783    -6.68976  0.00258398
        2453    -6.45855    -6.68967  0.00258465
        2454    -6.45788    -6.68957  0.00258532
        2455    -6.45822    -6.68948  0.00258598
        2456    -6.45852    -6.68938  0.00258664
        2457     -6.4588    -6.68929  0.00258729
        2458    -6.45858     -6.6892  0.00258794
        2459    -6.45896     -6.6891  0.00258858
        2460    -6.46059    -6.68901  0.00258919
        2461    -6.45881    -6.68892  0.00258983
        2462    -6.45856    -6.68882  0.00259047
        2463     -6.4584    -6.68873   0.0025911
        2464    -6.45866    -6.68864  0.00259173
        2465    -6.45909    -6.68854  0.00259235
        2466    -6.45933    -6.68845  0.00259297
        2467    -6.45891    -6.68836  0.00259359
        2468    -6.45672    -6.68826  0.00259423
        2469    -6.45553    -6.68817  0.00259489
        2470     -6.4576    -6.68808  0.00259552
        2471    -6.46026    -6.68798  0.00259611
        2472    -6.45853    -6.68789  0.00259672
        2473    -6.46013     -6.6878   0.0025973
        2474    -6.45812    -6.68771  0.00259791
        2475    -6.45792    -6.68761  0.00259852
        2476    -6.45784    -6.68752  0.00259913
        2477    -6.45745    -6.68743  0.00259974
        2478    -6.45757    -6.68733  0.00260034
        2479    -6.45801    -6.68724  0.00260094
        2480    -6.45835    -6.68715  0.00260152
        2481    -6.45731    -6.68706  0.00260212
        2482    -6.45444    -6.68696  0.00260276
        2483    -6.45292    -6.68687  0.00260342
        2484    -6.45102    -6.68677   0.0026041
        2485       -6.45    -6.68668   0.0026048
        2486     -6.4499    -6.68658  0.00260549
        2487    -6.45008    -6.68649  0.00260618
        2488    -6.44898    -6.68639  0.00260688
        2489    -6.44883     -6.6863  0.00260758
        2490    -6.44793     -6.6862  0.00260829
        2491    -6.44718    -6.68611  0.00260901
        2492    -6.44733    -6.68601  0.00260972
        2493     -6.4467    -6.68591  0.00261044
        2494     -6.4474    -6.68582  0.00261114
        2495      -6.448    -6.68572  0.00261183
        2496    -6.44816    -6.68563  0.00261252
        2497    -6.44841    -6.68553   0.0026132
        2498    -6.44725    -6.68544  0.00261389
        2499    -6.44579    -6.68534  0.00261461
        2500     -6.4449    -6.68524  0.00261533
        2501    -6.44422    -6.68515  0.00261606
        2502    -6.44344    -6.68505   0.0026168
        2503     -6.4425    -6.68495  0.00261754
        2504    -6.44282    -6.68486  0.00261828
        2505    -6.44224    -6.68476  0.00261903
        2506    -6.44174    -6.68466  0.00261978
        2507    -6.44104    -6.68457  0.00262054
        2508    -6.44132    -6.68447  0.00262129
        2509    -6.44109    -6.68437  0.00262204
        2510    -6.44089    -6.68428  0.00262278
        2511    -6.44419    -6.68418  0.00262348
        2512    -6.44545    -6.68409  0.00262416
        2513    -6.44258    -6.68399  0.00262487
        2514    -6.44088    -6.68389  0.00262561
        2515    -6.44267     -6.6838  0.00262632
        2516    -6.44277     -6.6837  0.00262702
        2517    -6.44245    -6.68361  0.00262772
        2518    -6.44231    -6.68351  0.00262843
        2519    -6.44215    -6.68341  0.00262913
        2520    -6.44402    -6.68332   0.0026298
        2521    -6.44274    -6.68322  0.00263049
        2522    -6.44239    -6.68313  0.00263118
        2523     -6.4399    -6.68303   0.0026319
        2524    -6.43625    -6.68293  0.00263267
        2525    -6.43661    -6.68284  0.00263344
        2526    -6.43727    -6.68274  0.00263419
        2527    -6.43703    -6.68264  0.00263494
        2528    -6.43805    -6.68254  0.00263568
        2529    -6.43797    -6.68245  0.00263641
        2530    -6.43691    -6.68235  0.00263715
        2531    -6.43668    -6.68225  0.00263789
        2532    -6.43561    -6.68216  0.00263865
        2533    -6.43549    -6.68206   0.0026394
        2534    -6.43477    -6.68196  0.00264017
        2535    -6.43552    -6.68186  0.00264091
        2536    -6.43887    -6.68177  0.00264161
        2537    -6.43806    -6.68167  0.00264232
        2538    -6.43772    -6.68158  0.00264302
        2539    -6.43535    -6.68148  0.00264376
        2540    -6.43501    -6.68138   0.0026445
        2541    -6.43445    -6.68129  0.00264524
        2542    -6.43232    -6.68119  0.00264602
        2543    -6.43255    -6.68109  0.00264678
        2544    -6.43202    -6.68099  0.00264755
        2545    -6.43257    -6.68089  0.00264831
        2546    -6.43268     -6.6808  0.00264906
        2547    -6.43297     -6.6807  0.00264981
        2548    -6.43406     -6.6806  0.00265054
        2549    -6.43513    -6.68051  0.00265125
        2550    -6.43566    -6.68041  0.00265194
        2551    -6.43709    -6.68031  0.00265262
        2552    -6.43608    -6.68022  0.00265331
        2553    -6.43565    -6.68012  0.00265399
        2554    -6.43363    -6.68003  0.00265471
        2555    -6.43547    -6.67993   0.0026554
        2556    -6.43489    -6.67983  0.00265609
        2557    -6.43535    -6.67974  0.00265677
        2558    -6.43671    -6.67964  0.00265743
        2559    -6.43706    -6.67955  0.00265808
        2560     -6.4369    -6.67945  0.00265873
        2561    -6.43905    -6.67936  0.00265935
        2562    -6.43819    -6.67927  0.00265998
        2563    -6.43813    -6.67917   0.0026606
        2564    -6.43855    -6.67908  0.00266122
        2565    -6.43782    -6.67898  0.00266184
        2566    -6.43946    -6.67889  0.00266244
        2567    -6.44005     -6.6788  0.00266303
        2568    -6.44244    -6.67871  0.00266358
        2569    -6.44263    -6.67861  0.00266413
        2570    -6.44168    -6.67852  0.00266469
        2571    -6.44044    -6.67843  0.00266526
        2572    -6.44224    -6.67834  0.00266581
        2573     -6.4436    -6.67825  0.00266633
        2574    -6.44114    -6.67815  0.00266689
        2575    -6.44041    -6.67806  0.00266745
        2576    -6.43941    -6.67797  0.00266802
        2577    -6.43901    -6.67788   0.0026686
        2578    -6.43766    -6.67778  0.00266919
        2579    -6.43624    -6.67769   0.0026698
        2580    -6.43571     -6.6776  0.00267041
        2581    -6.43508     -6.6775  0.00267103
        2582    -6.43699    -6.67741  0.00267162
        2583    -6.43729    -6.67732   0.0026722
        2584    -6.43606    -6.67722  0.00267279
        2585    -6.43755    -6.67713  0.00267337
        2586     -6.4356    -6.67704  0.00267397
        2587    -6.43461    -6.67694  0.00267457
        2588    -6.43568    -6.67685  0.00267516
        2589    -6.43468    -6.67676  0.00267577
        2590    -6.43513    -6.67666  0.00267636
        2591    -6.43501    -6.67657  0.00267695
        2592    -6.43483    -6.67648  0.00267754
        2593    -6.43385    -6.67638  0.00267814
        2594     -6.4349    -6.67629  0.00267873
        2595    -6.43267     -6.6762  0.00267934
        2596    -6.43132     -6.6761  0.00267997
        2597    -6.43095    -6.67601   0.0026806
        2598    -6.43026    -6.67591  0.00268123
        2599    -6.43021    -6.67582  0.00268187
        2600    -6.43024    -6.67572   0.0026825
        2601    -6.43063    -6.67563  0.00268312
        2602    -6.42868    -6.67553  0.00268377
        2603    -6.42964    -6.67544   0.0026844
        2604    -6.42903    -6.67535  0.00268504
        2605    -6.42733    -6.67525  0.00268569
        2606    -6.42934    -6.67516  0.00268632
        2607    -6.43027    -6.67506  0.00268693
        2608    -6.42927    -6.67497  0.00268755
        2609    -6.42794    -6.67487  0.00268819
        2610    -6.43054    -6.67478  0.00268879
        2611    -6.43297    -6.67469  0.00268936
        2612    -6.42976    -6.67459  0.00268996
        2613    -6.42832     -6.6745  0.00269058
        2614    -6.42878     -6.6744  0.00269119
        2615    -6.43041    -6.67431  0.00269178
        2616    -6.42991    -6.67422  0.00269237
        2617    -6.42964    -6.67412  0.00269297
        2618    -6.42631    -6.67403   0.0026936
        2619    -6.42598    -6.67394  0.00269424
        2620    -6.42423    -6.67384  0.00269489
        2621    -6.42287    -6.67374  0.00269557
        2622    -6.42099    -6.67365  0.00269626
        2623    -6.42072    -6.67355  0.00269696
        2624    -6.42182    -6.67346  0.00269764
        2625    -6.42093    -6.67336  0.00269832
        2626     -6.4186    -6.67326  0.00269904
        2627    -6.41803    -6.67316  0.00269976
        2628    -6.41831    -6.67307  0.00270047
        2629    -6.41798    -6.67297  0.00270119
        2630    -6.41911    -6.67287  0.00270188
        2631    -6.41928    -6.67278  0.00270258
        2632    -6.41914    -6.67268  0.00270327
        2633    -6.41861    -6.67259  0.00270396
        2634    -6.42006    -6.67249  0.00270463
        2635    -6.41936    -6.67239  0.00270531
        2636    -6.41964     -6.6723  0.00270599
        2637    -6.41948     -6.6722  0.00270666
        2638    -6.41822    -6.67211  0.00270734
        2639    -6.42078    -6.67201  0.00270799
        2640    -6.42095    -6.67191  0.00270864
        2641    -6.41821    -6.67182  0.00270931
        2642    -6.41799    -6.67172  0.00270999
        2643    -6.41585    -6.67163  0.00271069
        2644    -6.41552    -6.67153   0.0027114
        2645    -6.41795    -6.67143  0.00271207
        2646    -6.41783    -6.67134  0.00271274
        2647    -6.41823    -6.67124   0.0027134
        2648    -6.41775    -6.67115  0.00271406
        2649     -6.4178    -6.67105  0.00271472
        2650    -6.41781    -6.67095  0.00271538
        2651    -6.41751    -6.67086  0.00271603
        2652    -6.41514    -6.67076  0.00271672
        2653    -6.41556    -6.67067   0.0027174
        2654    -6.41233    -6.67057  0.00271812
        2655    -6.41234    -6.67047  0.00271884
        2656    -6.41202    -6.67037  0.00271955
        2657    -6.41235    -6.67028  0.00272026
        2658     -6.4123    -6.67018  0.00272097
        2659    -6.41149    -6.67008  0.00272168
        2660    -6.41186    -6.66999  0.00272239
        2661    -6.41246    -6.66989  0.00272309
        2662    -6.41385    -6.66979  0.00272376
        2663    -6.41276     -6.6697  0.00272445
        2664    -6.41283     -6.6696  0.00272513
        2665    -6.41364     -6.6695   0.0027258
        2666    -6.41304    -6.66941  0.00272648
        2667    -6.41429    -6.66931  0.00272713
        2668    -6.41512    -6.66922  0.00272777
        2669    -6.41525    -6.66912  0.00272841
        2670    -6.41294    -6.66903  0.00272908
        2671    -6.41214    -6.66893  0.00272975
        2672    -6.41165    -6.66883  0.00273042
        2673    -6.41216    -6.66874  0.00273109
        2674    -6.41276    -6.66864  0.00273175
        2675    -6.41304    -6.66855   0.0027324
        2676    -6.41245    -6.66845  0.00273305
        2677    -6.40984    -6.66835  0.00273374
        2678    -6.40831    -6.66826  0.00273444
        2679    -6.41086    -6.66816  0.00273511
        2680    -6.41043    -6.66806  0.00273578
        2681    -6.40998    -6.66797  0.00273645
        2682    -6.40954    -6.66787  0.00273712
        2683    -6.40897    -6.66778   0.0027378
        2684    -6.40892    -6.66768  0.00273848
        2685    -6.40973    -6.66758  0.00273915
        2686     -6.4102    -6.66749   0.0027398
        2687    -6.40921    -6.66739  0.00274047
        2688    -6.40877    -6.66729  0.00274114
        2689    -6.40995     -6.6672  0.00274179
        2690    -6.41018     -6.6671  0.00274243
        2691    -6.40812    -6.66701   0.0027431
        2692    -6.40614    -6.66691   0.0027438
        2693    -6.40455    -6.66681  0.00274451
        2694    -6.40197    -6.66671  0.00274525
        2695    -6.40018    -6.66662  0.00274601
        2696    -6.40111    -6.66652  0.00274676
        2697     -6.4008    -6.66642   0.0027475
        2698    -6.39946    -6.66632  0.00274827
        2699     -6.3997    -6.66622  0.00274902
        2700    -6.39794    -6.66612   0.0027498
        2701    -6.39904    -6.66602  0.00275056
        2702    -6.39791    -6.66592  0.00275133
        2703    -6.39982    -6.66582  0.00275207
        2704    -6.39911    -6.66573  0.00275282
        2705    -6.39955    -6.66563  0.00275356
        2706    -6.39753    -6.66553  0.00275433
        2707    -6.39755    -6.66543  0.00275509
        2708     -6.3956    -6.66533  0.00275587
        2709    -6.39493    -6.66523  0.00275666
        2710     -6.3928    -6.66513  0.00275748
        2711    -6.39417    -6.66503  0.00275827
        2712    -6.39103    -6.66493   0.0027591
        2713    -6.38998    -6.66483  0.00275995
        2714    -6.38565    -6.66472  0.00276085
        2715    -6.38559    -6.66462  0.00276174
        2716    -6.38704    -6.66452  0.00276262
        2717    -6.38677    -6.66442  0.00276349
        2718    -6.38497    -6.66431  0.00276439
        2719    -6.38697    -6.66421  0.00276525
        2720    -6.38607    -6.66411  0.00276612
        2721    -6.38688    -6.66401  0.00276698
        2722    -6.38649    -6.66391  0.00276784
        2723    -6.38738     -6.6638  0.00276869
        2724    -6.38669     -6.6637  0.00276954
        2725    -6.38784     -6.6636  0.00277038
        2726    -6.38791     -6.6635   0.0027712
        2727    -6.38951     -6.6634  0.00277201
        2728    -6.38943     -6.6633  0.00277281
        2729    -6.39104     -6.6632  0.00277359
        2730    -6.39122     -6.6631  0.00277436
        2731    -6.38927      -6.663  0.00277516
        2732    -6.38739     -6.6629  0.00277598
        2733    -6.38811     -6.6628  0.00277678
        2734    -6.39003     -6.6627  0.00277756
        2735    -6.38823     -6.6626  0.00277835
        2736    -6.38883     -6.6625  0.00277914
        2737       -6.39     -6.6624  0.00277991
        2738    -6.38787     -6.6623   0.0027807
        2739    -6.38499     -6.6622  0.00278153
        2740    -6.38542     -6.6621  0.00278234
        2741    -6.38549      -6.662  0.00278316
        2742    -6.38562    -6.66189  0.00278397
        2743    -6.38423    -6.66179  0.00278479
        2744    -6.38366    -6.66169  0.00278562
        2745    -6.38161    -6.66159  0.00278647
        2746    -6.37885    -6.66149  0.00278736
        2747      -6.379    -6.66138  0.00278824
        2748     -6.3797    -6.66128  0.00278911
        2749    -6.37908    -6.66118  0.00278999
        2750    -6.38006    -6.66108  0.00279084
        2751    -6.37929    -6.66097  0.00279171
        2752    -6.37872    -6.66087  0.00279258
        2753    -6.37812    -6.66077  0.00279345
        2754    -6.37768    -6.66067  0.00279433
        2755    -6.37779    -6.66056   0.0027952
        2756    -6.37839    -6.66046  0.00279606
        2757    -6.37907    -6.66036  0.00279691
        2758    -6.38134    -6.66026  0.00279772
        2759    -6.38327    -6.66016  0.00279851
        2760    -6.38474    -6.66006  0.00279927
        2761    -6.38423    -6.65996  0.00280004
        2762    -6.38325    -6.65986  0.00280082
        2763    -6.38484    -6.65976  0.00280157
        2764    -6.38367    -6.65966  0.00280234
        2765    -6.38323    -6.65956  0.00280311
        2766    -6.38253    -6.65946  0.00280389
        2767    -6.38232    -6.65936  0.00280466
        2768    -6.38265    -6.65926  0.00280543
        2769    -6.38225    -6.65916   0.0028062
        2770    -6.38352    -6.65906  0.00280695
        2771    -6.38338    -6.65896   0.0028077
        2772    -6.38462    -6.65886  0.00280843
        2773    -6.38582    -6.65876  0.00280914
        2774    -6.38546    -6.65866  0.00280986
        2775    -6.38445    -6.65856  0.00281058
        2776      -6.386    -6.65847  0.00281128
        2777    -6.38777    -6.65837  0.00281196
        2778    -6.38723    -6.65827  0.00281264
        2779    -6.38787    -6.65817  0.00281331
        2780    -6.38552    -6.65808  0.00281401
        2781    -6.38484    -6.65798  0.00281471
        2782    -6.38367    -6.65788  0.00281543
        2783    -6.38338    -6.65778  0.00281614
        2784    -6.38341    -6.65768  0.00281685
        2785     -6.3835    -6.65758  0.00281756
        2786    -6.38272    -6.65748  0.00281828
        2787    -6.38175    -6.65739    0.002819
        2788    -6.37936    -6.65729  0.00281975
        2789    -6.38065    -6.65719  0.00282049
        2790    -6.38181    -6.65709   0.0028212
        2791    -6.38086    -6.65699  0.00282193
        2792    -6.38052    -6.65689  0.00282265
        2793    -6.37953    -6.65679  0.00282339
        2794    -6.37838    -6.65669  0.00282414
        2795    -6.37996    -6.65659  0.00282486
        2796    -6.37901    -6.65649   0.0028256
        2797    -6.37801    -6.65639  0.00282634
        2798    -6.37652    -6.65629   0.0028271
        2799    -6.37535    -6.65619  0.00282787
        2800    -6.37322    -6.65609  0.00282866
        2801    -6.37302    -6.65599  0.00282946
        2802    -6.37256    -6.65589  0.00283026
        2803    -6.37265    -6.65579  0.00283105
        2804    -6.37235    -6.65569  0.00283184
        2805    -6.37168    -6.65559  0.00283264
        2806    -6.37114    -6.65548  0.00283345
        2807    -6.37151    -6.65538  0.00283424
        2808    -6.37154    -6.65528  0.00283504
        2809    -6.37172    -6.65518  0.00283582
        2810    -6.37177    -6.65508  0.00283661
        2811    -6.37153    -6.65498  0.00283739
        2812    -6.37144    -6.65488  0.00283817
        2813    -6.37248    -6.65478  0.00283894
        2814    -6.37251    -6.65468   0.0028397
        2815    -6.37043    -6.65458  0.00284049
        2816    -6.36882    -6.65448  0.00284129
        2817    -6.37137    -6.65438  0.00284206
        2818    -6.36936    -6.65427  0.00284285
        2819    -6.36986    -6.65417  0.00284363
        2820     -6.3683    -6.65407  0.00284443
        2821    -6.36753    -6.65397  0.00284524
        2822    -6.36917    -6.65387  0.00284602
        2823     -6.3683    -6.65377  0.00284681
        2824    -6.36898    -6.65367  0.00284758
        2825    -6.36959    -6.65357  0.00284835
        2826    -6.36935    -6.65347  0.00284912
        2827    -6.36938    -6.65337  0.00284988
        2828    -6.36708    -6.65326  0.00285067
        2829    -6.36339    -6.65316   0.0028515
        2830    -6.36387    -6.65306  0.00285233
        2831    -6.36461    -6.65296  0.00285314
        2832    -6.36404    -6.65286  0.00285396
        2833    -6.36314    -6.65275  0.00285478
        2834    -6.36189    -6.65265  0.00285562
        2835    -6.36136    -6.65255  0.00285646
        2836    -6.36063    -6.65245   0.0028573
        2837    -6.35914    -6.65234  0.00285817
        2838    -6.35788    -6.65224  0.00285904
        2839    -6.35674    -6.65213  0.00285993
        2840    -6.35477    -6.65203  0.00286084
        2841    -6.35777    -6.65193  0.00286171
        2842    -6.35783    -6.65182  0.00286257
        2843    -6.35911    -6.65172  0.00286341
        2844    -6.35904    -6.65162  0.00286426
        2845    -6.35809    -6.65151  0.00286511
        2846    -6.35793    -6.65141  0.00286596
        2847    -6.35747    -6.65131  0.00286681
        2848     -6.3576     -6.6512  0.00286766
        2849    -6.35627     -6.6511  0.00286852
        2850    -6.35437      -6.651   0.0028694
        2851    -6.35349    -6.65089  0.00287029
        2852    -6.35056    -6.65079  0.00287121
        2853    -6.35034    -6.65068  0.00287214
        2854    -6.35057    -6.65058  0.00287306
        2855    -6.35362    -6.65047  0.00287393
        2856    -6.35447    -6.65037  0.00287479
        2857     -6.3563    -6.65027  0.00287563
        2858    -6.35494    -6.65016  0.00287648
        2859    -6.35382    -6.65006  0.00287734
        2860    -6.35275    -6.64995  0.00287821
        2861    -6.35015    -6.64985  0.00287911
        2862    -6.35043    -6.64975  0.00288001
        2863    -6.35089    -6.64964  0.00288089
        2864    -6.35218    -6.64954  0.00288176
        2865    -6.35342    -6.64943  0.00288261
        2866    -6.35453    -6.64933  0.00288344
        2867    -6.35622    -6.64923  0.00288424
        2868    -6.35455    -6.64913  0.00288507
        2869    -6.35313    -6.64902   0.0028859
        2870    -6.35239    -6.64892  0.00288675
        2871      -6.352    -6.64882   0.0028876
        2872    -6.35248    -6.64871  0.00288843
        2873    -6.35219    -6.64861  0.00288927
        2874     -6.3521    -6.64851  0.00289011
        2875    -6.35027     -6.6484  0.00289096
        2876    -6.34846     -6.6483  0.00289184
        2877    -6.34656    -6.64819  0.00289273
        2878     -6.3464    -6.64809  0.00289363
        2879    -6.34697    -6.64798  0.00289451
        2880    -6.34437    -6.64788  0.00289543
        2881     -6.3446    -6.64777  0.00289634
        2882    -6.34572    -6.64767  0.00289723
        2883     -6.3445    -6.64756  0.00289813
        2884    -6.34375    -6.64746  0.00289904
        2885    -6.34144    -6.64735  0.00289997
        2886    -6.34038    -6.64725  0.00290092
        2887    -6.33852    -6.64714  0.00290188
        2888    -6.33897    -6.64703  0.00290284
        2889    -6.33891    -6.64693  0.00290379
        2890    -6.33728    -6.64682  0.00290477
        2891     -6.3369    -6.64671  0.00290574
        2892    -6.33521     -6.6466  0.00290673
        2893    -6.33551     -6.6465  0.00290771
        2894    -6.33527    -6.64639   0.0029087
        2895    -6.33508    -6.64628  0.00290968
        2896    -6.33393    -6.64617  0.00291067
        2897    -6.33326    -6.64606  0.00291167
        2898    -6.33083    -6.64596   0.0029127
        2899    -6.33093    -6.64585  0.00291372
        2900    -6.33011    -6.64574  0.00291475
        2901    -6.32931    -6.64563  0.00291578
        2902    -6.33186    -6.64552  0.00291678
        2903    -6.33474    -6.64541  0.00291774
        2904    -6.33462    -6.64531   0.0029187
        2905    -6.33394     -6.6452  0.00291966
        2906    -6.33539    -6.64509   0.0029206
        2907    -6.33219    -6.64499  0.00292158
        2908    -6.33426    -6.64488  0.00292253
        2909    -6.33238    -6.64477   0.0029235
        2910    -6.33226    -6.64466  0.00292447
        2911    -6.33319    -6.64456  0.00292542
        2912    -6.33261    -6.64445  0.00292637
        2913    -6.33208    -6.64434  0.00292733
        2914    -6.33242    -6.64424  0.00292828
        2915    -6.33501    -6.64413   0.0029292
        2916    -6.33346    -6.64402  0.00293013
        2917    -6.33221    -6.64392  0.00293108
        2918    -6.33275    -6.64381  0.00293201
        2919    -6.33226     -6.6437  0.00293295
        2920    -6.33082     -6.6436   0.0029339
        2921    -6.33207    -6.64349  0.00293484
        2922    -6.33307    -6.64338  0.00293575
        2923    -6.33214    -6.64328  0.00293668
        2924    -6.33198    -6.64317   0.0029376
        2925    -6.33206    -6.64306  0.00293852
        2926    -6.33145    -6.64296  0.00293945
        2927    -6.33072    -6.64285  0.00294038
        2928    -6.33137    -6.64274   0.0029413
        2929    -6.33006    -6.64264  0.00294223
        2930    -6.32804    -6.64253  0.00294319
        2931    -6.32925    -6.64242  0.00294412
        2932    -6.33041    -6.64232  0.00294504
        2933    -6.33083    -6.64221  0.00294595
        2934     -6.3305     -6.6421  0.00294686
        2935    -6.32983      -6.642  0.00294778
        2936    -6.32921    -6.64189   0.0029487
        2937    -6.32944    -6.64178  0.00294961
        2938    -6.33101    -6.64168  0.00295051
        2939    -6.32764    -6.64157  0.00295144
        2940     -6.3264    -6.64146  0.00295238
        2941    -6.32648    -6.64136  0.00295332
        2942    -6.32813    -6.64125  0.00295423
        2943    -6.32779    -6.64114  0.00295515
        2944    -6.32482    -6.64104   0.0029561
        2945    -6.32392    -6.64093  0.00295705
        2946    -6.32491    -6.64082  0.00295799
        2947    -6.32292    -6.64071  0.00295896
        2948    -6.32302    -6.64061  0.00295991
        2949    -6.32326     -6.6405  0.00296087
        2950    -6.32199    -6.64039  0.00296183
        2951    -6.32312    -6.64028  0.00296278
        2952    -6.32283    -6.64018  0.00296372
        2953    -6.32135    -6.64007  0.00296469
        2954    -6.31884    -6.63996  0.00296568
        2955    -6.31919    -6.63985  0.00296666
        2956    -6.31707    -6.63974  0.00296766
        2957    -6.31566    -6.63963  0.00296868
        2958    -6.31453    -6.63952  0.00296971
        2959    -6.31392    -6.63941  0.00297075
        2960    -6.31472     -6.6393  0.00297177
        2961    -6.31425    -6.63919  0.00297279
        2962    -6.31514    -6.63908   0.0029738
        2963    -6.31489    -6.63897  0.00297481
        2964    -6.31212    -6.63886  0.00297585
        2965    -6.31371    -6.63875  0.00297687
        2966    -6.31287    -6.63864  0.00297789
        2967    -6.31098    -6.63853  0.00297893
        2968    -6.30943    -6.63842  0.00297999
        2969    -6.30871    -6.63831  0.00298106
        2970    -6.30952     -6.6382  0.00298211
        2971    -6.30882    -6.63809  0.00298316
        2972    -6.30893    -6.63798  0.00298422
        2973    -6.30607    -6.63787   0.0029853
        2974    -6.30559    -6.63776  0.00298639
        2975    -6.30266    -6.63764  0.00298751
        2976    -6.30418    -6.63753   0.0029886
        2977     -6.3047    -6.63742  0.00298969
        2978    -6.30494    -6.63731  0.00299077
        2979    -6.30282     -6.6372  0.00299187
        2980    -6.29952    -6.63708  0.00299301
        2981    -6.29922    -6.63697  0.00299415
        2982    -6.29809    -6.63686  0.00299531
        2983    -6.29659    -6.63674  0.00299647
        2984    -6.29729    -6.63663  0.00299763
        2985    -6.29795    -6.63651  0.00299877
        2986    -6.29544     -6.6364  0.00299994
        2987    -6.29633    -6.63629  0.00300109
        2988    -6.29657    -6.63617  0.00300224
        2989    -6.29906    -6.63606  0.00300336
        2990    -6.29621    -6.63595   0.0030045
        2991    -6.29459    -6.63583  0.00300566
        2992     -6.2938    -6.63572  0.00300683
        2993    -6.29417     -6.6356  0.00300799
        2994    -6.29349    -6.63549  0.00300916
        2995    -6.29532    -6.63538   0.0030103
        2996    -6.29334    -6.63526  0.00301145
        2997    -6.29336    -6.63515  0.00301261
        2998    -6.29566    -6.63503  0.00301373
        2999    -6.29534    -6.63492  0.00301486
        3000    -6.29318    -6.63481    0.003016
        3001    -6.29267    -6.63469  0.00301715
        3002    -6.28675    -6.63458  0.00301837
        3003    -6.28667    -6.63446  0.00301959
        3004     -6.2843    -6.63434  0.00302083
        3005    -6.28797    -6.63423  0.00302203
        3006    -6.28941    -6.63411   0.0030232
        3007    -6.28888      -6.634  0.00302437
        3008    -6.28782    -6.63388  0.00302555
        3009     -6.2852    -6.63377  0.00302677
        3010    -6.28482    -6.63365  0.00302798
        3011    -6.28412    -6.63354   0.0030292
        3012    -6.28222    -6.63342  0.00303044
        3013    -6.28136     -6.6333  0.00303168
        3014    -6.27968    -6.63319  0.00303295
        3015    -6.28069    -6.63307  0.00303419
        3016    -6.28145    -6.63295  0.00303543
        3017     -6.2815    -6.63284  0.00303666
        3018    -6.27952    -6.63272  0.00303791
        3019    -6.28004     -6.6326  0.00303914
        3020     -6.2782    -6.63248   0.0030404
        3021    -6.27971    -6.63237  0.00304164
        3022    -6.28094    -6.63225  0.00304285
        3023    -6.27876    -6.63213  0.00304409
        3024    -6.27996    -6.63202  0.00304531
        3025    -6.27792     -6.6319  0.00304656
        3026    -6.27715    -6.63178   0.0030478
        3027    -6.27901    -6.63167  0.00304902
        3028    -6.27917    -6.63155  0.00305024
        3029    -6.27755    -6.63143  0.00305147
        3030     -6.2722    -6.63132  0.00305277
        3031    -6.27161     -6.6312  0.00305406
        3032    -6.27095    -6.63108  0.00305537
        3033     -6.2701    -6.63096  0.00305668
        3034    -6.26882    -6.63084    0.003058
        3035    -6.27089    -6.63072  0.00305929
        3036    -6.27014     -6.6306  0.00306059
        3037    -6.26938    -6.63048  0.00306189
        3038    -6.26719    -6.63036  0.00306322
        3039    -6.26657    -6.63024  0.00306455
        3040    -6.26039    -6.63012  0.00306595
        3041    -6.26159       -6.63  0.00306734
        3042     -6.2625    -6.62988  0.00306871
        3043    -6.26403    -6.62976  0.00307005
        3044    -6.26493    -6.62964  0.00307138
        3045     -6.2628    -6.62952  0.00307274
        3046    -6.26116     -6.6294  0.00307411
        3047    -6.26415    -6.62928  0.00307543
        3048    -6.26368    -6.62916  0.00307676
        3049    -6.26405    -6.62904  0.00307808
        3050    -6.26475    -6.62892  0.00307939
        3051    -6.26649     -6.6288  0.00308067
        3052    -6.26395    -6.62868  0.00308198
        3053    -6.26385    -6.62856  0.00308329
        3054    -6.26453    -6.62844  0.00308458
        3055    -6.26677    -6.62832  0.00308584
        3056    -6.26633    -6.62821  0.00308711
        3057    -6.26686    -6.62809  0.00308836
        3058    -6.26169    -6.62797  0.00308967
        3059    -6.25977    -6.62785  0.00309101
        3060    -6.25648    -6.62773  0.00309238
        3061    -6.25454     -6.6276  0.00309377
        3062    -6.25407    -6.62748  0.00309516
        3063    -6.25467    -6.62736  0.00309654
        3064    -6.25471    -6.62724  0.00309792
        3065    -6.25374    -6.62712  0.00309931
        3066    -6.25155    -6.62699  0.00310072
        3067    -6.25238    -6.62687  0.00310211
        3068    -6.25082    -6.62675  0.00310352
        3069    -6.25228    -6.62663  0.00310491
        3070    -6.25287    -6.62651  0.00310628
        3071    -6.25106    -6.62638  0.00310767
        3072     -6.2502    -6.62626  0.00310907
        3073     -6.2498    -6.62614  0.00311047
        3074    -6.25235    -6.62602  0.00311184
        3075    -6.25285     -6.6259  0.00311319
        3076    -6.25105    -6.62577  0.00311456
        3077    -6.25282    -6.62565  0.00311591
        3078    -6.25007    -6.62553  0.00311728
        3079    -6.25124    -6.62541  0.00311864
        3080    -6.25015    -6.62529  0.00312001
        3081    -6.24938    -6.62517  0.00312138
        3082    -6.25011    -6.62504  0.00312274
        3083    -6.25009    -6.62492  0.00312409
        3084    -6.25085     -6.6248  0.00312543
        3085    -6.25014    -6.62468  0.00312678
        3086     -6.2499    -6.62456  0.00312812
        3087    -6.25263    -6.62444  0.00312943
        3088    -6.25133    -6.62432  0.00313075
        3089    -6.25074     -6.6242  0.00313207
        3090    -6.25086    -6.62407  0.00313339
        3091    -6.25367    -6.62395  0.00313466
        3092    -6.25312    -6.62384  0.00313594
        3093    -6.25558    -6.62372  0.00313719
        3094    -6.25516     -6.6236  0.00313843
        3095    -6.25573    -6.62348  0.00313967
        3096    -6.25803    -6.62336  0.00314087
        3097    -6.25722    -6.62324  0.00314208
        3098    -6.25669    -6.62312   0.0031433
        3099    -6.25672    -6.62301  0.00314451
        3100    -6.25905    -6.62289  0.00314568
        3101    -6.25888    -6.62277  0.00314686
        3102    -6.25982    -6.62265  0.00314802
        3103    -6.25873    -6.62254  0.00314919
        3104    -6.25921    -6.62242  0.00315035
        3105    -6.26007     -6.6223  0.00315149
        3106    -6.26067    -6.62219  0.00315263
        3107    -6.26083    -6.62207  0.00315376
        3108    -6.25722    -6.62195  0.00315493
        3109     -6.2554    -6.62183  0.00315611
        3110    -6.25652    -6.62172  0.00315729
        3111    -6.25536     -6.6216  0.00315847
        3112    -6.25708    -6.62148  0.00315962
        3113    -6.25831    -6.62137  0.00316076
        3114    -6.25866    -6.62125  0.00316189
        3115    -6.25716    -6.62113  0.00316304
        3116     -6.2563    -6.62101  0.00316419
        3117     -6.2544     -6.6209  0.00316536
        3118    -6.25531    -6.62078  0.00316651
        3119    -6.25632    -6.62066  0.00316765
        3120    -6.25651    -6.62055  0.00316879
        3121    -6.25771    -6.62043   0.0031699
        3122    -6.25783    -6.62031  0.00317101
        3123    -6.25851     -6.6202  0.00317211
        3124    -6.25415    -6.62008  0.00317326
        3125    -6.25512    -6.61996   0.0031744
        3126    -6.25225    -6.61985  0.00317556
        3127    -6.25446    -6.61973  0.00317669
        3128    -6.25522    -6.61961  0.00317781
        3129    -6.25434     -6.6195  0.00317894
        3130     -6.2539    -6.61938  0.00318007
        3131    -6.25299    -6.61926  0.00318121
        3132    -6.25146    -6.61915  0.00318236
        3133    -6.25175    -6.61903   0.0031835
        3134    -6.24993    -6.61891  0.00318466
        3135    -6.24772    -6.61879  0.00318585
        3136    -6.24995    -6.61867    0.003187
        3137    -6.25111    -6.61856  0.00318814
        3138    -6.25147    -6.61844  0.00318927
        3139    -6.25287    -6.61832  0.00319038
        3140    -6.25604    -6.61821  0.00319145
        3141    -6.25564    -6.61809  0.00319252
        3142    -6.25575    -6.61798  0.00319359
        3143    -6.25581    -6.61786  0.00319465
        3144    -6.25254    -6.61775  0.00319574
        3145    -6.25313    -6.61763  0.00319683
        3146    -6.25212    -6.61751  0.00319793
        3147    -6.24992     -6.6174  0.00319904
        3148    -6.25131    -6.61728  0.00320014
        3149    -6.25006    -6.61716  0.00320125
        3150     -6.2497    -6.61705  0.00320235
        3151    -6.24875    -6.61693  0.00320347
        3152    -6.24833    -6.61681  0.00320459
        3153    -6.24773     -6.6167  0.00320571
        3154     -6.2472    -6.61658  0.00320683
        3155    -6.24847    -6.61646  0.00320794
        3156    -6.24844    -6.61635  0.00320904
        3157    -6.24782    -6.61623  0.00321015
        3158    -6.24834    -6.61611  0.00321124
        3159    -6.24495      -6.616  0.00321238
        3160    -6.24323    -6.61588  0.00321352
        3161    -6.24554    -6.61576  0.00321464
        3162    -6.24556    -6.61564  0.00321576
        3163    -6.24598    -6.61553  0.00321686
        3164     -6.2486    -6.61541  0.00321794
        3165    -6.24819    -6.61529  0.00321901
        3166    -6.24841    -6.61518  0.00322008
        3167    -6.24537    -6.61506  0.00322118
        3168    -6.24613    -6.61495  0.00322227
        3169    -6.24361    -6.61483  0.00322338
        3170    -6.24404    -6.61471  0.00322448
        3171     -6.2454    -6.61459  0.00322557
        3172    -6.24577    -6.61448  0.00322665
        3173    -6.24254    -6.61436  0.00322776
        3174    -6.24179    -6.61424  0.00322888
        3175    -6.24262    -6.61413  0.00322998
        3176    -6.24346    -6.61401  0.00323107
        3177    -6.24302    -6.61389  0.00323216
        3178    -6.24343    -6.61378  0.00323325
        3179    -6.24356    -6.61366  0.00323433
        3180    -6.24256    -6.61354  0.00323541
        3181    -6.24093    -6.61343  0.00323652
        3182    -6.23945    -6.61331  0.00323763
        3183    -6.24037    -6.61319  0.00323874
        3184     -6.2398    -6.61307  0.00323984
        3185    -6.24054    -6.61296  0.00324093
        3186    -6.24041    -6.61284  0.00324203
        3187    -6.23652    -6.61272  0.00324316
        3188    -6.23403     -6.6126  0.00324432
        3189    -6.23116    -6.61248   0.0032455
        3190    -6.23034    -6.61236   0.0032467
        3191    -6.22987    -6.61224  0.00324789
        3192    -6.22615    -6.61212  0.00324912
        3193    -6.22753      -6.612  0.00325034
        3194    -6.22455    -6.61188  0.00325158
        3195    -6.22315    -6.61176  0.00325284
        3196    -6.22194    -6.61164  0.00325411
        3197    -6.22234    -6.61152  0.00325537
        3198    -6.22153    -6.61139  0.00325663
        3199    -6.22187    -6.61127  0.00325789
        3200    -6.21796    -6.61115  0.00325919
        3201    -6.21717    -6.61103   0.0032605
        3202    -6.21871     -6.6109  0.00326178
        3203    -6.22105    -6.61078  0.00326303
        3204    -6.21923    -6.61066   0.0032643
        3205    -6.21836    -6.61054  0.00326558
        3206    -6.21561    -6.61041  0.00326688
        3207    -6.21525    -6.61029  0.00326818
        3208    -6.21495    -6.61017  0.00326949
        3209    -6.21411    -6.61004   0.0032708
        3210    -6.21279    -6.60992  0.00327212
        3211    -6.21314     -6.6098  0.00327343
        3212    -6.21511    -6.60967  0.00327472
        3213    -6.21378    -6.60955  0.00327602
        3214    -6.21573    -6.60943  0.00327729
        3215    -6.21433    -6.60931  0.00327857
        3216    -6.21444    -6.60918  0.00327985
        3217    -6.21565    -6.60906  0.00328111
        3218     -6.2149    -6.60894  0.00328238
        3219    -6.21422    -6.60882  0.00328365
        3220    -6.21188    -6.60869  0.00328494
        3221    -6.21186    -6.60857  0.00328623
        3222    -6.21086    -6.60845  0.00328753
        3223    -6.21107    -6.60832  0.00328882
        3224    -6.20696     -6.6082  0.00329015
        3225      -6.208    -6.60807  0.00329147
        3226    -6.21045    -6.60795  0.00329276
        3227     -6.2076    -6.60783  0.00329408
        3228    -6.20715     -6.6077  0.00329539
        3229     -6.2064    -6.60758  0.00329672
        3230    -6.20672    -6.60745  0.00329803
        3231    -6.20661    -6.60733  0.00329934
        3232    -6.20492    -6.60721  0.00330067
        3233    -6.20273    -6.60708  0.00330202
        3234    -6.20458    -6.60696  0.00330334
        3235    -6.20498    -6.60683  0.00330466
        3236    -6.20541    -6.60671  0.00330596
        3237     -6.2033    -6.60658  0.00330729
        3238     -6.2047    -6.60646   0.0033086
        3239    -6.20563    -6.60634  0.00330989
        3240     -6.2053    -6.60621  0.00331118
        3241    -6.20586    -6.60609  0.00331246
        3242    -6.20467    -6.60596  0.00331375
        3243    -6.20147    -6.60584  0.00331508
        3244     -6.2004    -6.60571  0.00331641
        3245    -6.19974    -6.60559  0.00331775
        3246    -6.19828    -6.60546   0.0033191
        3247    -6.19577    -6.60534  0.00332047
        3248    -6.19715    -6.60521  0.00332183
        3249    -6.19739    -6.60509  0.00332318
        3250    -6.19675    -6.60496  0.00332453
        3251    -6.19647    -6.60484  0.00332588
        3252    -6.19369    -6.60471  0.00332726
        3253    -6.19109    -6.60458  0.00332867
        3254    -6.18845    -6.60445   0.0033301
        3255    -6.18617    -6.60433  0.00333155
        3256    -6.18474     -6.6042  0.00333302
        3257    -6.18861    -6.60407  0.00333444
        3258    -6.18961    -6.60394  0.00333584
        3259     -6.1901    -6.60381  0.00333724
        3260     -6.1936    -6.60369  0.00333858
        3261    -6.19454    -6.60356  0.00333992
        3262    -6.19517    -6.60344  0.00334124
        3263    -6.19817    -6.60331  0.00334252
        3264    -6.19311    -6.60319  0.00334386
        3265     -6.1924    -6.60306   0.0033452
        3266    -6.19242    -6.60294  0.00334654
        3267    -6.19225    -6.60281  0.00334787
        3268    -6.19116    -6.60268  0.00334922
        3269    -6.19086    -6.60256  0.00335056
        3270    -6.19312    -6.60243  0.00335188
        3271     -6.1949    -6.60231  0.00335317
        3272    -6.19155    -6.60218  0.00335449
        3273    -6.18537    -6.60206  0.00335588
        3274    -6.18547    -6.60193  0.00335727
        3275    -6.18604     -6.6018  0.00335864
        3276    -6.18812    -6.60168  0.00335999
        3277    -6.18977    -6.60155  0.00336132
        3278    -6.18983    -6.60142  0.00336264
        3279    -6.19326     -6.6013  0.00336392
        3280    -6.19542    -6.60118  0.00336517
        3281    -6.19661    -6.60105   0.0033664
        3282    -6.19675    -6.60093  0.00336763
        3283    -6.19813    -6.60081  0.00336883
        3284    -6.19544    -6.60068  0.00337007
        3285    -6.19318    -6.60056  0.00337133
        3286    -6.19266    -6.60044  0.00337258
        3287    -6.19099    -6.60031  0.00337386
        3288    -6.19293    -6.60019  0.00337511
        3289     -6.1916    -6.60006  0.00337636
        3290    -6.18955    -6.59994  0.00337764
        3291    -6.18991    -6.59981  0.00337891
        3292    -6.19079    -6.59969  0.00338017
        3293    -6.18748    -6.59956  0.00338146
        3294    -6.18801    -6.59944  0.00338274
        3295    -6.18914    -6.59931  0.00338401
        3296    -6.19074    -6.59919  0.00338525
        3297    -6.19292    -6.59907  0.00338647
        3298     -6.1909    -6.59894   0.0033877
        3299    -6.19439    -6.59882  0.00338889
        3300    -6.19243     -6.5987   0.0033901
        3301    -6.19192    -6.59857  0.00339131
        3302    -6.19257    -6.59845  0.00339251
        3303    -6.19084    -6.59833  0.00339373
        3304    -6.18922     -6.5982  0.00339496
        3305    -6.18997    -6.59808  0.00339618
        3306    -6.18995    -6.59796   0.0033974
        3307    -6.18976    -6.59783  0.00339861
        3308    -6.19074    -6.59771  0.00339981
        3309    -6.19232    -6.59759  0.00340099
        3310    -6.19551    -6.59747  0.00340213
        3311    -6.19751    -6.59735  0.00340325
        3312    -6.19573    -6.59722  0.00340438
        3313    -6.19344     -6.5971  0.00340553
        3314    -6.19512    -6.59698  0.00340666
        3315    -6.19677    -6.59686  0.00340778
        3316    -6.19508    -6.59674   0.0034089
        3317    -6.19638    -6.59662  0.00341001
        3318     -6.1966     -6.5965  0.00341111
        3319    -6.19674    -6.59638  0.00341221
        3320    -6.19676    -6.59626  0.00341331
        3321    -6.19739    -6.59614  0.00341439
        3322    -6.19914    -6.59602  0.00341545
        3323    -6.19767     -6.5959  0.00341653
        3324    -6.19935    -6.59578  0.00341758
        3325    -6.19765    -6.59566  0.00341865
        3326    -6.19615    -6.59554  0.00341973
        3327    -6.19794    -6.59542  0.00342079
        3328    -6.19611     -6.5953  0.00342187
        3329    -6.19608    -6.59518  0.00342294
        3330    -6.19692    -6.59506    0.003424
        3331    -6.19913    -6.59494  0.00342504
        3332    -6.20223    -6.59482  0.00342604
        3333    -6.20181    -6.59471  0.00342704
        3334    -6.20085    -6.59459  0.00342804
        3335    -6.20016    -6.59447  0.00342906
        3336    -6.19968    -6.59435  0.00343007
        3337    -6.19693    -6.59423  0.00343111
        3338    -6.19284    -6.59411  0.00343219
        3339    -6.19286    -6.59399  0.00343326
        3340    -6.19189    -6.59387  0.00343434
        3341     -6.1902    -6.59375  0.00343544
        3342    -6.19004    -6.59363  0.00343654
        3343     -6.1909    -6.59351  0.00343762
        3344    -6.18787    -6.59339  0.00343873
        3345    -6.18878    -6.59327  0.00343983
        3346    -6.18616    -6.59314  0.00344095
        3347    -6.18753    -6.59302  0.00344206
        3348    -6.18493     -6.5929  0.00344319
        3349    -6.18269    -6.59278  0.00344434
        3350    -6.18465    -6.59266  0.00344546
        3351    -6.18369    -6.59254   0.0034466
        3352    -6.18342    -6.59241  0.00344773
        3353    -6.18178    -6.59229  0.00344887
        3354    -6.18043    -6.59217  0.00345003
        3355    -6.18145    -6.59205  0.00345117
        3356    -6.18189    -6.59192  0.00345231
        3357    -6.18388     -6.5918  0.00345342
        3358    -6.18151    -6.59168  0.00345455
        3359    -6.18189    -6.59156  0.00345568
        3360    -6.18602    -6.59144  0.00345676
        3361     -6.1852    -6.59132  0.00345784
        3362    -6.18536     -6.5912  0.00345892
        3363    -6.18278    -6.59107  0.00346002
        3364    -6.18245    -6.59095  0.00346112
        3365    -6.18354    -6.59083  0.00346221
        3366    -6.18433    -6.59071  0.00346329
        3367    -6.18758    -6.59059  0.00346433
        3368    -6.18903    -6.59047  0.00346535
        3369    -6.18695    -6.59035  0.00346639
        3370    -6.18618    -6.59023  0.00346744
        3371    -6.18636    -6.59011  0.00346848
        3372    -6.18749    -6.58999  0.00346951
        3373    -6.18735    -6.58987  0.00347053
        3374    -6.18896    -6.58975  0.00347153
        3375    -6.18622    -6.58963  0.00347256
        3376     -6.1872    -6.58952  0.00347358
        3377    -6.18923     -6.5894  0.00347457
        3378    -6.18808    -6.58928  0.00347558
        3379    -6.18912    -6.58916  0.00347657
        3380    -6.19015    -6.58904  0.00347754
        3381    -6.19009    -6.58892  0.00347851
        3382    -6.18857    -6.58881   0.0034795
        3383    -6.18685    -6.58869   0.0034805
        3384    -6.18767    -6.58857  0.00348149
        3385    -6.19068    -6.58845  0.00348244
        3386    -6.18614    -6.58833  0.00348344
        3387    -6.18367    -6.58821  0.00348446
        3388     -6.1845    -6.58809  0.00348547
        3389    -6.18777    -6.58797  0.00348644
        3390    -6.18646    -6.58786  0.00348742
        3391     -6.1831    -6.58774  0.00348844
        3392    -6.18245    -6.58762  0.00348945
        3393    -6.18255     -6.5875  0.00349047
        3394    -6.18241    -6.58738  0.00349148
        3395    -6.18148    -6.58726   0.0034925
        3396    -6.18302    -6.58714   0.0034935
        3397    -6.18444    -6.58702  0.00349448
        3398    -6.18171     -6.5869  0.00349548
        3399    -6.17841    -6.58678  0.00349652
        3400    -6.17968    -6.58666  0.00349754
        3401     -6.1809    -6.58654  0.00349855
        3402     -6.1784    -6.58642  0.00349958
        3403    -6.17895     -6.5863   0.0035006
        3404    -6.17632    -6.58618  0.00350164
        3405    -6.17576    -6.58606  0.00350268
        3406    -6.17358    -6.58594  0.00350375
        3407    -6.17297    -6.58582  0.00350482
        3408    -6.17446     -6.5857  0.00350587
        3409    -6.17387    -6.58558  0.00350692
        3410    -6.17468    -6.58546  0.00350796
        3411    -6.17331    -6.58534  0.00350901
        3412    -6.17279    -6.58522  0.00351007
        3413    -6.17413     -6.5851   0.0035111
        3414    -6.17458    -6.58498  0.00351213
        3415    -6.17039    -6.58485   0.0035132
        3416    -6.17132    -6.58473  0.00351426
        3417    -6.17151    -6.58461  0.00351531
        3418    -6.17426    -6.58449  0.00351633
        3419    -6.17607    -6.58437  0.00351733
        3420    -6.17741    -6.58425  0.00351832
        3421    -6.17744    -6.58414   0.0035193
        3422    -6.17686    -6.58402  0.00352028
        3423    -6.17363     -6.5839  0.00352129
        3424    -6.17241    -6.58378  0.00352231
        3425    -6.17341    -6.58366  0.00352332
        3426    -6.17299    -6.58354  0.00352433
        3427     -6.1729    -6.58342  0.00352534
        3428    -6.17362     -6.5833  0.00352634
        3429    -6.17572    -6.58318  0.00352731
        3430    -6.17504    -6.58306  0.00352829
        3431    -6.17552    -6.58294  0.00352926
        3432     -6.1787    -6.58282   0.0035302
        3433    -6.17869     -6.5827  0.00353113
        3434    -6.17698    -6.58259  0.00353208
        3435     -6.1728    -6.58247  0.00353307
        3436     -6.1725    -6.58235  0.00353405
        3437    -6.17429    -6.58223  0.00353502
        3438    -6.17435    -6.58211  0.00353598
        3439    -6.17009    -6.58199  0.00353698
        3440    -6.16716    -6.58187  0.00353801
        3441    -6.16547    -6.58175  0.00353905
        3442    -6.16671    -6.58163  0.00354007
        3443    -6.16751    -6.58151  0.00354109
        3444     -6.1627    -6.58139  0.00354215
        3445    -6.16211    -6.58127  0.00354321
        3446    -6.16005    -6.58114  0.00354429
        3447     -6.1556    -6.58102  0.00354541
        3448    -6.15557     -6.5809  0.00354653
        3449    -6.15492    -6.58077  0.00354765
        3450    -6.15265    -6.58065  0.00354879
        3451    -6.15408    -6.58052  0.00354991
        3452    -6.15211     -6.5804  0.00355105
        3453    -6.15208    -6.58028  0.00355219
        3454      -6.152    -6.58015  0.00355333
        3455    -6.15143    -6.58003  0.00355446
        3456    -6.15624    -6.57991  0.00355555
        3457    -6.15652    -6.57978  0.00355663
        3458     -6.1549    -6.57966  0.00355772
        3459    -6.15091    -6.57954  0.00355885
        3460     -6.1542    -6.57941  0.00355995
        3461    -6.15465    -6.57929  0.00356103
        3462     -6.1522    -6.57917  0.00356214
        3463    -6.15345    -6.57904  0.00356323
        3464    -6.15202    -6.57892  0.00356434
        3465    -6.15304     -6.5788  0.00356543
        3466     -6.1529    -6.57868  0.00356652
        3467    -6.15114    -6.57855  0.00356762
        3468    -6.15084    -6.57843  0.00356872
        3469    -6.15191    -6.57831  0.00356981
        3470    -6.15197    -6.57818  0.00357089
        3471    -6.15443    -6.57806  0.00357195
        3472    -6.15278    -6.57794  0.00357302
        3473    -6.15259    -6.57782  0.00357409
        3474    -6.15374    -6.57769  0.00357515
        3475    -6.15583    -6.57757  0.00357618
        3476    -6.15747    -6.57745  0.00357719
        3477    -6.15707    -6.57733   0.0035782
        3478    -6.15885    -6.57721   0.0035792
        3479    -6.15792    -6.57709   0.0035802
        3480    -6.15406    -6.57697  0.00358123
        3481    -6.15402    -6.57685  0.00358226
        3482    -6.15696    -6.57673  0.00358326
        3483    -6.15839    -6.57661  0.00358425
        3484    -6.15492    -6.57649  0.00358526
        3485    -6.15457    -6.57636  0.00358628
        3486    -6.15256    -6.57624  0.00358731
        3487    -6.15364    -6.57612  0.00358833
        3488    -6.15584      -6.576  0.00358932
        3489    -6.15785    -6.57588  0.00359029
        3490    -6.15575    -6.57576  0.00359128
        3491     -6.1516    -6.57564  0.00359231
        3492    -6.14805    -6.57552  0.00359336
        3493    -6.15008    -6.57539   0.0035944
        3494    -6.14849    -6.57527  0.00359545
        3495      -6.146    -6.57515  0.00359651
        3496    -6.14728    -6.57503  0.00359757
        3497    -6.14713    -6.57491  0.00359862
        3498    -6.14929    -6.57478  0.00359965
        3499    -6.14944    -6.57466  0.00360067
        3500    -6.14678    -6.57454  0.00360172
        3501    -6.14471    -6.57442  0.00360278
        3502    -6.14628    -6.57429  0.00360382
        3503    -6.14979    -6.57417  0.00360483
        3504     -6.1491    -6.57405  0.00360584
        3505    -6.14651    -6.57393  0.00360688
        3506    -6.14796    -6.57381   0.0036079
        3507    -6.14858    -6.57369   0.0036089
        3508    -6.14734    -6.57357  0.00360992
        3509    -6.14574    -6.57344  0.00361095
        3510    -6.14619    -6.57332  0.00361197
        3511    -6.14579     -6.5732    0.003613
        3512    -6.14701    -6.57308    0.003614
        3513    -6.14543    -6.57296  0.00361503
        3514    -6.14423    -6.57284  0.00361605
        3515    -6.14375    -6.57271  0.00361709
        3516    -6.14243    -6.57259  0.00361813
        3517    -6.14351    -6.57247  0.00361915
        3518    -6.14401    -6.57235  0.00362017
        3519    -6.14448    -6.57223  0.00362119
        3520    -6.14302     -6.5721  0.00362221
        3521     -6.1403    -6.57198  0.00362326
        3522    -6.13955    -6.57186  0.00362431
        3523    -6.14184    -6.57174  0.00362533
        3524    -6.14227    -6.57161  0.00362635
        3525    -6.14224    -6.57149  0.00362737
        3526    -6.14231    -6.57137  0.00362838
        3527    -6.14292    -6.57125  0.00362939
        3528    -6.14321    -6.57113  0.00363038
        3529    -6.14505    -6.57101  0.00363136
        3530    -6.14745    -6.57089  0.00363232
        3531    -6.14949    -6.57077  0.00363325
        3532    -6.15133    -6.57065  0.00363416
        3533    -6.15175    -6.57053  0.00363506
        3534    -6.14881    -6.57041  0.00363599
        3535    -6.14923    -6.57029  0.00363692
        3536    -6.14741    -6.57017  0.00363785
        3537    -6.14628    -6.57005   0.0036388
        3538    -6.14757    -6.56993  0.00363973
        3539    -6.14728    -6.56981  0.00364066
        3540    -6.14713    -6.56969  0.00364159
        3541    -6.14618    -6.56957  0.00364252
        3542    -6.14972    -6.56946  0.00364342
        3543    -6.15105    -6.56934  0.00364431
        3544    -6.15221    -6.56922  0.00364518
        3545    -6.15326     -6.5691  0.00364604
        3546    -6.15252    -6.56899   0.0036469
        3547    -6.14965    -6.56887  0.00364779
        3548     -6.1497    -6.56875  0.00364868
        3549    -6.15015    -6.56863  0.00364955
        3550    -6.14638    -6.56851  0.00365046
        3551    -6.14808    -6.56839  0.00365136
        3552    -6.14919    -6.56828  0.00365223
        3553    -6.14753    -6.56816  0.00365313
        3554    -6.14923    -6.56804    0.003654
        3555    -6.15177    -6.56792  0.00365485
        3556    -6.15124    -6.56781   0.0036557
        3557    -6.14949    -6.56769  0.00365656
        3558    -6.14873    -6.56757  0.00365743
        3559    -6.14765    -6.56745   0.0036583
        3560    -6.15155    -6.56734  0.00365914
        3561    -6.15195    -6.56722  0.00365997
        3562     -6.1524     -6.5671   0.0036608
        3563    -6.15403    -6.56699   0.0036616
        3564    -6.15362    -6.56687  0.00366241
        3565    -6.15152    -6.56675  0.00366324
        3566    -6.15039    -6.56664  0.00366407
        3567     -6.1491    -6.56652  0.00366491
        3568     -6.1481     -6.5664  0.00366576
        3569    -6.14842    -6.56629  0.00366661
        3570     -6.1493    -6.56617  0.00366744
        3571    -6.14823    -6.56605  0.00366828
        3572    -6.14918    -6.56593  0.00366911
        3573    -6.14844    -6.56582  0.00366994
        3574    -6.14706     -6.5657  0.00367078
        3575    -6.14758    -6.56558  0.00367162
        3576     -6.1492    -6.56547  0.00367244
        3577    -6.14585    -6.56535  0.00367329
        3578    -6.14412    -6.56523  0.00367415
        3579    -6.14362    -6.56511  0.00367501
        3580    -6.14212      -6.565  0.00367588
        3581    -6.14071    -6.56488  0.00367676
        3582    -6.13943    -6.56476  0.00367765
        3583    -6.14292    -6.56464  0.00367851
        3584    -6.14172    -6.56452  0.00367938
        3585    -6.14028    -6.56441  0.00368025
        3586    -6.14094    -6.56429  0.00368112
        3587    -6.14094    -6.56417  0.00368199
        3588    -6.14114    -6.56405  0.00368285
        3589    -6.14243    -6.56393  0.00368369
        3590    -6.14368    -6.56382  0.00368453
        3591    -6.14512     -6.5637  0.00368535
        3592    -6.14494    -6.56358  0.00368616
        3593    -6.14609    -6.56347  0.00368697
        3594    -6.14282    -6.56335   0.0036878
        3595    -6.14422    -6.56323  0.00368862
        3596    -6.14585    -6.56312  0.00368942
        3597    -6.14296      -6.563  0.00369024
        3598    -6.14283    -6.56288  0.00369106
        3599     -6.1389    -6.56277  0.00369191
        3600    -6.14108    -6.56265  0.00369275
        3601    -6.13912    -6.56253  0.00369359
        3602    -6.14136    -6.56241  0.00369442
        3603     -6.1386     -6.5623  0.00369527
        3604    -6.13583    -6.56218  0.00369613
        3605    -6.13463    -6.56206  0.00369701
        3606    -6.13094    -6.56194  0.00369792
        3607    -6.13038    -6.56182  0.00369883
        3608       -6.13     -6.5617  0.00369974
        3609    -6.13047    -6.56158  0.00370064
        3610    -6.13347    -6.56146  0.00370152
        3611    -6.13487    -6.56134  0.00370238
        3612    -6.13563    -6.56123  0.00370323
        3613    -6.13524    -6.56111  0.00370408
        3614    -6.13509    -6.56099  0.00370493
        3615    -6.13304    -6.56087   0.0037058
        3616    -6.13016    -6.56075  0.00370668
        3617    -6.12805    -6.56063  0.00370759
        3618    -6.12563    -6.56051  0.00370851
        3619    -6.12844    -6.56039  0.00370941
        3620    -6.13068    -6.56028  0.00371028
        3621    -6.13039    -6.56016  0.00371116
        3622    -6.13149    -6.56004  0.00371202
        3623    -6.13199    -6.55992  0.00371288
        3624    -6.13082     -6.5598  0.00371374
        3625     -6.1305    -6.55968   0.0037146
        3626    -6.13199    -6.55957  0.00371545
        3627    -6.13571    -6.55945  0.00371626
        3628    -6.13656    -6.55933  0.00371707
        3629    -6.13556    -6.55922  0.00371788
        3630    -6.13413     -6.5591   0.0037187
        3631    -6.13389    -6.55898  0.00371951
        3632    -6.13477    -6.55886  0.00372032
        3633    -6.13543    -6.55875  0.00372113
        3634     -6.1386    -6.55863   0.0037219
        3635    -6.13833    -6.55852  0.00372267
        3636    -6.13749     -6.5584  0.00372345
        3637    -6.13785    -6.55829  0.00372422
        3638     -6.1363    -6.55817    0.003725
        3639    -6.13837    -6.55805  0.00372576
        3640    -6.13992    -6.55794  0.00372651
        3641    -6.14117    -6.55782  0.00372724
        3642    -6.13743    -6.55771  0.00372801
        3643    -6.13652    -6.55759  0.00372877
        3644    -6.13734    -6.55748  0.00372953
        3645    -6.13688    -6.55736   0.0037303
        3646    -6.13835    -6.55725  0.00373104
        3647    -6.13724    -6.55713   0.0037318
        3648    -6.13309    -6.55702  0.00373258
        3649    -6.13026     -6.5569  0.00373339
        3650    -6.13176    -6.55678  0.00373419
        3651    -6.13322    -6.55667  0.00373496
        3652    -6.12939    -6.55655  0.00373577
        3653    -6.13295    -6.55643  0.00373655
        3654    -6.13218    -6.55632  0.00373733
        3655    -6.13227     -6.5562  0.00373811
        3656    -6.13378    -6.55609  0.00373887
        3657    -6.13304    -6.55597  0.00373964
        3658    -6.13182    -6.55585  0.00374041
        3659    -6.13105    -6.55574  0.00374119
        3660    -6.13148    -6.55562  0.00374197
        3661    -6.13143    -6.55551  0.00374274
        3662    -6.13106    -6.55539  0.00374351
        3663    -6.13206    -6.55528  0.00374427
        3664    -6.13304    -6.55516  0.00374502
        3665     -6.1335    -6.55505  0.00374577
        3666    -6.13271    -6.55493  0.00374652
        3667    -6.13084    -6.55481  0.00374728
        3668       -6.13     -6.5547  0.00374805
        3669    -6.13177    -6.55458   0.0037488
        3670    -6.13265    -6.55447  0.00374954
        3671    -6.13246    -6.55435  0.00375028
        3672     -6.1302    -6.55424  0.00375104
        3673    -6.12955    -6.55412   0.0037518
        3674    -6.12702    -6.55401  0.00375258
        3675    -6.12688    -6.55389  0.00375335
        3676    -6.12525    -6.55377  0.00375414
        3677    -6.12349    -6.55366  0.00375495
        3678    -6.12299    -6.55354  0.00375575
        3679    -6.12255    -6.55342  0.00375656
        3680    -6.12201     -6.5533  0.00375736
        3681    -6.12314    -6.55319  0.00375816
        3682    -6.12593    -6.55307  0.00375893
        3683    -6.12925    -6.55296  0.00375967
        3684     -6.1295    -6.55284  0.00376041
        3685    -6.13033    -6.55273  0.00376113
        3686    -6.13142    -6.55261  0.00376185
        3687    -6.13108     -6.5525  0.00376257
        3688    -6.13044    -6.55238  0.00376329
        3689    -6.12891    -6.55227  0.00376402
        3690    -6.12791    -6.55215  0.00376475
        3691    -6.13003    -6.55204  0.00376547
        3692    -6.12801    -6.55192   0.0037662
        3693    -6.12699    -6.55181  0.00376694
        3694    -6.12638    -6.55169  0.00376768
        3695     -6.1239    -6.55158  0.00376844
        3696    -6.12506    -6.55146  0.00376919
        3697    -6.12364    -6.55135  0.00376994
        3698    -6.12326    -6.55123   0.0037707
        3699    -6.12379    -6.55112  0.00377145
        3700    -6.12378      -6.551   0.0037722
        3701    -6.11921    -6.55088  0.00377298
        3702    -6.11845    -6.55077  0.00377377
        3703    -6.11948    -6.55065  0.00377455
        3704    -6.11899    -6.55053  0.00377533
        3705     -6.1203    -6.55042   0.0037761
        3706    -6.11778     -6.5503  0.00377688
        3707    -6.11733    -6.55018  0.00377767
        3708      -6.121    -6.55007  0.00377842
        3709    -6.12219    -6.54995  0.00377916
        3710    -6.12212    -6.54984   0.0037799
        3711    -6.12171    -6.54972  0.00378065
        3712    -6.12124    -6.54961  0.00378139
        3713    -6.12388    -6.54949  0.00378211
        3714    -6.12516    -6.54938  0.00378282
        3715    -6.12399    -6.54926  0.00378353
        3716    -6.12286    -6.54915  0.00378425
        3717    -6.12494    -6.54904  0.00378495
        3718    -6.12409    -6.54892  0.00378566
        3719    -6.12605    -6.54881  0.00378635
        3720    -6.12607    -6.54869  0.00378704
        3721    -6.12607    -6.54858  0.00378772
        3722    -6.12635    -6.54847   0.0037884
        3723    -6.12663    -6.54835  0.00378908
        3724    -6.12838    -6.54824  0.00378974
        3725    -6.12745    -6.54813  0.00379041
        3726    -6.12656    -6.54801  0.00379108
        3727    -6.12542     -6.5479  0.00379176
        3728    -6.12419    -6.54779  0.00379244
        3729    -6.12461    -6.54767  0.00379312
        3730    -6.12441    -6.54756   0.0037938
        3731    -6.12612    -6.54745  0.00379447
        3732    -6.12625    -6.54733  0.00379513
        3733     -6.1276    -6.54722  0.00379578
        3734     -6.1267    -6.54711  0.00379643
        3735    -6.12373      -6.547  0.00379711
        3736     -6.1207    -6.54688   0.0037978
        3737     -6.1198    -6.54677  0.00379851
        3738    -6.11836    -6.54665  0.00379922
        3739    -6.11425    -6.54654  0.00379996
        3740    -6.11431    -6.54642   0.0038007
        3741    -6.11347    -6.54631  0.00380145
        3742    -6.11585    -6.54619  0.00380217
        3743    -6.11715    -6.54608  0.00380288
        3744    -6.11582    -6.54596   0.0038036
        3745     -6.1176    -6.54585  0.00380431
        3746    -6.12017    -6.54573  0.00380499
        3747     -6.1192    -6.54562  0.00380568
        3748    -6.11485     -6.5455   0.0038064
        3749    -6.11051    -6.54539  0.00380715
        3750    -6.10801    -6.54527  0.00380792
        3751    -6.10798    -6.54516  0.00380869
        3752    -6.10637    -6.54504  0.00380947
        3753    -6.10493    -6.54492  0.00381026
        3754    -6.10434     -6.5448  0.00381105
        3755    -6.10366    -6.54469  0.00381185
        3756    -6.10203    -6.54457  0.00381265
        3757    -6.09975    -6.54445  0.00381348
        3758    -6.10177    -6.54433  0.00381428
        3759    -6.10228    -6.54422  0.00381508
        3760    -6.10497     -6.5441  0.00381585
        3761     -6.1051    -6.54398  0.00381662
        3762    -6.10335    -6.54386   0.0038174
        3763    -6.10307    -6.54375  0.00381819
        3764    -6.10351    -6.54363  0.00381896
        3765    -6.10401    -6.54351  0.00381973
        3766    -6.10221     -6.5434  0.00382052
        3767    -6.10321    -6.54328  0.00382129
        3768    -6.10618    -6.54316  0.00382203
        3769    -6.10795    -6.54305  0.00382276
        3770    -6.10687    -6.54293   0.0038235
        3771    -6.10925    -6.54282  0.00382422
        3772    -6.10755     -6.5427  0.00382494
        3773    -6.10778    -6.54259  0.00382566
        3774    -6.10353    -6.54247  0.00382642
        3775    -6.10304    -6.54235  0.00382718
        3776    -6.10321    -6.54224  0.00382793
        3777    -6.10393    -6.54212  0.00382867
        3778    -6.10264    -6.54201  0.00382943
        3779    -6.10332    -6.54189  0.00383017
        3780    -6.10097    -6.54177  0.00383094
        3781    -6.09868    -6.54166  0.00383171
        3782    -6.09746    -6.54154   0.0038325
        3783    -6.09793    -6.54142  0.00383328
        3784    -6.09896     -6.5413  0.00383405
        3785    -6.09874    -6.54119  0.00383482
        3786    -6.09704    -6.54107   0.0038356
        3787    -6.09715    -6.54095  0.00383638
        3788    -6.09778    -6.54084  0.00383715
        3789    -6.09797    -6.54072  0.00383792
        3790     -6.0957     -6.5406   0.0038387
        3791    -6.09287    -6.54048   0.0038395
        3792    -6.09188    -6.54036  0.00384031
        3793    -6.09198    -6.54025  0.00384112
        3794    -6.09184    -6.54013  0.00384193
        3795    -6.09148    -6.54001  0.00384273
        3796     -6.0907    -6.53989  0.00384354
        3797    -6.08991    -6.53977  0.00384436
        3798    -6.09038    -6.53965  0.00384517
        3799    -6.09196    -6.53954  0.00384596
        3800    -6.09283    -6.53942  0.00384674
        3801     -6.0927     -6.5393  0.00384753
        3802    -6.09242    -6.53918  0.00384831
        3803    -6.09042    -6.53907  0.00384911
        3804    -6.08769    -6.53895  0.00384992
        3805    -6.08818    -6.53883  0.00385073
        3806    -6.08944    -6.53871  0.00385153
        3807    -6.09152    -6.53859  0.00385231
        3808    -6.09234    -6.53848  0.00385308
        3809     -6.0899    -6.53836  0.00385387
        3810    -6.08998    -6.53824  0.00385465
        3811    -6.09267    -6.53812  0.00385541
        3812    -6.09439    -6.53801  0.00385616
        3813    -6.09607    -6.53789  0.00385689
        3814    -6.09241    -6.53777  0.00385765
        3815     -6.0887    -6.53766  0.00385843
        3816    -6.08971    -6.53754  0.00385921
        3817    -6.08825    -6.53742  0.00385999
        3818    -6.08637     -6.5373  0.00386079
        3819     -6.0871    -6.53719  0.00386157
        3820     -6.0849    -6.53707  0.00386238
        3821    -6.08743    -6.53695  0.00386316
        3822    -6.08688    -6.53683  0.00386394
        3823    -6.08509    -6.53671  0.00386474
        3824    -6.08492     -6.5366  0.00386553
        3825    -6.08348    -6.53648  0.00386634
        3826     -6.0849    -6.53636  0.00386713
        3827    -6.08563    -6.53624  0.00386791
        3828    -6.08647    -6.53612  0.00386868
        3829    -6.08742    -6.53601  0.00386945
        3830    -6.09036    -6.53589  0.00387019
        3831    -6.09238    -6.53577  0.00387091
        3832    -6.09268    -6.53566  0.00387162
        3833    -6.09151    -6.53554  0.00387235
        3834    -6.09171    -6.53543  0.00387307
        3835    -6.09154    -6.53531  0.00387379
        3836    -6.08996     -6.5352  0.00387452
        3837     -6.0939    -6.53508  0.00387521
        3838    -6.09478    -6.53497   0.0038759
        3839    -6.09222    -6.53485  0.00387661
        3840    -6.09385    -6.53474   0.0038773
        3841    -6.09498    -6.53462  0.00387798
        3842    -6.09624    -6.53451  0.00387865
        3843    -6.09549    -6.53439  0.00387932
        3844    -6.09273    -6.53428  0.00388001
        3845    -6.09204    -6.53416  0.00388071
        3846    -6.09319    -6.53405  0.00388139
        3847    -6.09318    -6.53393  0.00388207
        3848    -6.09356    -6.53382  0.00388275
        3849    -6.09272     -6.5337  0.00388343
        3850      -6.091    -6.53359  0.00388413
        3851     -6.0883    -6.53347  0.00388484
        3852    -6.09259    -6.53336  0.00388552
        3853    -6.09371    -6.53325  0.00388618
        3854    -6.09443    -6.53313  0.00388684
        3855    -6.09293    -6.53302  0.00388751
        3856    -6.09388     -6.5329  0.00388817
        3857    -6.09388    -6.53279  0.00388883
        3858    -6.09273    -6.53268  0.00388949
        3859    -6.09243    -6.53256  0.00389016
        3860     -6.0921    -6.53245  0.00389082
        3861    -6.09325    -6.53233  0.00389148
        3862    -6.09397    -6.53222  0.00389213
        3863    -6.09389    -6.53211  0.00389277
        3864     -6.0939    -6.53199  0.00389342
        3865    -6.09434    -6.53188  0.00389405
        3866    -6.09218    -6.53177  0.00389471
        3867    -6.09117    -6.53165  0.00389537
        3868    -6.08911    -6.53154  0.00389604
        3869     -6.0895    -6.53142  0.00389671
        3870    -6.08605    -6.53131   0.0038974
        3871    -6.08517    -6.53119   0.0038981
        3872    -6.08231    -6.53108  0.00389881
        3873    -6.08241    -6.53096  0.00389953
        3874    -6.08308    -6.53085  0.00390023
        3875    -6.08582    -6.53073  0.00390092
        3876    -6.08613    -6.53062   0.0039016
        3877    -6.08277     -6.5305   0.0039023
        3878    -6.08532    -6.53039  0.00390298
        3879    -6.08536    -6.53027  0.00390366
        3880    -6.08714    -6.53016  0.00390433
        3881    -6.08713    -6.53004  0.00390499
        3882    -6.08602    -6.52993  0.00390566
        3883    -6.08561    -6.52981  0.00390633
        3884    -6.08463     -6.5297    0.003907
        3885    -6.08239    -6.52958  0.00390769
        3886    -6.08086    -6.52947  0.00390839
        3887    -6.08093    -6.52935  0.00390909
        3888     -6.0821    -6.52924  0.00390978
        3889    -6.08358    -6.52912  0.00391045
        3890    -6.08477    -6.52901  0.00391112
        3891    -6.08529     -6.5289  0.00391177
        3892    -6.08353    -6.52878  0.00391244
        3893     -6.0875    -6.52867  0.00391308
        3894    -6.09036    -6.52856  0.00391369
        3895    -6.08603    -6.52844  0.00391434
        3896    -6.08854    -6.52833  0.00391496
        3897    -6.08507    -6.52822  0.00391561
        3898    -6.08807     -6.5281  0.00391623
        3899    -6.08521    -6.52799  0.00391687
        3900    -6.08404    -6.52787  0.00391752
        3901    -6.07969    -6.52776   0.0039182
        3902    -6.07806    -6.52764  0.00391889
        3903     -6.0767    -6.52753  0.00391959
        3904    -6.07776    -6.52741  0.00392028
        3905    -6.07807     -6.5273  0.00392096
        3906    -6.07817    -6.52718  0.00392165
        3907    -6.08018    -6.52707  0.00392231
        3908    -6.08056    -6.52696  0.00392297
        3909    -6.08161    -6.52684  0.00392362
        3910    -6.08349    -6.52673  0.00392426
        3911    -6.07983    -6.52661  0.00392492
        3912    -6.08088     -6.5265  0.00392557
        3913    -6.07907    -6.52639  0.00392623
        3914    -6.08119    -6.52627  0.00392687
        3915    -6.07763    -6.52616  0.00392754
        3916    -6.07883    -6.52604   0.0039282
        3917    -6.08106    -6.52593  0.00392884
        3918    -6.08201    -6.52582  0.00392947
        3919    -6.08482     -6.5257  0.00393008
        3920    -6.08277    -6.52559   0.0039307
        3921    -6.08661    -6.52548  0.00393129
        3922    -6.08363    -6.52537   0.0039319
        3923    -6.08386    -6.52525  0.00393251
        3924    -6.08142    -6.52514  0.00393313
        3925    -6.08375    -6.52503  0.00393374
        3926    -6.08558    -6.52492  0.00393433
        3927    -6.08561     -6.5248  0.00393492
        3928    -6.08529    -6.52469  0.00393551
        3929    -6.08542    -6.52458  0.00393609
        3930    -6.08652    -6.52447  0.00393667
        3931    -6.08574    -6.52436  0.00393725
        3932    -6.08654    -6.52425  0.00393782
        3933    -6.08518    -6.52413   0.0039384
        3934    -6.08433    -6.52402  0.00393899
        3935    -6.08542    -6.52391  0.00393956
        3936    -6.08658     -6.5238  0.00394013
        3937    -6.08496    -6.52369   0.0039407
        3938    -6.08653    -6.52358  0.00394127
        3939    -6.08265    -6.52347  0.00394186
        3940     -6.0811    -6.52335  0.00394245
        3941    -6.08233    -6.52324  0.00394304
        3942    -6.08261    -6.52313  0.00394363
        3943    -6.08342    -6.52302   0.0039442
        3944    -6.08319    -6.52291  0.00394478
        3945     -6.0821    -6.52279  0.00394536
        3946    -6.08293    -6.52268  0.00394593
        3947    -6.08047    -6.52257  0.00394652
        3948    -6.07938    -6.52246  0.00394712
        3949    -6.07847    -6.52235  0.00394772
        3950    -6.07976    -6.52223  0.00394831
        3951    -6.07863    -6.52212  0.00394891
        3952    -6.07756    -6.52201  0.00394951
        3953    -6.07784     -6.5219  0.00395011
        3954    -6.07711    -6.52178  0.00395071
        3955    -6.07491    -6.52167  0.00395133
        3956    -6.07643    -6.52156  0.00395193
        3957    -6.07539    -6.52145  0.00395254
        3958    -6.07266    -6.52133  0.00395317
        3959    -6.07018    -6.52122  0.00395381
        3960    -6.07006    -6.52111  0.00395446
        3961    -6.07038    -6.52099   0.0039551
        3962     -6.0732    -6.52088  0.00395571
        3963    -6.07479    -6.52077  0.00395632
        3964    -6.07635    -6.52065  0.00395691
        3965    -6.08026    -6.52054  0.00395747
        3966     -6.0787    -6.52043  0.00395804
        3967    -6.07704    -6.52032  0.00395862
        3968    -6.07824    -6.52021  0.00395919
        3969    -6.08304     -6.5201  0.00395972
        3970    -6.08116    -6.51999  0.00396027
        3971    -6.08505    -6.51988  0.00396078
        3972    -6.08617    -6.51977  0.00396129
        3973    -6.08679    -6.51966  0.00396179
        3974    -6.08433    -6.51955  0.00396231
        3975    -6.08239    -6.51944  0.00396284
        3976    -6.08036    -6.51933  0.00396338
        3977    -6.07778    -6.51922  0.00396394
        3978    -6.07818    -6.51911  0.00396449
        3979    -6.07644      -6.519  0.00396506
        3980    -6.07623    -6.51889  0.00396562
        3981    -6.07395    -6.51877   0.0039662
        3982    -6.07401    -6.51866  0.00396678
        3983    -6.07433    -6.51855  0.00396735
        3984    -6.07674    -6.51844   0.0039679
        3985    -6.07151    -6.51833  0.00396849
        3986    -6.07284    -6.51822  0.00396907
        3987    -6.07476     -6.5181  0.00396963
        3988    -6.07356    -6.51799   0.0039702
        3989    -6.07787    -6.51788  0.00397074
        3990    -6.07821    -6.51777  0.00397127
        3991    -6.08112    -6.51766  0.00397178
        3992    -6.08388    -6.51755  0.00397227
        3993    -6.08525    -6.51745  0.00397276
        3994    -6.08502    -6.51734  0.00397324
        3995    -6.08557    -6.51723  0.00397371
        3996     -6.0839    -6.51712   0.0039742
        3997    -6.08409    -6.51701  0.00397468
        3998    -6.08508     -6.5169  0.00397515
        3999    -6.08365     -6.5168  0.00397563
        4000    -6.08504    -6.51669   0.0039761
        4001    -6.08394    -6.51658  0.00397658
        4002    -6.08271    -6.51647  0.00397707
        4003    -6.08302    -6.51636  0.00397755
        4004    -6.08497    -6.51626  0.00397801
        4005    -6.08408    -6.51615  0.00397848
        4006     -6.0809    -6.51604  0.00397897
        4007    -6.08471    -6.51593  0.00397943
        4008    -6.08261    -6.51582  0.00397991
        4009    -6.08352    -6.51572  0.00398038
        4010    -6.08189    -6.51561  0.00398086
        4011    -6.07752     -6.5155  0.00398136
        4012    -6.08142    -6.51539  0.00398184
        4013    -6.08383    -6.51528   0.0039823
        4014    -6.08158    -6.51517  0.00398277
        4015    -6.07961    -6.51507  0.00398326
        4016    -6.07832    -6.51496  0.00398375
        4017     -6.0769    -6.51485  0.00398425
        4018    -6.07621    -6.51474  0.00398475
        4019    -6.07868    -6.51463  0.00398524
        4020    -6.07941    -6.51452  0.00398572
        4021    -6.07737    -6.51441  0.00398621
        4022    -6.07956    -6.51431  0.00398668
        4023    -6.08129     -6.5142  0.00398715
        4024     -6.0774    -6.51409  0.00398763
        4025    -6.07648    -6.51398  0.00398812
        4026    -6.07606    -6.51387  0.00398862
        4027    -6.07569    -6.51376  0.00398911
        4028    -6.07689    -6.51365  0.00398959
        4029    -6.07666    -6.51355  0.00399008
        4030    -6.07806    -6.51344  0.00399055
        4031    -6.08025    -6.51333  0.00399101
        4032    -6.07877    -6.51322  0.00399147
        4033    -6.07854    -6.51311  0.00399194
        4034    -6.07626    -6.51301  0.00399242
        4035    -6.07496     -6.5129   0.0039929
        4036    -6.07444    -6.51279  0.00399339
        4037    -6.07663    -6.51268  0.00399386
        4038     -6.0739    -6.51257  0.00399435
        4039    -6.07193    -6.51246  0.00399485
        4040    -6.07334    -6.51235  0.00399534
        4041    -6.06944    -6.51225  0.00399586
        4042    -6.06626    -6.51214  0.00399639
        4043    -6.06951    -6.51203   0.0039969
        4044    -6.06833    -6.51192  0.00399742
        4045    -6.06861    -6.51181  0.00399793
        4046    -6.06687     -6.5117  0.00399846
        4047    -6.06447    -6.51159    0.003999
        4048    -6.06398    -6.51148  0.00399954
        4049    -6.06227    -6.51136  0.00400009
        4050      -6.064    -6.51125  0.00400062
        4051    -6.06369    -6.51114  0.00400116
        4052    -6.06503    -6.51103  0.00400169
        4053    -6.06558    -6.51092  0.00400221
        4054    -6.06621    -6.51081  0.00400273
        4055    -6.06368     -6.5107  0.00400326
        4056    -6.06316    -6.51059  0.00400379
        4057    -6.06383    -6.51048  0.00400432
        4058    -6.06417    -6.51037  0.00400484
        4059    -6.06367    -6.51026  0.00400537
        4060    -6.06337    -6.51015  0.00400589
        4061    -6.06308    -6.51004  0.00400642
        4062    -6.06261    -6.50993  0.00400695
        4063    -6.06305    -6.50982  0.00400747
        4064    -6.06245    -6.50971  0.00400799
        4065    -6.06515     -6.5096   0.0040085
        4066    -6.06522    -6.50949    0.004009
        4067    -6.06492    -6.50938  0.00400951
        4068     -6.0655    -6.50928  0.00401001
        4069    -6.06396    -6.50917  0.00401051
        4070    -6.06344    -6.50906  0.00401102
        4071    -6.06397    -6.50895  0.00401153
        4072    -6.06306    -6.50884  0.00401204
        4073    -6.06536    -6.50873  0.00401253
        4074    -6.06434    -6.50862  0.00401303
        4075     -6.0632    -6.50851  0.00401353
        4076    -6.06178     -6.5084  0.00401404
        4077    -6.05948    -6.50829  0.00401457
        4078    -6.05762    -6.50818   0.0040151
        4079    -6.05362    -6.50807  0.00401567
        4080    -6.05561    -6.50796  0.00401621
        4081    -6.05548    -6.50785  0.00401676
        4082    -6.05602    -6.50774   0.0040173
        4083    -6.05601    -6.50763  0.00401784
        4084    -6.05528    -6.50751  0.00401838
        4085    -6.05294     -6.5074  0.00401894
        4086    -6.05215    -6.50729   0.0040195
        4087    -6.05333    -6.50718  0.00402005
        4088    -6.05563    -6.50707  0.00402058
        4089    -6.05515    -6.50696  0.00402112
        4090    -6.05716    -6.50685  0.00402164
        4091    -6.05521    -6.50674  0.00402217
        4092    -6.05348    -6.50663  0.00402271
        4093     -6.0532    -6.50652  0.00402326
        4094    -6.05152    -6.50641  0.00402381
        4095    -6.05235     -6.5063  0.00402435
        4096    -6.05191    -6.50619   0.0040249
        4097    -6.05064    -6.50607  0.00402545
        4098    -6.05055    -6.50596    0.004026
        4099     -6.0538    -6.50585  0.00402653
        4100    -6.05683    -6.50574  0.00402704
        4101    -6.05675    -6.50563  0.00402755
        4102    -6.05893    -6.50552  0.00402804
        4103    -6.05856    -6.50542  0.00402853
        4104    -6.05604    -6.50531  0.00402903
        4105    -6.05811     -6.5052  0.00402952
        4106     -6.0568    -6.50509  0.00403002
        4107    -6.05392    -6.50498  0.00403054
        4108    -6.05365    -6.50487  0.00403105
        4109    -6.05075    -6.50476  0.00403159
        4110    -6.04796    -6.50465  0.00403214
        4111    -6.04772    -6.50454  0.00403269
        4112    -6.04902    -6.50442  0.00403323
        4113    -6.05081    -6.50431  0.00403376
        4114    -6.05318     -6.5042  0.00403427
        4115    -6.05225    -6.50409  0.00403478
        4116    -6.05151    -6.50399   0.0040353
        4117    -6.05213    -6.50388  0.00403581
        4118    -6.05118    -6.50377  0.00403633
        4119    -6.05043    -6.50366  0.00403685
        4120    -6.04863    -6.50354  0.00403738
        4121    -6.04614    -6.50343  0.00403792
        4122    -6.04751    -6.50332  0.00403846
        4123    -6.04531    -6.50321  0.00403901
        4124    -6.04889     -6.5031  0.00403953
        4125     -6.0517    -6.50299  0.00404003
        4126     -6.0507    -6.50288  0.00404054
        4127    -6.04944    -6.50277  0.00404106
        4128    -6.05123    -6.50266  0.00404156
        4129    -6.05191    -6.50255  0.00404205
        4130    -6.05325    -6.50245  0.00404254
        4131    -6.05683    -6.50234    0.004043
        4132    -6.05974    -6.50223  0.00404344
        4133    -6.05881    -6.50212  0.00404388
        4134    -6.05708    -6.50202  0.00404434
        4135    -6.05531    -6.50191   0.0040448
        4136    -6.05862     -6.5018  0.00404524
        4137     -6.0585    -6.50169  0.00404568
        4138    -6.05907    -6.50159  0.00404612
        4139    -6.05958    -6.50148  0.00404655
        4140    -6.05895    -6.50137  0.00404699
        4141    -6.05811    -6.50127  0.00404742
        4142     -6.0577    -6.50116  0.00404786
        4143    -6.05818    -6.50105   0.0040483
        4144    -6.05883    -6.50095  0.00404873
        4145    -6.05573    -6.50084  0.00404918
        4146    -6.05634    -6.50073  0.00404962
        4147    -6.05682    -6.50062  0.00405006
        4148    -6.05772    -6.50052  0.00405049
        4149    -6.05856    -6.50041  0.00405091
        4150    -6.05951     -6.5003  0.00405133
        4151    -6.06202     -6.5002  0.00405173
        4152    -6.06083    -6.50009  0.00405213
        4153    -6.06236    -6.49999  0.00405253
        4154    -6.06033    -6.49988  0.00405293
        4155    -6.06113    -6.49978  0.00405333
        4156    -6.05882    -6.49967  0.00405375
        4157    -6.06003    -6.49956  0.00405415
        4158    -6.05863    -6.49946  0.00405456
        4159    -6.05847    -6.49935  0.00405497
        4160    -6.05732    -6.49925  0.00405539
        4161    -6.05654    -6.49914  0.00405581
        4162    -6.05904    -6.49903  0.00405622
        4163      -6.059    -6.49893  0.00405662
        4164    -6.05775    -6.49882  0.00405703
        4165    -6.05684    -6.49872  0.00405744
        4166     -6.0535    -6.49861  0.00405787
        4167    -6.05292     -6.4985  0.00405831
        4168    -6.05204    -6.49839  0.00405875
        4169    -6.05261    -6.49829  0.00405918
        4170    -6.05235    -6.49818  0.00405962
        4171    -6.05894    -6.49808  0.00406001
        4172    -6.05707    -6.49797  0.00406041
        4173    -6.05455    -6.49786  0.00406083
        4174    -6.05728    -6.49776  0.00406123
        4175    -6.05914    -6.49765  0.00406162
        4176    -6.05794    -6.49755  0.00406201
        4177    -6.05486    -6.49744  0.00406242
        4178    -6.05674    -6.49734  0.00406281
        4179    -6.05496    -6.49723  0.00406322
        4180     -6.0513    -6.49712  0.00406365
        4181    -6.04832    -6.49702   0.0040641
        4182    -6.05013    -6.49691  0.00406453
        4183    -6.04858     -6.4968  0.00406497
        4184    -6.05016     -6.4967   0.0040654
        4185    -6.04751    -6.49659  0.00406584
        4186    -6.04748    -6.49648  0.00406629
        4187    -6.04734    -6.49637  0.00406673
        4188     -6.0465    -6.49627  0.00406718
        4189     -6.0497    -6.49616  0.00406761
        4190    -6.04854    -6.49605  0.00406804
        4191     -6.0459    -6.49595  0.00406848
        4192    -6.04612    -6.49584  0.00406893
        4193    -6.04989    -6.49573  0.00406935
        4194    -6.04842    -6.49562  0.00406977
        4195    -6.04642    -6.49552  0.00407021
        4196    -6.04508    -6.49541  0.00407066
        4197    -6.04637     -6.4953  0.00407109
        4198    -6.04508     -6.4952  0.00407154
        4199    -6.04737    -6.49509  0.00407196
        4200    -6.04808    -6.49498  0.00407239
        4201    -6.04749    -6.49488  0.00407281
        4202    -6.04705    -6.49477  0.00407323
        4203    -6.04771    -6.49466  0.00407365
        4204    -6.04565    -6.49456  0.00407408
        4205    -6.04549    -6.49445  0.00407451
        4206    -6.04349    -6.49434  0.00407496
        4207    -6.04312    -6.49424   0.0040754
        4208    -6.04041    -6.49413  0.00407586
        4209    -6.03832    -6.49402  0.00407633
        4210       -6.04    -6.49391  0.00407679
        4211    -6.03846     -6.4938  0.00407725
        4212    -6.03889     -6.4937  0.00407771
        4213    -6.03866    -6.49359  0.00407818
        4214     -6.0359    -6.49348  0.00407865
        4215    -6.03683    -6.49337  0.00407913
        4216    -6.03476    -6.49326  0.00407961
        4217    -6.03421    -6.49315  0.00408009
        4218    -6.03219    -6.49304  0.00408059
        4219    -6.03472    -6.49293  0.00408107
        4220    -6.03248    -6.49283  0.00408156
        4221    -6.03491    -6.49272  0.00408203
        4222    -6.03198    -6.49261  0.00408252
        4223    -6.03263     -6.4925  0.00408301
        4224    -6.03216    -6.49239   0.0040835
        4225    -6.03154    -6.49228  0.00408399
        4226    -6.03189    -6.49217  0.00408447
        4227    -6.03315    -6.49206  0.00408495
        4228    -6.03356    -6.49196  0.00408542
        4229    -6.03476    -6.49185  0.00408589
        4230    -6.03566    -6.49174  0.00408635
        4231    -6.03411    -6.49163  0.00408681
        4232    -6.03257    -6.49152  0.00408728
        4233    -6.02706    -6.49141  0.00408779
        4234    -6.02678     -6.4913   0.0040883
        4235    -6.02514    -6.49119  0.00408882
        4236    -6.02412    -6.49108  0.00408934
        4237    -6.02134    -6.49097  0.00408987
        4238    -6.02132    -6.49086  0.00409041
        4239    -6.02051    -6.49075  0.00409095
        4240     -6.0229    -6.49064  0.00409147
        4241    -6.02245    -6.49053    0.004092
        4242    -6.02067    -6.49042  0.00409253
        4243    -6.02219    -6.49031  0.00409305
        4244     -6.0237     -6.4902  0.00409357
        4245    -6.02134    -6.49009  0.00409409
        4246      -6.024    -6.48998   0.0040946
        4247    -6.02302    -6.48987  0.00409511
        4248    -6.02182    -6.48976  0.00409563
        4249     -6.0225    -6.48965  0.00409614
        4250    -6.02392    -6.48954  0.00409664
        4251    -6.02172    -6.48943  0.00409716
        4252    -6.02267    -6.48932  0.00409766
        4253    -6.02166    -6.48921  0.00409817
        4254    -6.01828     -6.4891  0.00409871
        4255    -6.01813    -6.48899  0.00409924
        4256    -6.01742    -6.48888  0.00409977
        4257    -6.01845    -6.48877   0.0041003
        4258     -6.0164    -6.48866  0.00410083
        4259    -6.01595    -6.48854  0.00410137
        4260    -6.01429    -6.48843  0.00410192
        4261    -6.01075    -6.48832  0.00410249
        4262    -6.00848    -6.48821  0.00410307
        4263    -6.01034     -6.4881  0.00410364
        4264    -6.01147    -6.48798   0.0041042
        4265    -6.01216    -6.48787  0.00410475
        4266    -6.01293    -6.48776   0.0041053
        4267     -6.0143    -6.48765  0.00410584
        4268    -6.01101    -6.48754   0.0041064
        4269    -6.01084    -6.48743  0.00410695
        4270     -6.0107    -6.48732  0.00410751
        4271    -6.01128     -6.4872  0.00410806
        4272    -6.01054    -6.48709  0.00410861
        4273    -6.00961    -6.48698  0.00410917
        4274    -6.01014    -6.48687  0.00410972
        4275    -6.01013    -6.48676  0.00411027
        4276    -6.01316    -6.48665   0.0041108
        4277    -6.01305    -6.48654  0.00411133
        4278    -6.01114    -6.48642  0.00411187
        4279    -6.01161    -6.48631  0.00411241
        4280    -6.00927     -6.4862  0.00411296
        4281    -6.00856    -6.48609  0.00411351
        4282    -6.00763    -6.48598  0.00411407
        4283     -6.0067    -6.48587  0.00411463
        4284    -6.01085    -6.48576  0.00411516
        4285     -6.0125    -6.48565  0.00411568
        4286    -6.00988    -6.48553  0.00411622
        4287     -6.0058    -6.48542  0.00411678
        4288    -6.00641    -6.48531  0.00411734
        4289    -6.00449     -6.4852   0.0041179
        4290    -6.00499    -6.48509  0.00411846
        4291    -6.00731    -6.48498  0.00411901
        4292     -6.0069    -6.48486  0.00411955
        4293    -6.00382    -6.48475  0.00412012
        4294    -6.00047    -6.48464   0.0041207
        4295    -5.99935    -6.48453  0.00412129
        4296    -5.99948    -6.48441  0.00412188
        4297    -5.99756     -6.4843  0.00412248
        4298    -5.99926    -6.48419  0.00412306
        4299    -6.00017    -6.48408  0.00412364
        4300    -5.99948    -6.48396  0.00412422
        4301    -6.00131    -6.48385  0.00412479
        4302    -6.00181    -6.48374  0.00412535
        4303    -6.00048    -6.48363  0.00412592
        4304    -5.99978    -6.48351  0.00412649
        4305    -5.99728     -6.4834  0.00412708
        4306    -5.99469    -6.48329  0.00412768
        4307    -5.99362    -6.48317  0.00412829
        4308    -5.99391    -6.48306  0.00412889
        4309    -5.99405    -6.48295  0.00412949
        4310    -5.99395    -6.48283  0.00413009
        4311    -5.99397    -6.48272  0.00413069
        4312    -5.99163    -6.48261   0.0041313
        4313    -5.99419    -6.48249   0.0041319
        4314    -5.99121    -6.48238  0.00413251
        4315    -5.99051    -6.48226  0.00413312
        4316    -5.99421    -6.48215  0.00413371
        4317    -5.99182    -6.48204  0.00413431
        4318    -5.99148    -6.48192  0.00413492
        4319    -5.99117    -6.48181  0.00413552
        4320    -5.99023     -6.4817  0.00413613
        4321    -5.98831    -6.48158  0.00413675
        4322    -5.98866    -6.48147  0.00413736
        4323    -5.98925    -6.48135  0.00413797
        4324    -5.98964    -6.48124  0.00413858
        4325     -5.9879    -6.48113  0.00413919
        4326    -5.98855    -6.48101   0.0041398
        4327    -5.98748     -6.4809  0.00414042
        4328     -5.9874    -6.48078  0.00414103
        4329    -5.98313    -6.48067  0.00414167
        4330    -5.98245    -6.48055  0.00414231
        4331    -5.98228    -6.48044  0.00414295
        4332    -5.98037    -6.48032   0.0041436
        4333    -5.97827    -6.48021  0.00414426
        4334    -5.97421    -6.48009  0.00414495
        4335    -5.97249    -6.47997  0.00414565
        4336    -5.97191    -6.47986  0.00414635
        4337    -5.97305    -6.47974  0.00414704
        4338    -5.96966    -6.47962  0.00414775
        4339    -5.97186    -6.47951  0.00414845
        4340    -5.96972    -6.47939  0.00414915
        4341     -5.9702    -6.47927  0.00414985
        4342     -5.9678    -6.47915  0.00415057
        4343    -5.96733    -6.47904  0.00415129
        4344    -5.96425    -6.47892  0.00415202
        4345    -5.96317     -6.4788  0.00415276
        4346    -5.96455    -6.47868  0.00415349
        4347    -5.96333    -6.47856  0.00415423
        4348    -5.96658    -6.47844  0.00415494
        4349    -5.96899    -6.47833  0.00415564
        4350    -5.96485    -6.47821  0.00415636
        4351    -5.96476    -6.47809  0.00415708
        4352     -5.9643    -6.47797   0.0041578
        4353    -5.96395    -6.47785  0.00415852
        4354    -5.96245    -6.47774  0.00415925
        4355    -5.96033    -6.47762  0.00415999
        4356    -5.96308     -6.4775  0.00416071
        4357    -5.96139    -6.47738  0.00416144
        4358    -5.96094    -6.47726  0.00416218
        4359    -5.96261    -6.47714  0.00416289
        4360    -5.96143    -6.47703  0.00416362
        4361    -5.96045    -6.47691  0.00416435
        4362    -5.96225    -6.47679  0.00416507
        4363    -5.96551    -6.47667  0.00416576
        4364    -5.96478    -6.47655  0.00416646
        4365    -5.96769    -6.47644  0.00416713
        4366    -5.96469    -6.47632  0.00416783
        4367    -5.96343     -6.4762  0.00416853
        4368    -5.96354    -6.47609  0.00416922
        4369    -5.96341    -6.47597  0.00416992
        4370    -5.96084    -6.47585  0.00417063
        4371    -5.96179    -6.47573  0.00417134
        4372    -5.96038    -6.47562  0.00417205
        4373    -5.96185     -6.4755  0.00417275
        4374    -5.96156    -6.47538  0.00417345
        4375    -5.96012    -6.47526  0.00417415
        4376    -5.95962    -6.47514  0.00417486
        4377    -5.96179    -6.47503  0.00417556
        4378    -5.96084    -6.47491  0.00417625
        4379    -5.96173    -6.47479  0.00417694
        4380    -5.95796    -6.47468  0.00417766
        4381    -5.95399    -6.47456  0.00417839
        4382    -5.95522    -6.47444  0.00417912
        4383    -5.95761    -6.47432  0.00417983
        4384    -5.95997     -6.4742  0.00418052
        4385      -5.958    -6.47408  0.00418123
        4386    -5.96079    -6.47397  0.00418191
        4387    -5.96348    -6.47385  0.00418258
        4388    -5.96032    -6.47373  0.00418326
        4389    -5.95806    -6.47362  0.00418396
        4390    -5.96005     -6.4735  0.00418464
        4391    -5.95842    -6.47338  0.00418533
        4392    -5.96414    -6.47327  0.00418598
        4393    -5.96443    -6.47315  0.00418663
        4394    -5.96611    -6.47304  0.00418727
        4395    -5.96334    -6.47292  0.00418792
        4396    -5.96705     -6.4728  0.00418855
        4397    -5.96745    -6.47269  0.00418917
        4398    -5.96752    -6.47257   0.0041898
        4399    -5.96411    -6.47246  0.00419044
        4400    -5.96863    -6.47234  0.00419105
        4401    -5.97181    -6.47223  0.00419164
        4402    -5.97256    -6.47212  0.00419222
        4403    -5.97235      -6.472  0.00419281
        4404     -5.9736    -6.47189  0.00419338
        4405     -5.9726    -6.47178  0.00419396
        4406    -5.97457    -6.47166  0.00419453
        4407    -5.97308    -6.47155   0.0041951
        4408    -5.96961    -6.47144   0.0041957
        4409     -5.9729    -6.47132  0.00419627
        4410    -5.97421    -6.47121  0.00419683
        4411    -5.97633     -6.4711  0.00419738
        4412    -5.97846    -6.47099  0.00419791
        4413    -5.97802    -6.47088  0.00419845
        4414    -5.98131    -6.47076  0.00419896
        4415    -5.98239    -6.47065  0.00419947
        4416    -5.98209    -6.47054  0.00419997
        4417    -5.98395    -6.47043  0.00420047
        4418    -5.98593    -6.47032  0.00420095
        4419    -5.98202    -6.47021  0.00420145
        4420    -5.98267     -6.4701  0.00420195
        4421    -5.97821    -6.46999  0.00420247
        4422    -5.97324    -6.46988  0.00420302
        4423     -5.9783    -6.46977  0.00420354
        4424    -5.98208    -6.46966  0.00420403
        4425    -5.98283    -6.46955  0.00420452
        4426    -5.97947    -6.46944  0.00420503
        4427     -5.9823    -6.46933  0.00420552
        4428     -5.9818    -6.46922  0.00420601
        4429    -5.98102    -6.46911  0.00420651
        4430    -5.98187      -6.469  0.00420699
        4431    -5.98453    -6.46889  0.00420747
        4432    -5.98599    -6.46878  0.00420793
        4433    -5.98706    -6.46867  0.00420838
        4434    -5.98858    -6.46856  0.00420882
        4435    -5.98824    -6.46845  0.00420927
        4436    -5.98541    -6.46834  0.00420973
        4437    -5.98677    -6.46824  0.00421018
        4438    -5.98587    -6.46813  0.00421063
        4439    -5.98856    -6.46802  0.00421107
        4440    -5.98614    -6.46791  0.00421152
        4441    -5.98948     -6.4678  0.00421195
        4442    -5.99208     -6.4677  0.00421236
        4443    -5.99164    -6.46759  0.00421278
        4444    -5.99122    -6.46748  0.00421319
        4445    -5.98747    -6.46737  0.00421363
        4446    -5.98787    -6.46727  0.00421406
        4447    -5.99053    -6.46716  0.00421447
        4448    -5.99035    -6.46705  0.00421489
        4449     -5.9901    -6.46694  0.00421531
        4450    -5.99128    -6.46684  0.00421571
        4451    -5.98927    -6.46673  0.00421613
        4452    -5.98781    -6.46662  0.00421656
        4453    -5.98765    -6.46651  0.00421698
        4454    -5.98544    -6.46641  0.00421742
        4455    -5.98711     -6.4663  0.00421784
        4456    -5.98624    -6.46619  0.00421827
        4457      -5.986    -6.46608   0.0042187
        4458    -5.98649    -6.46598  0.00421913
        4459    -5.98571    -6.46587  0.00421956
        4460    -5.98813    -6.46576  0.00421997
        4461     -5.9878    -6.46565  0.00422038
        4462    -5.98925    -6.46555  0.00422079
        4463    -5.98716    -6.46544   0.0042212
        4464    -5.98904    -6.46533  0.00422161
        4465    -5.98822    -6.46523  0.00422201
        4466      -5.989    -6.46512  0.00422241
        4467    -5.99326    -6.46501  0.00422279
        4468     -5.9908    -6.46491  0.00422318
        4469    -5.99019     -6.4648  0.00422357
        4470    -5.98936     -6.4647  0.00422396
        4471    -5.98567    -6.46459  0.00422438
        4472    -5.98513    -6.46448  0.00422479
        4473    -5.98397    -6.46437  0.00422521
        4474    -5.98039    -6.46427  0.00422565
        4475    -5.97862    -6.46416   0.0042261
        4476    -5.97683    -6.46405  0.00422656
        4477    -5.97348    -6.46394  0.00422704
        4478    -5.97373    -6.46383  0.00422751
        4479     -5.9734    -6.46372  0.00422798
        4480      -5.974    -6.46361  0.00422845
        4481    -5.97288     -6.4635  0.00422893
        4482    -5.97107    -6.46339  0.00422941
        4483    -5.96978    -6.46328   0.0042299
        4484    -5.97129    -6.46317  0.00423038
        4485    -5.97376    -6.46306  0.00423084
        4486    -5.97281    -6.46295  0.00423131
        4487    -5.97432    -6.46284  0.00423177
        4488    -5.97415    -6.46274  0.00423223
        4489    -5.97284    -6.46263  0.00423269
        4490    -5.97222    -6.46252  0.00423316
        4491    -5.97247    -6.46241  0.00423362
        4492    -5.97321     -6.4623  0.00423408
        4493    -5.97355    -6.46219  0.00423453
        4494    -5.97304    -6.46208  0.00423499
        4495    -5.96912    -6.46197  0.00423547
        4496    -5.96713    -6.46186  0.00423596
        4497    -5.96458    -6.46175  0.00423646
        4498    -5.96202    -6.46164  0.00423697
        4499     -5.9619    -6.46153  0.00423749
        4500    -5.96481    -6.46142  0.00423798
        4501    -5.96032    -6.46131   0.0042385
        4502    -5.96093     -6.4612  0.00423902
        4503    -5.96313    -6.46109  0.00423952
        4504    -5.96158    -6.46097  0.00424003
        4505     -5.9645    -6.46086  0.00424052
        4506    -5.96487    -6.46075  0.00424101
        4507    -5.96575    -6.46064  0.00424149
        4508    -5.96393    -6.46053  0.00424198
        4509    -5.96313    -6.46042  0.00424247
        4510     -5.9631    -6.46031  0.00424296
        4511    -5.96326     -6.4602  0.00424345
        4512    -5.96178    -6.46009  0.00424395
        4513    -5.96197    -6.45998  0.00424444
        4514    -5.95943    -6.45987  0.00424495
        4515    -5.95709    -6.45976  0.00424547
        4516    -5.95427    -6.45965  0.00424601
        4517    -5.95446    -6.45954  0.00424654
        4518    -5.95216    -6.45942  0.00424708
        4519    -5.94884    -6.45931  0.00424765
        4520     -5.9484     -6.4592  0.00424821
        4521     -5.9466    -6.45908  0.00424878
        4522    -5.94906    -6.45897  0.00424934
        4523    -5.94809    -6.45886   0.0042499
        4524    -5.94349    -6.45874  0.00425049
        4525    -5.94438    -6.45863  0.00425107
        4526    -5.94458    -6.45852  0.00425165
        4527    -5.94456     -6.4584  0.00425222
        4528    -5.94665    -6.45829  0.00425279
        4529    -5.94458    -6.45818  0.00425336
        4530    -5.94365    -6.45806  0.00425394
        4531    -5.94453    -6.45795  0.00425451
        4532    -5.94077    -6.45784   0.0042551
        4533    -5.93754    -6.45772  0.00425571
        4534    -5.93615    -6.45761  0.00425633
        4535    -5.93577    -6.45749  0.00425694
        4536     -5.9342    -6.45738  0.00425757
        4537    -5.93222    -6.45726   0.0042582
        4538    -5.93438    -6.45715  0.00425882
        4539    -5.93462    -6.45703  0.00425944
        4540    -5.93558    -6.45692  0.00426005
        4541    -5.93803     -6.4568  0.00426064
        4542     -5.9417    -6.45669  0.00426121
        4543    -5.94324    -6.45657  0.00426177
        4544     -5.9429    -6.45646  0.00426234
        4545    -5.94115    -6.45635  0.00426291
        4546    -5.93935    -6.45623  0.00426348
        4547    -5.94255    -6.45612  0.00426404
        4548    -5.94179    -6.45601   0.0042646
        4549    -5.93945     -6.4559  0.00426518
        4550     -5.9338    -6.45578  0.00426578
        4551    -5.93326    -6.45567  0.00426639
        4552    -5.93588    -6.45555  0.00426698
        4553    -5.93475    -6.45544  0.00426758
        4554    -5.93249    -6.45532  0.00426819
        4555    -5.93586    -6.45521  0.00426877
        4556    -5.93524    -6.45509  0.00426936
        4557    -5.93444    -6.45498  0.00426995
        4558    -5.93388    -6.45487  0.00427055
        4559     -5.9327    -6.45475  0.00427114
        4560    -5.93478    -6.45464  0.00427173
        4561    -5.93268    -6.45452  0.00427233
        4562    -5.93307    -6.45441  0.00427292
        4563    -5.93294    -6.45429  0.00427351
        4564    -5.93131    -6.45418  0.00427411
        4565    -5.93185    -6.45406   0.0042747
        4566    -5.93391    -6.45395  0.00427529
        4567    -5.93779    -6.45384  0.00427584
        4568    -5.94048    -6.45373  0.00427638
        4569    -5.94038    -6.45361  0.00427692
        4570    -5.94387     -6.4535  0.00427744
        4571    -5.94466    -6.45339  0.00427795
        4572    -5.94134    -6.45328  0.00427848
        4573    -5.94398    -6.45317    0.004279
        4574    -5.94573    -6.45306   0.0042795
        4575    -5.94383    -6.45294  0.00428001
        4576    -5.94283    -6.45283  0.00428053
        4577     -5.9432    -6.45272  0.00428104
        4578    -5.94256    -6.45261  0.00428156
        4579     -5.9422     -6.4525  0.00428207
        4580     -5.9411    -6.45239  0.00428259
        4581     -5.9411    -6.45228  0.00428311
        4582    -5.93821    -6.45216  0.00428365
        4583    -5.93905    -6.45205  0.00428417
        4584    -5.93786    -6.45194  0.00428471
        4585    -5.93798    -6.45183  0.00428524
        4586    -5.93681    -6.45171  0.00428578
        4587    -5.93508     -6.4516  0.00428632
        4588    -5.93699    -6.45149  0.00428686
        4589    -5.93662    -6.45138  0.00428739
        4590    -5.93161    -6.45126  0.00428795
        4591    -5.92801    -6.45115  0.00428853
        4592    -5.92876    -6.45104  0.00428911
        4593    -5.92674    -6.45092  0.00428969
        4594    -5.92784    -6.45081  0.00429027
        4595    -5.92681    -6.45069  0.00429085
        4596     -5.9265    -6.45058  0.00429143
        4597    -5.92561    -6.45047  0.00429202
        4598    -5.92459    -6.45035  0.00429261
        4599    -5.92363    -6.45024   0.0042932
        4600     -5.9215    -6.45012  0.00429381
        4601    -5.92407    -6.45001  0.00429439
        4602    -5.92458    -6.44989  0.00429498
        4603    -5.92623    -6.44978  0.00429555
        4604    -5.92431    -6.44967  0.00429614
        4605    -5.92705    -6.44955   0.0042967
        4606    -5.93279    -6.44944  0.00429723
        4607    -5.93361    -6.44933  0.00429776
        4608    -5.92959    -6.44922  0.00429831
        4609    -5.93034     -6.4491  0.00429885
        4610    -5.93219    -6.44899  0.00429938
        4611    -5.93112    -6.44888  0.00429991
        4612    -5.92564    -6.44877  0.00430048
        4613    -5.92573    -6.44865  0.00430104
        4614    -5.92145    -6.44854  0.00430162
        4615    -5.91969    -6.44842  0.00430222
        4616    -5.91784    -6.44831  0.00430282
        4617    -5.91773    -6.44819  0.00430342
        4618    -5.91408    -6.44808  0.00430404
        4619     -5.9148    -6.44796  0.00430466
        4620    -5.91215    -6.44785  0.00430529
        4621    -5.91202    -6.44773  0.00430592
        4622    -5.91174    -6.44761  0.00430655
        4623    -5.91279     -6.4475  0.00430717
        4624    -5.91358    -6.44738  0.00430779
        4625    -5.91222    -6.44727  0.00430841
        4626    -5.90921    -6.44715  0.00430905
        4627    -5.90661    -6.44703   0.0043097
        4628    -5.90685    -6.44692  0.00431035
        4629    -5.90631     -6.4468    0.004311
        4630    -5.90292    -6.44668  0.00431167
        4631    -5.90142    -6.44657  0.00431235
        4632    -5.90107    -6.44645  0.00431302
        4633    -5.90409    -6.44633  0.00431368
        4634    -5.90032    -6.44621  0.00431436
        4635    -5.89886    -6.44609  0.00431504
        4636    -5.90427    -6.44598  0.00431569
        4637    -5.90168    -6.44586  0.00431636
        4638    -5.89888    -6.44574  0.00431704
        4639    -5.89213    -6.44562  0.00431776
        4640    -5.89367     -6.4455  0.00431847
        4641    -5.89379    -6.44539  0.00431917
        4642    -5.88865    -6.44527  0.00431991
        4643    -5.88568    -6.44515  0.00432066
        4644    -5.88478    -6.44502  0.00432141
        4645    -5.88097     -6.4449  0.00432219
        4646    -5.88154    -6.44478  0.00432296
        4647     -5.8817    -6.44466  0.00432372
        4648    -5.87814    -6.44454  0.00432451
        4649    -5.87875    -6.44442  0.00432529
        4650    -5.88137     -6.4443  0.00432606
        4651     -5.8802    -6.44417  0.00432683
        4652    -5.88291    -6.44405  0.00432758
        4653    -5.87986    -6.44393  0.00432835
        4654    -5.88015    -6.44381  0.00432911
        4655    -5.88086    -6.44369  0.00432987
        4656    -5.88033    -6.44357  0.00433063
        4657    -5.87917    -6.44345   0.0043314
        4658    -5.88062    -6.44333  0.00433215
        4659    -5.87572    -6.44321  0.00433294
        4660    -5.87899    -6.44308   0.0043337
        4661    -5.87914    -6.44296  0.00433446
        4662    -5.87791    -6.44284  0.00433522
        4663    -5.87911    -6.44272  0.00433598
        4664    -5.87746     -6.4426  0.00433674
        4665    -5.87485    -6.44248  0.00433752
        4666    -5.87595    -6.44236  0.00433829
        4667    -5.87088    -6.44223  0.00433909
        4668    -5.87122    -6.44211  0.00433988
        4669    -5.87125    -6.44199  0.00434067
        4670    -5.86785    -6.44187  0.00434148
        4671    -5.86741    -6.44174   0.0043423
        4672    -5.86265    -6.44162  0.00434313
        4673    -5.86463     -6.4415  0.00434396
        4674    -5.86397    -6.44137  0.00434479
        4675    -5.86206    -6.44125  0.00434563
        4676    -5.85642    -6.44112   0.0043465
        4677    -5.86207      -6.441  0.00434733
        4678    -5.86462    -6.44088  0.00434815
        4679    -5.86518    -6.44075  0.00434896
        4680    -5.86794    -6.44063  0.00434975
        4681    -5.86819    -6.44051  0.00435054
        4682    -5.86812    -6.44039  0.00435133
        4683    -5.86554    -6.44026  0.00435213
        4684    -5.86485    -6.44014  0.00435293
        4685     -5.8654    -6.44002  0.00435373
        4686    -5.86423     -6.4399  0.00435454
        4687    -5.86385    -6.43977  0.00435534
        4688     -5.8628    -6.43965  0.00435615
        4689    -5.86168    -6.43953  0.00435697
        4690    -5.85682     -6.4394  0.00435781
        4691    -5.85646    -6.43928  0.00435865
        4692    -5.85733    -6.43915  0.00435949
        4693    -5.86071    -6.43903   0.0043603
        4694    -5.86061    -6.43891  0.00436111
        4695    -5.86347    -6.43879   0.0043619
        4696    -5.86447    -6.43866  0.00436269
        4697    -5.86593    -6.43854  0.00436346
        4698    -5.86867    -6.43842  0.00436422
        4699    -5.87132     -6.4383  0.00436496
        4700    -5.86899    -6.43818  0.00436571
        4701     -5.8669    -6.43806  0.00436647
        4702    -5.86675    -6.43793  0.00436724
        4703    -5.86613    -6.43781    0.004368
        4704    -5.86685    -6.43769  0.00436876
        4705    -5.86758    -6.43757  0.00436951
        4706    -5.86781    -6.43745  0.00437026
        4707    -5.86641    -6.43733  0.00437101
        4708    -5.86685    -6.43721  0.00437176
        4709    -5.86857    -6.43709   0.0043725
        4710    -5.86738    -6.43697  0.00437325
        4711     -5.8653    -6.43684    0.004374
        4712     -5.8649    -6.43672  0.00437476
        4713    -5.86273     -6.4366  0.00437552
        4714    -5.86251    -6.43648  0.00437629
        4715    -5.86278    -6.43636  0.00437705
        4716    -5.85592    -6.43623  0.00437786
        4717    -5.85813    -6.43611  0.00437864
        4718    -5.85766    -6.43599  0.00437943
        4719    -5.85619    -6.43587  0.00438023
        4720    -5.85679    -6.43574  0.00438102
        4721    -5.85567    -6.43562  0.00438181
        4722    -5.85746     -6.4355  0.00438259
        4723    -5.86146    -6.43538  0.00438335
        4724    -5.86286    -6.43526   0.0043841
        4725    -5.86513    -6.43514  0.00438483
        4726    -5.86509    -6.43501  0.00438556
        4727    -5.86328    -6.43489   0.0043863
        4728    -5.86992    -6.43477    0.004387
        4729    -5.86844    -6.43465  0.00438771
        4730    -5.86596    -6.43453  0.00438842
        4731    -5.86338    -6.43441  0.00438916
        4732    -5.86478    -6.43429  0.00438988
        4733    -5.86306    -6.43417  0.00439061
        4734    -5.86084    -6.43405  0.00439135
        4735    -5.86723    -6.43393  0.00439206
        4736    -5.86429    -6.43381  0.00439278
        4737    -5.86452    -6.43369  0.00439349
        4738    -5.86661    -6.43357   0.0043942
        4739    -5.86402    -6.43345  0.00439491
        4740    -5.86722    -6.43333  0.00439561
        4741    -5.86299    -6.43321  0.00439633
        4742    -5.86431    -6.43309  0.00439704
        4743    -5.86169    -6.43297  0.00439776
        4744     -5.8645    -6.43285  0.00439847
        4745     -5.8656    -6.43273  0.00439916
        4746    -5.86532    -6.43261  0.00439986
        4747     -5.8627    -6.43249  0.00440057
        4748    -5.86394    -6.43237  0.00440127
        4749    -5.86216    -6.43225  0.00440198
        4750    -5.86407    -6.43213  0.00440268
        4751    -5.86286    -6.43201  0.00440339
        4752    -5.86092    -6.43189   0.0044041
        4753    -5.86131    -6.43177  0.00440481
        4754    -5.85992    -6.43165  0.00440552
        4755    -5.86019    -6.43153  0.00440624
        4756    -5.86124    -6.43141  0.00440694
        4757    -5.86507    -6.43129  0.00440762
        4758    -5.86819    -6.43117  0.00440828
        4759    -5.86908    -6.43106  0.00440894
        4760    -5.86958    -6.43094  0.00440959
        4761    -5.86628    -6.43082  0.00441026
        4762    -5.86759     -6.4307  0.00441092
        4763    -5.86571    -6.43058  0.00441159
        4764    -5.86337    -6.43046  0.00441227
        4765    -5.86697    -6.43035  0.00441293
        4766    -5.86864    -6.43023  0.00441357
        4767    -5.86922    -6.43011  0.00441422
        4768    -5.86596    -6.42999  0.00441488
        4769    -5.86577    -6.42987  0.00441554
        4770    -5.86709    -6.42976  0.00441619
        4771    -5.86727    -6.42964  0.00441683
        4772    -5.86538    -6.42952  0.00441749
        4773    -5.85955     -6.4294  0.00441818
        4774    -5.86601    -6.42928  0.00441883
        4775    -5.86727    -6.42916  0.00441947
        4776    -5.86692    -6.42905  0.00442011
        4777     -5.8682    -6.42893  0.00442075
        4778    -5.86575    -6.42881  0.00442139
        4779    -5.86409    -6.42869  0.00442205
        4780    -5.86388    -6.42857   0.0044227
        4781    -5.86076    -6.42846  0.00442337
        4782    -5.86248    -6.42834  0.00442403
        4783    -5.86114    -6.42822  0.00442469
        4784    -5.86049     -6.4281  0.00442536
        4785    -5.85981    -6.42798  0.00442603
        4786    -5.86018    -6.42786  0.00442669
        4787    -5.85941    -6.42774  0.00442736
        4788    -5.85889    -6.42763  0.00442803
        4789    -5.86138    -6.42751  0.00442868
        4790    -5.86616    -6.42739  0.00442931
        4791    -5.86452    -6.42727  0.00442994
        4792    -5.86412    -6.42716  0.00443058
        4793    -5.86238    -6.42704  0.00443122
        4794     -5.8569    -6.42692  0.00443189
        4795    -5.85499     -6.4268  0.00443257
        4796    -5.85619    -6.42668  0.00443324
        4797    -5.86018    -6.42656  0.00443389
        4798    -5.86212    -6.42644  0.00443453
        4799    -5.86024    -6.42633  0.00443517
        4800    -5.85891    -6.42621  0.00443582
        4801     -5.8613    -6.42609  0.00443646
        4802    -5.86578    -6.42597  0.00443707
        4803    -5.86875    -6.42586  0.00443766
        4804    -5.86582    -6.42574  0.00443827
        4805    -5.86765    -6.42563  0.00443886
        4806     -5.8673    -6.42551  0.00443946
        4807    -5.87068    -6.42539  0.00444004
        4808    -5.87332    -6.42528   0.0044406
        4809    -5.87623    -6.42516  0.00444114
        4810    -5.87767    -6.42505  0.00444168
        4811    -5.88207    -6.42494  0.00444219
        4812     -5.8829    -6.42483  0.00444269
        4813    -5.88177    -6.42471   0.0044432
        4814    -5.88302     -6.4246   0.0044437
        4815    -5.88347    -6.42449   0.0044442
        4816    -5.88114    -6.42437  0.00444471
        4817    -5.88016    -6.42426  0.00444522
        4818    -5.88187    -6.42415  0.00444573
        4819    -5.88239    -6.42404  0.00444623
        4820    -5.88517    -6.42392  0.00444671
        4821    -5.88457    -6.42381  0.00444719
        4822    -5.88323     -6.4237  0.00444768
        4823    -5.88374    -6.42359  0.00444817
        4824    -5.88356    -6.42348  0.00444866
        4825    -5.88214    -6.42336  0.00444915
        4826     -5.8772    -6.42325  0.00444967
        4827    -5.87751    -6.42314  0.00445018
        4828    -5.87435    -6.42302  0.00445071
        4829    -5.87325    -6.42291  0.00445124
        4830    -5.87531     -6.4228  0.00445177
        4831    -5.87436    -6.42268  0.00445229
        4832    -5.87273    -6.42257  0.00445283
        4833    -5.86979    -6.42246  0.00445337
        4834    -5.86852    -6.42234  0.00445393
        4835    -5.86813    -6.42223  0.00445448
        4836    -5.86968    -6.42211  0.00445502
        4837    -5.86663      -6.422  0.00445558
        4838    -5.86171    -6.42188  0.00445617
        4839    -5.86296    -6.42177  0.00445674
        4840      -5.859    -6.42165  0.00445734
        4841    -5.85903    -6.42153  0.00445793
        4842    -5.85861    -6.42142  0.00445853
        4843    -5.85422     -6.4213  0.00445914
        4844    -5.85026    -6.42118  0.00445978
        4845      -5.848    -6.42106  0.00446043
        4846     -5.8495    -6.42095  0.00446107
        4847    -5.84745    -6.42083  0.00446172
        4848    -5.84915    -6.42071  0.00446235
        4849    -5.84625    -6.42059  0.00446301
        4850    -5.84469    -6.42047  0.00446367
        4851    -5.84209    -6.42035  0.00446434
        4852     -5.8366    -6.42023  0.00446504
        4853    -5.83843    -6.42011  0.00446573
        4854    -5.84015    -6.41999  0.00446641
        4855    -5.84195    -6.41987  0.00446707
        4856    -5.84088    -6.41976  0.00446774
        4857    -5.83885    -6.41964  0.00446842
        4858    -5.83631    -6.41952  0.00446912
        4859    -5.83704     -6.4194  0.00446981
        4860    -5.83567    -6.41928   0.0044705
        4861    -5.83589    -6.41916  0.00447119
        4862    -5.83617    -6.41904  0.00447188
        4863    -5.83422    -6.41892  0.00447258
        4864    -5.83117     -6.4188  0.00447329
        4865    -5.83076    -6.41867    0.004474
        4866    -5.83022    -6.41855  0.00447472
        4867    -5.83255    -6.41843  0.00447542
        4868    -5.83335    -6.41831  0.00447611
        4869    -5.83604    -6.41819  0.00447679
        4870    -5.83644    -6.41807  0.00447746
        4871    -5.83788    -6.41795  0.00447813
        4872    -5.83799    -6.41784  0.00447879
        4873     -5.8396    -6.41772  0.00447944
        4874    -5.84272     -6.4176  0.00448008
        4875    -5.84246    -6.41748  0.00448071
        4876    -5.84259    -6.41736  0.00448134
        4877    -5.83612    -6.41724  0.00448201
        4878     -5.8352    -6.41712  0.00448268
        4879    -5.83042      -6.417  0.00448337
        4880    -5.83153    -6.41688  0.00448406
        4881    -5.83339    -6.41676  0.00448473
        4882    -5.83279    -6.41665  0.00448541
        4883    -5.83145    -6.41653  0.00448609
        4884    -5.83129    -6.41641  0.00448677
        4885    -5.83339    -6.41629  0.00448744
        4886    -5.83168    -6.41617  0.00448812
        4887    -5.82922    -6.41605  0.00448881
        4888    -5.83112    -6.41593  0.00448948
        4889    -5.82687    -6.41581  0.00449018
        4890    -5.82435    -6.41569  0.00449089
        4891    -5.82292    -6.41556  0.00449161
        4892    -5.82602    -6.41544  0.00449231
        4893     -5.8231    -6.41532  0.00449302
        4894    -5.82353     -6.4152  0.00449373
        4895    -5.82729    -6.41508  0.00449441
        4896    -5.82546    -6.41496  0.00449511
        4897    -5.82711    -6.41484  0.00449579
        4898    -5.83033    -6.41472  0.00449646
        4899    -5.82888     -6.4146  0.00449713
        4900    -5.82655    -6.41448  0.00449781
        4901      -5.823    -6.41436  0.00449852
        4902    -5.81914    -6.41424  0.00449924
        4903    -5.82176    -6.41412  0.00449994
        4904    -5.81837      -6.414  0.00450066
        4905    -5.81875    -6.41388  0.00450138
        4906    -5.81938    -6.41376  0.00450209
        4907    -5.82125    -6.41363   0.0045028
        4908    -5.82166    -6.41351  0.00450349
        4909    -5.82231    -6.41339  0.00450419
        4910    -5.82149    -6.41327  0.00450488
        4911    -5.82097    -6.41315  0.00450558
        4912    -5.82288    -6.41303  0.00450626
        4913    -5.82056    -6.41291  0.00450696
        4914    -5.81917    -6.41279  0.00450766
        4915    -5.81701    -6.41267  0.00450837
        4916    -5.81054    -6.41255  0.00450912
        4917    -5.81183    -6.41242  0.00450986
        4918    -5.81413     -6.4123  0.00451058
        4919    -5.81329    -6.41218  0.00451131
        4920    -5.80943    -6.41206  0.00451205
        4921    -5.80706    -6.41194  0.00451281
        4922    -5.80457    -6.41181  0.00451358
        4923    -5.80553    -6.41169  0.00451435
        4924     -5.8019    -6.41157  0.00451513
        4925    -5.79833    -6.41144  0.00451593
        4926    -5.79795    -6.41132  0.00451673
        4927    -5.80029    -6.41119  0.00451751
        4928    -5.79876    -6.41107   0.0045183
        4929    -5.80097    -6.41094  0.00451908
        4930    -5.80152    -6.41082  0.00451986
        4931     -5.8064     -6.4107   0.0045206
        4932    -5.80456    -6.41058  0.00452136
        4933    -5.80775    -6.41045  0.00452209
        4934     -5.8067    -6.41033  0.00452283
        4935    -5.80205    -6.41021  0.00452359
        4936    -5.80291    -6.41008  0.00452435
        4937    -5.80358    -6.40996   0.0045251
        4938    -5.80487    -6.40984  0.00452584
        4939    -5.80345    -6.40972  0.00452659
        4940    -5.80377    -6.40959  0.00452734
        4941    -5.80436    -6.40947  0.00452808
        4942    -5.80575    -6.40935  0.00452881
        4943    -5.80483    -6.40923  0.00452954
        4944    -5.80486     -6.4091  0.00453028
        4945     -5.8057    -6.40898    0.004531
        4946    -5.80142    -6.40886  0.00453175
        4947    -5.80197    -6.40874   0.0045325
        4948    -5.79877    -6.40861  0.00453326
        4949    -5.80067    -6.40849    0.004534
        4950    -5.79988    -6.40837  0.00453475
        4951    -5.79948    -6.40824  0.00453551
        4952    -5.79942    -6.40812  0.00453626
        4953    -5.79842      -6.408  0.00453701
        4954    -5.79814    -6.40788  0.00453776
        4955    -5.79496    -6.40775  0.00453853
        4956    -5.79804    -6.40763  0.00453928
        4957     -5.7984    -6.40751  0.00454003
        4958    -5.79399    -6.40738   0.0045408
        4959    -5.79428    -6.40726  0.00454157
        4960    -5.79588    -6.40714  0.00454233
        4961    -5.79461    -6.40701  0.00454309
        4962    -5.79275    -6.40689  0.00454386
        4963    -5.79171    -6.40676  0.00454463
        4964    -5.79231    -6.40664   0.0045454
        4965     -5.7917    -6.40652  0.00454618
        4966    -5.79345    -6.40639  0.00454694
        4967    -5.79356    -6.40627  0.00454769
        4968    -5.79605    -6.40615  0.00454844
        4969    -5.79462    -6.40602  0.00454919
        4970    -5.79425     -6.4059  0.00454994
        4971    -5.78842    -6.40578  0.00455072
        4972    -5.78856    -6.40565  0.00455149
        4973    -5.78707    -6.40553  0.00455228
        4974    -5.78738     -6.4054  0.00455306
        4975    -5.78708    -6.40528  0.00455384
        4976    -5.78729    -6.40516  0.00455462
        4977     -5.7872    -6.40503   0.0045554
        4978    -5.78467    -6.40491  0.00455618
        4979     -5.7836    -6.40478  0.00455698
        4980    -5.78416    -6.40466  0.00455777
        4981    -5.78247    -6.40453  0.00455856
        4982    -5.77947    -6.40441  0.00455937
        4983    -5.77898    -6.40428  0.00456019
        4984    -5.78419    -6.40416  0.00456097
        4985    -5.78301    -6.40403  0.00456176
        4986    -5.78546    -6.40391  0.00456253
        4987    -5.78801    -6.40378  0.00456328
        4988    -5.78889    -6.40366  0.00456403
        4989    -5.79147    -6.40354  0.00456477
        4990    -5.78984    -6.40342  0.00456551
        4991    -5.78677    -6.40329  0.00456627
        4992    -5.78923    -6.40317  0.00456701
        4993    -5.78677    -6.40305  0.00456776
        4994    -5.78527    -6.40292  0.00456852
        4995    -5.78512     -6.4028  0.00456928
        4996    -5.78607    -6.40267  0.00457003
        4997    -5.78617    -6.40255  0.00457078
        4998    -5.78114    -6.40243  0.00457156
        4999    -5.77891     -6.4023  0.00457235
        5000     -5.7775    -6.40218  0.00457314
        5001    -5.77836    -6.40205  0.00457393
        5002    -5.78016    -6.40193   0.0045747
        5003    -5.77783     -6.4018  0.00457549
        5004     -5.7789    -6.40168  0.00457627
        5005    -5.77976    -6.40155  0.00457704
        5006    -5.77739    -6.40143  0.00457782
        5007    -5.77852    -6.40131   0.0045786
        5008    -5.77668    -6.40118  0.00457938
        5009    -5.77532    -6.40106  0.00458017
        5010    -5.77609    -6.40093  0.00458096
        5011    -5.77946    -6.40081  0.00458172
        5012      -5.777    -6.40068   0.0045825
        5013    -5.77508    -6.40056  0.00458328
        5014    -5.77815    -6.40043  0.00458405
        5015    -5.77427    -6.40031  0.00458483
        5016    -5.77506    -6.40018  0.00458561
        5017    -5.77013    -6.40006  0.00458642
        5018    -5.77173    -6.39993  0.00458721
        5019    -5.76963    -6.39981  0.00458802
        5020    -5.76562    -6.39968  0.00458884
        5021    -5.77023    -6.39956  0.00458964
        5022    -5.77031    -6.39943  0.00459044
        5023    -5.77238    -6.39931  0.00459122
        5024    -5.77091    -6.39918  0.00459201
        5025    -5.76942    -6.39906  0.00459281
        5026    -5.76817    -6.39893  0.00459361
        5027    -5.76838     -6.3988  0.00459441
        5028    -5.77049    -6.39868  0.00459519
        5029    -5.77388    -6.39856  0.00459596
        5030    -5.77874    -6.39843   0.0045967
        5031    -5.78119    -6.39831  0.00459742
        5032    -5.78559    -6.39819  0.00459812
        5033    -5.78221    -6.39807  0.00459883
        5034    -5.78443    -6.39794  0.00459953
        5035    -5.78738    -6.39782  0.00460022
        5036    -5.78648     -6.3977  0.00460091
        5037    -5.78333    -6.39758  0.00460161
        5038    -5.78322    -6.39746  0.00460231
        5039    -5.78131    -6.39733  0.00460302
        5040    -5.77691    -6.39721  0.00460376
        5041     -5.7772    -6.39709  0.00460448
        5042    -5.77737    -6.39697  0.00460521
        5043    -5.77921    -6.39684  0.00460593
        5044    -5.78176    -6.39672  0.00460663
        5045    -5.78378     -6.3966  0.00460732
        5046    -5.78098    -6.39648  0.00460802
        5047    -5.77828    -6.39636  0.00460873
        5048    -5.77817    -6.39623  0.00460945
        5049    -5.78097    -6.39611  0.00461014
        5050    -5.78662    -6.39599  0.00461081
        5051    -5.78846    -6.39587  0.00461147
        5052    -5.78998    -6.39575  0.00461211
        5053    -5.78864    -6.39563  0.00461277
        5054     -5.7825    -6.39551  0.00461345
        5055    -5.77964    -6.39539  0.00461414
        5056    -5.78126    -6.39527  0.00461483
        5057     -5.7812    -6.39514  0.00461551
        5058    -5.77844    -6.39502  0.00461621
        5059    -5.77709     -6.3949  0.00461691
        5060    -5.77673    -6.39478  0.00461762
        5061     -5.7742    -6.39465  0.00461833
        5062    -5.77206    -6.39453  0.00461906
        5063    -5.76941    -6.39441   0.0046198
        5064    -5.76823    -6.39428  0.00462054
        5065    -5.76809    -6.39416  0.00462128
        5066    -5.76775    -6.39404  0.00462202
        5067    -5.76429    -6.39391  0.00462278
        5068    -5.76394    -6.39379  0.00462354
        5069    -5.76359    -6.39366   0.0046243
        5070    -5.76117    -6.39354  0.00462507
        5071    -5.76084    -6.39342  0.00462584
        5072    -5.75926    -6.39329  0.00462662
        5073    -5.76012    -6.39317  0.00462739
        5074    -5.75905    -6.39304  0.00462816
        5075    -5.76036    -6.39292  0.00462893
        5076    -5.75527    -6.39279  0.00462972
        5077    -5.75012    -6.39266  0.00463054
        5078    -5.75135    -6.39254  0.00463135
        5079    -5.75173    -6.39241  0.00463216
        5080    -5.75376    -6.39229  0.00463295
        5081    -5.75115    -6.39216  0.00463376
        5082    -5.75496    -6.39203  0.00463454
        5083    -5.75612    -6.39191  0.00463532
        5084    -5.75485    -6.39178   0.0046361
        5085    -5.75309    -6.39166  0.00463689
        5086     -5.7524    -6.39153  0.00463768
        5087    -5.75065    -6.39141  0.00463848
        5088     -5.7524    -6.39128  0.00463927
        5089      -5.754    -6.39116  0.00464005
        5090    -5.75344    -6.39103  0.00464083
        5091    -5.75321     -6.3909   0.0046416
        5092    -5.75526    -6.39078  0.00464237
        5093    -5.75411    -6.39065  0.00464314
        5094    -5.75672    -6.39053   0.0046439
        5095    -5.75391    -6.39041  0.00464467
        5096    -5.75801    -6.39028  0.00464541
        5097    -5.75578    -6.39016  0.00464617
        5098     -5.7583    -6.39003  0.00464691
        5099    -5.76024    -6.38991  0.00464764
        5100    -5.75635    -6.38979  0.00464839
        5101    -5.75726    -6.38966  0.00464913
        5102    -5.75847    -6.38954  0.00464987
        5103    -5.75757    -6.38941   0.0046506
        5104    -5.76016    -6.38929  0.00465133
        5105    -5.75956    -6.38917  0.00465205
        5106    -5.75967    -6.38904  0.00465277
        5107    -5.76449    -6.38892  0.00465347
        5108    -5.76632     -6.3888  0.00465415
        5109    -5.76893    -6.38868  0.00465483
        5110    -5.76662    -6.38856  0.00465551
        5111     -5.7611    -6.38843  0.00465621
        5112    -5.76525    -6.38831   0.0046569
        5113    -5.76082    -6.38819   0.0046576
        5114    -5.76144    -6.38807  0.00465831
        5115    -5.76088    -6.38794  0.00465901
        5116    -5.75799    -6.38782  0.00465972
        5117    -5.76252     -6.3877  0.00466042
        5118    -5.75646    -6.38758  0.00466114
        5119    -5.76075    -6.38745  0.00466183
        5120    -5.76106    -6.38733  0.00466253
        5121    -5.76307    -6.38721  0.00466321
        5122    -5.76451    -6.38709  0.00466389
        5123    -5.76202    -6.38696  0.00466457
        5124    -5.76261    -6.38684  0.00466525
        5125    -5.76242    -6.38672  0.00466593
        5126    -5.75913     -6.3866  0.00466663
        5127    -5.75879    -6.38648  0.00466732
        5128    -5.75853    -6.38635  0.00466802
        5129    -5.75664    -6.38623  0.00466872
        5130    -5.76098    -6.38611  0.00466941
        5131    -5.76013    -6.38599  0.00467009
        5132    -5.75751    -6.38586  0.00467078
        5133    -5.75761    -6.38574  0.00467148
        5134     -5.7564    -6.38562  0.00467218
        5135    -5.75363     -6.3855  0.00467289
        5136    -5.75291    -6.38537   0.0046736
        5137    -5.75117    -6.38525  0.00467432
        5138     -5.7496    -6.38513  0.00467505
        5139    -5.75118      -6.385  0.00467576
        5140    -5.75196    -6.38488  0.00467648
        5141    -5.75317    -6.38476  0.00467718
        5142     -5.7549    -6.38463  0.00467788
        5143    -5.75651    -6.38451  0.00467856
        5144    -5.75497    -6.38439  0.00467925
        5145    -5.75343    -6.38427  0.00467995
        5146    -5.75269    -6.38414  0.00468065
        5147    -5.74973    -6.38402  0.00468136
        5148    -5.75326     -6.3839  0.00468205
        5149    -5.75586    -6.38378  0.00468273
        5150    -5.75799    -6.38366   0.0046834
        5151    -5.75424    -6.38353  0.00468409
        5152    -5.75231    -6.38341  0.00468478
        5153    -5.75058    -6.38329  0.00468548
        5154    -5.75402    -6.38317  0.00468616
        5155    -5.75197    -6.38304  0.00468685
        5156    -5.75225    -6.38292  0.00468754
        5157    -5.75444     -6.3828  0.00468821
        5158    -5.75277    -6.38268  0.00468889
        5159    -5.75145    -6.38255  0.00468958
        5160    -5.75165    -6.38243  0.00469027
        5161    -5.75554    -6.38231  0.00469093
        5162    -5.75553    -6.38219  0.00469159
        5163    -5.75646    -6.38207  0.00469225
        5164    -5.75513    -6.38195  0.00469291
        5165    -5.75485    -6.38183  0.00469357
        5166    -5.74903     -6.3817  0.00469426
        5167     -5.7533    -6.38158  0.00469493
        5168    -5.75388    -6.38146  0.00469559
        5169    -5.76066    -6.38134  0.00469622
        5170     -5.7614    -6.38122  0.00469684
        5171    -5.76039     -6.3811  0.00469747
        5172    -5.76274    -6.38098  0.00469808
        5173    -5.76153    -6.38086   0.0046987
        5174    -5.76102    -6.38074  0.00469932
        5175    -5.76199    -6.38062  0.00469993
        5176    -5.75964     -6.3805  0.00470055
        5177    -5.76031    -6.38038  0.00470117
        5178    -5.76046    -6.38026  0.00470179
        5179    -5.75865    -6.38014  0.00470241
        5180    -5.76125    -6.38002  0.00470302
        5181    -5.75777     -6.3799  0.00470365
        5182    -5.75663    -6.37978  0.00470428
        5183    -5.75666    -6.37966   0.0047049
        5184    -5.75867    -6.37954  0.00470552
        5185    -5.76321    -6.37942  0.00470611
        5186    -5.76164     -6.3793  0.00470671
        5187    -5.75831    -6.37918  0.00470733
        5188    -5.75914    -6.37906  0.00470794
        5189    -5.76239    -6.37895  0.00470853
        5190    -5.76225    -6.37883  0.00470912
        5191    -5.76457    -6.37871   0.0047097
        5192     -5.7669    -6.37859  0.00471027
        5193    -5.76944    -6.37847  0.00471082
        5194    -5.77007    -6.37836  0.00471137
        5195    -5.76865    -6.37824  0.00471193
        5196    -5.76601    -6.37812  0.00471249
        5197    -5.76785      -6.378  0.00471305
        5198    -5.76979    -6.37789  0.00471359
        5199    -5.76967    -6.37777  0.00471414
        5200    -5.76497    -6.37765  0.00471471
        5201    -5.76573    -6.37753  0.00471527
        5202    -5.76487    -6.37742  0.00471583
        5203    -5.76822     -6.3773  0.00471638
        5204    -5.76166    -6.37718  0.00471696
        5205    -5.76216    -6.37706  0.00471753
        5206    -5.76453    -6.37695  0.00471809
        5207    -5.76813    -6.37683  0.00471863
        5208    -5.76265    -6.37671   0.0047192
        5209    -5.76568    -6.37659  0.00471975
        5210    -5.76797    -6.37648  0.00472029
        5211    -5.76713    -6.37636  0.00472083
        5212    -5.75996    -6.37624  0.00472141
        5213    -5.76242    -6.37612  0.00472197
        5214    -5.76163    -6.37601  0.00472254
        5215    -5.76183    -6.37589   0.0047231
        5216       -5.76    -6.37577  0.00472367
        5217    -5.75678    -6.37565  0.00472425
        5218    -5.75469    -6.37553  0.00472485
        5219    -5.75115    -6.37541  0.00472546
        5220    -5.74899    -6.37529  0.00472607
        5221    -5.75237    -6.37517  0.00472667
        5222    -5.75361    -6.37505  0.00472727
        5223    -5.74965    -6.37493  0.00472788
        5224    -5.75532    -6.37482  0.00472846
        5225    -5.75425     -6.3747  0.00472905
        5226    -5.75247    -6.37458  0.00472964
        5227    -5.74916    -6.37446  0.00473025
        5228    -5.74672    -6.37434  0.00473087
        5229    -5.74916    -6.37422  0.00473147
        5230    -5.74918     -6.3741  0.00473208
        5231    -5.75334    -6.37398  0.00473266
        5232    -5.75535    -6.37386  0.00473323
        5233    -5.75483    -6.37374  0.00473381
        5234    -5.75776    -6.37363  0.00473437
        5235    -5.75453    -6.37351  0.00473494
        5236    -5.75483    -6.37339  0.00473551
        5237    -5.75588    -6.37327  0.00473607
        5238    -5.76183    -6.37315  0.00473661
        5239    -5.76566    -6.37304  0.00473712
        5240    -5.76126    -6.37292  0.00473766
        5241    -5.76634    -6.37281  0.00473816
        5242    -5.76574    -6.37269  0.00473868
        5243    -5.75867    -6.37257  0.00473922
        5244    -5.75605    -6.37246  0.00473977
        5245    -5.75642    -6.37234  0.00474032
        5246    -5.75498    -6.37222  0.00474088
        5247    -5.75621     -6.3721  0.00474143
        5248    -5.75822    -6.37199  0.00474197
        5249    -5.75339    -6.37187  0.00474253
        5250    -5.75247    -6.37175   0.0047431
        5251    -5.75178    -6.37163  0.00474366
        5252    -5.74885    -6.37151  0.00474424
        5253    -5.74479    -6.37139  0.00474484
        5254    -5.74353    -6.37128  0.00474544
        5255    -5.74575    -6.37116  0.00474603
        5256    -5.74549    -6.37104  0.00474662
        5257    -5.74767    -6.37092   0.0047472
        5258     -5.7458     -6.3708  0.00474778
        5259    -5.75199    -6.37068  0.00474834
        5260    -5.74676    -6.37056  0.00474892
        5261    -5.74882    -6.37045  0.00474948
        5262     -5.7499    -6.37033  0.00475004
        5263     -5.7508    -6.37021   0.0047506
        5264    -5.74912    -6.37009  0.00475116
        5265    -5.74976    -6.36997  0.00475172
        5266    -5.75013    -6.36986  0.00475228
        5267    -5.75197    -6.36974  0.00475282
        5268    -5.74907    -6.36962  0.00475338
        5269    -5.74977     -6.3695  0.00475393
        5270    -5.75041    -6.36939  0.00475448
        5271    -5.75027    -6.36927  0.00475503
        5272    -5.74834    -6.36915  0.00475559
        5273    -5.74974    -6.36903  0.00475614
        5274    -5.75248    -6.36892  0.00475667
        5275    -5.75515     -6.3688  0.00475719
        5276    -5.75179    -6.36868  0.00475773
        5277    -5.74981    -6.36857  0.00475827
        5278    -5.74403    -6.36845  0.00475884
        5279    -5.74483    -6.36833   0.0047594
        5280    -5.74431    -6.36821  0.00475997
        5281    -5.74023    -6.36809  0.00476055
        5282    -5.74053    -6.36797  0.00476114
        5283    -5.73935    -6.36785  0.00476172
        5284    -5.73514    -6.36773  0.00476232
        5285    -5.73624    -6.36761  0.00476292
        5286    -5.73752     -6.3675  0.00476351
        5287    -5.73116    -6.36738  0.00476413
        5288    -5.73103    -6.36726  0.00476475
        5289    -5.73083    -6.36713  0.00476537
        5290    -5.73085    -6.36701  0.00476599
        5291    -5.72746    -6.36689  0.00476662
        5292    -5.72361    -6.36677  0.00476727
        5293    -5.72625    -6.36665   0.0047679
        5294    -5.72481    -6.36653  0.00476854
        5295    -5.72289    -6.36641  0.00476919
        5296    -5.72278    -6.36629  0.00476984
        5297    -5.72399    -6.36617  0.00477048
        5298    -5.72147    -6.36604  0.00477113
        5299    -5.71998    -6.36592  0.00477179
        5300    -5.72022     -6.3658  0.00477244
        5301    -5.72264    -6.36568  0.00477308
        5302    -5.71901    -6.36556  0.00477374
        5303      -5.714    -6.36543  0.00477442
        5304    -5.71619    -6.36531  0.00477509
        5305    -5.71466    -6.36519  0.00477577
        5306    -5.71341    -6.36507  0.00477645
        5307    -5.71355    -6.36494  0.00477712
        5308     -5.7137    -6.36482   0.0047778
        5309    -5.71248     -6.3647  0.00477848
        5310    -5.70808    -6.36457  0.00477918
        5311    -5.70766    -6.36445  0.00477988
        5312    -5.70983    -6.36433  0.00478057
        5313    -5.71208     -6.3642  0.00478124
        5314    -5.71035    -6.36408  0.00478193
        5315    -5.71069    -6.36396  0.00478261
        5316    -5.71373    -6.36384  0.00478327
        5317    -5.71157    -6.36371  0.00478394
        5318     -5.7121    -6.36359  0.00478461
        5319    -5.70868    -6.36347   0.0047853
        5320    -5.70426    -6.36334    0.004786
        5321    -5.70687    -6.36322  0.00478669
        5322    -5.70341     -6.3631   0.0047874
        5323    -5.70515    -6.36297  0.00478809
        5324    -5.70551    -6.36285  0.00478879
        5325    -5.70584    -6.36273  0.00478948
        5326    -5.70374     -6.3626  0.00479018
        5327    -5.70701    -6.36248  0.00479086
        5328    -5.70742    -6.36236  0.00479154
        5329    -5.70834    -6.36223  0.00479221
        5330    -5.71142    -6.36211  0.00479286
        5331    -5.70738    -6.36199  0.00479354
        5332    -5.70516    -6.36187  0.00479422
        5333    -5.70606    -6.36174   0.0047949
        5334    -5.70436    -6.36162  0.00479558
        5335    -5.70247     -6.3615  0.00479628
        5336     -5.7044    -6.36137  0.00479696
        5337    -5.70454    -6.36125  0.00479764
        5338    -5.70314    -6.36113  0.00479832
        5339     -5.7039      -6.361    0.004799
        5340    -5.70202    -6.36088  0.00479969
        5341    -5.69982    -6.36076  0.00480039
        5342    -5.69725    -6.36063   0.0048011
        5343    -5.69911    -6.36051  0.00480179
        5344    -5.70081    -6.36038  0.00480248
        5345    -5.70167    -6.36026  0.00480316
        5346     -5.6991    -6.36014  0.00480386
        5347    -5.69485    -6.36001  0.00480457
        5348    -5.69495    -6.35989  0.00480528
        5349    -5.69508    -6.35976  0.00480599
        5350    -5.69554    -6.35964  0.00480669
        5351    -5.69503    -6.35952   0.0048074
        5352    -5.69171    -6.35939  0.00480812
        5353    -5.68825    -6.35927  0.00480886
        5354    -5.69072    -6.35914  0.00480958
        5355    -5.68752    -6.35902  0.00481032
        5356     -5.6862    -6.35889  0.00481106
        5357    -5.68827    -6.35876  0.00481179
        5358    -5.68877    -6.35864  0.00481252
        5359    -5.68952    -6.35851  0.00481324
        5360     -5.6883    -6.35839  0.00481396
        5361    -5.68483    -6.35826   0.0048147
        5362    -5.68766    -6.35814  0.00481543
        5363    -5.68694    -6.35801  0.00481616
        5364    -5.68411    -6.35789   0.0048169
        5365    -5.68365    -6.35776  0.00481764
        5366    -5.68432    -6.35764  0.00481838
        5367    -5.68578    -6.35751  0.00481911
        5368    -5.68697    -6.35739  0.00481983
        5369    -5.68709    -6.35726  0.00482055
        5370     -5.6908    -6.35714  0.00482125
        5371    -5.68967    -6.35701  0.00482195
        5372    -5.69187    -6.35689  0.00482264
        5373    -5.69321    -6.35677  0.00482332
        5374    -5.69074    -6.35664  0.00482402
        5375    -5.68498    -6.35652  0.00482474
        5376     -5.6861    -6.35639  0.00482545
        5377    -5.68401    -6.35627  0.00482618
        5378    -5.68502    -6.35614  0.00482689
        5379    -5.68682    -6.35602   0.0048276
        5380    -5.68299    -6.35589  0.00482832
        5381    -5.68361    -6.35577  0.00482904
        5382    -5.68509    -6.35564  0.00482975
        5383    -5.68561    -6.35552  0.00483046
        5384    -5.67818    -6.35539   0.0048312
        5385    -5.67924    -6.35527  0.00483193
        5386    -5.67931    -6.35514  0.00483267
        5387    -5.67664    -6.35502  0.00483341
        5388    -5.67926    -6.35489  0.00483414
        5389    -5.67851    -6.35477  0.00483487
        5390    -5.67181    -6.35464  0.00483563
        5391     -5.6696    -6.35451  0.00483641
        5392     -5.6755    -6.35439  0.00483715
        5393    -5.67428    -6.35426   0.0048379
        5394    -5.67832    -6.35413  0.00483862
        5395    -5.67664    -6.35401  0.00483935
        5396    -5.67414    -6.35388   0.0048401
        5397    -5.67204    -6.35376  0.00484085
        5398    -5.66915    -6.35363  0.00484161
        5399    -5.67139     -6.3535  0.00484236
        5400    -5.66933    -6.35338  0.00484313
        5401    -5.67025    -6.35325  0.00484388
        5402    -5.67268    -6.35312  0.00484462
        5403    -5.67021      -6.353  0.00484537
        5404    -5.67167    -6.35287  0.00484612
        5405    -5.67274    -6.35275  0.00484685
        5406     -5.6725    -6.35262  0.00484759
        5407    -5.67157    -6.35249  0.00484833
        5408    -5.67247    -6.35237  0.00484906
        5409    -5.67414    -6.35224  0.00484979
        5410    -5.67514    -6.35212  0.00485051
        5411    -5.67751    -6.35199  0.00485121
        5412    -5.67813    -6.35187  0.00485191
        5413    -5.67872    -6.35174  0.00485261
        5414    -5.67205    -6.35162  0.00485334
        5415    -5.67042    -6.35149  0.00485407
        5416    -5.67006    -6.35137  0.00485481
        5417    -5.66907    -6.35124  0.00485554
        5418    -5.67137    -6.35112  0.00485627
        5419    -5.67471    -6.35099  0.00485698
        5420    -5.67163    -6.35087   0.0048577
        5421     -5.6734    -6.35074  0.00485841
        5422    -5.67361    -6.35062  0.00485912
        5423    -5.67171    -6.35049  0.00485983
        5424    -5.66939    -6.35036  0.00486056
        5425    -5.67095    -6.35024  0.00486128
        5426     -5.6734    -6.35011  0.00486198
        5427      -5.676    -6.34999  0.00486267
        5428    -5.67226    -6.34987  0.00486338
        5429    -5.67028    -6.34974  0.00486409
        5430    -5.66913    -6.34962  0.00486481
        5431    -5.67167    -6.34949  0.00486552
        5432    -5.67509    -6.34937   0.0048662
        5433    -5.67547    -6.34924  0.00486689
        5434    -5.67559    -6.34912  0.00486757
        5435     -5.6769    -6.34899  0.00486825
        5436     -5.6777    -6.34887  0.00486892
        5437    -5.67715    -6.34875  0.00486959
        5438    -5.67774    -6.34862  0.00487026
        5439    -5.67482     -6.3485  0.00487094
        5440    -5.67928    -6.34838   0.0048716
        5441    -5.67659    -6.34825  0.00487226
        5442    -5.67597    -6.34813  0.00487294
        5443    -5.67574    -6.34801  0.00487361
        5444    -5.67161    -6.34788  0.00487429
        5445    -5.67348    -6.34776  0.00487497
        5446     -5.6696    -6.34763  0.00487567
        5447    -5.66969    -6.34751  0.00487636
        5448    -5.67066    -6.34739  0.00487705
        5449    -5.66943    -6.34726  0.00487774
        5450    -5.66918    -6.34714  0.00487843
        5451    -5.67278    -6.34701   0.0048791
        5452     -5.6745    -6.34689  0.00487977
        5453    -5.67685    -6.34677  0.00488042
        5454    -5.68096    -6.34664  0.00488105
        5455    -5.68111    -6.34652  0.00488168
        5456    -5.67848     -6.3464  0.00488232
        5457    -5.67713    -6.34628  0.00488297
        5458    -5.67401    -6.34615  0.00488363
        5459    -5.66978    -6.34603   0.0048843
        5460    -5.66948    -6.34591  0.00488498
        5461    -5.66546    -6.34578  0.00488567
        5462    -5.66684    -6.34566  0.00488636
        5463    -5.66571    -6.34553  0.00488705
        5464    -5.66633    -6.34541  0.00488774
        5465    -5.66889    -6.34529  0.00488841
        5466    -5.67036    -6.34516  0.00488908
        5467    -5.67034    -6.34504  0.00488974
        5468    -5.66869    -6.34491  0.00489041
        5469    -5.66501    -6.34479  0.00489109
        5470    -5.66286    -6.34467  0.00489179
        5471    -5.66183    -6.34454  0.00489249
        5472    -5.66488    -6.34442  0.00489317
        5473    -5.66331    -6.34429  0.00489386
        5474     -5.6602    -6.34417  0.00489456
        5475    -5.66137    -6.34404  0.00489525
        5476    -5.66436    -6.34392  0.00489593
        5477    -5.66526    -6.34379  0.00489661
        5478    -5.66415    -6.34367  0.00489728
        5479     -5.6595    -6.34355  0.00489798
        5480    -5.66409    -6.34342  0.00489866
        5481    -5.65984     -6.3433  0.00489935
        5482    -5.65997    -6.34317  0.00490004
        5483    -5.65827    -6.34305  0.00490074
        5484    -5.65879    -6.34292  0.00490144
        5485    -5.65733     -6.3428  0.00490214
        5486    -5.65613    -6.34267  0.00490284
        5487    -5.65915    -6.34255  0.00490353
        5488    -5.66024    -6.34242  0.00490421
        5489     -5.6597     -6.3423  0.00490489
        5490    -5.66211    -6.34217  0.00490557
        5491    -5.66221    -6.34205  0.00490623
        5492    -5.66479    -6.34193  0.00490689
        5493    -5.66598     -6.3418  0.00490754
        5494    -5.66662    -6.34168  0.00490819
        5495    -5.66689    -6.34156  0.00490883
        5496    -5.66835    -6.34144  0.00490946
        5497    -5.66915    -6.34131  0.00491009
        5498    -5.66824    -6.34119  0.00491073
        5499    -5.66477    -6.34107  0.00491137
        5500    -5.66231    -6.34095  0.00491203
        5501    -5.66264    -6.34082  0.00491269
        5502    -5.65559     -6.3407  0.00491337
        5503    -5.66021    -6.34057  0.00491403
        5504    -5.65937    -6.34045   0.0049147
        5505    -5.65614    -6.34033  0.00491538
        5506    -5.65346     -6.3402  0.00491607
        5507    -5.65621    -6.34008  0.00491674
        5508    -5.65411    -6.33995  0.00491743
        5509    -5.65354    -6.33983  0.00491811
        5510    -5.65624     -6.3397  0.00491879
        5511    -5.65544    -6.33958  0.00491946
        5512    -5.65556    -6.33946  0.00492013
        5513    -5.65756    -6.33933   0.0049208
        5514    -5.65875    -6.33921  0.00492145
        5515    -5.65755    -6.33908  0.00492211
        5516    -5.65404    -6.33896  0.00492278
        5517    -5.65404    -6.33884  0.00492346
        5518    -5.65395    -6.33871  0.00492413
        5519    -5.65214    -6.33859  0.00492481
        5520    -5.65401    -6.33846  0.00492548
        5521    -5.65492    -6.33834  0.00492614
        5522     -5.6533    -6.33822  0.00492681
        5523    -5.65348    -6.33809  0.00492748
        5524    -5.65417    -6.33797  0.00492814
        5525    -5.65109    -6.33784  0.00492882
        5526    -5.65264    -6.33772  0.00492948
        5527    -5.65364     -6.3376  0.00493015
        5528    -5.64975    -6.33747  0.00493082
        5529    -5.64904    -6.33735   0.0049315
        5530    -5.65072    -6.33722  0.00493218
        5531    -5.65101     -6.3371  0.00493284
        5532    -5.65061    -6.33697  0.00493351
        5533    -5.65468    -6.33685  0.00493416
        5534    -5.65671    -6.33673   0.0049348
        5535    -5.65792    -6.33661  0.00493543
        5536    -5.66026    -6.33648  0.00493605
        5537    -5.66374    -6.33636  0.00493666
        5538    -5.66883    -6.33624  0.00493724
        5539    -5.66976    -6.33612  0.00493781
        5540      -5.667      -6.336   0.0049384
        5541    -5.66712    -6.33588  0.00493898
        5542    -5.66709    -6.33576  0.00493956
        5543    -5.66332    -6.33564  0.00494016
        5544     -5.6628    -6.33552  0.00494076
        5545    -5.66395     -6.3354  0.00494136
        5546    -5.66372    -6.33527  0.00494195
        5547    -5.66838    -6.33515  0.00494252
        5548    -5.67079    -6.33503  0.00494308
        5549    -5.66809    -6.33491  0.00494365
        5550    -5.66761    -6.33479  0.00494422
        5551    -5.67173    -6.33467  0.00494477
        5552    -5.67198    -6.33456  0.00494532
        5553    -5.66917    -6.33444  0.00494588
        5554    -5.66793    -6.33432  0.00494645
        5555    -5.66953     -6.3342  0.00494701
        5556     -5.6691    -6.33408  0.00494756
        5557    -5.66681    -6.33396  0.00494813
        5558    -5.67113    -6.33384  0.00494868
        5559    -5.67163    -6.33372  0.00494922
        5560    -5.66796     -6.3336  0.00494978
        5561    -5.66955    -6.33348  0.00495033
        5562    -5.67042    -6.33336  0.00495087
        5563    -5.66887    -6.33324  0.00495142
        5564    -5.66857    -6.33312  0.00495197
        5565    -5.66438      -6.333  0.00495254
        5566    -5.65944    -6.33288  0.00495313
        5567    -5.65898    -6.33276  0.00495372
        5568     -5.6625    -6.33264  0.00495429
        5569    -5.65843    -6.33252  0.00495488
        5570    -5.65949     -6.3324  0.00495547
        5571    -5.65899    -6.33227  0.00495605
        5572    -5.65687    -6.33215  0.00495664
        5573      -5.659    -6.33203  0.00495723
        5574    -5.65737    -6.33191  0.00495781
        5575    -5.66062    -6.33179  0.00495839
        5576    -5.65943    -6.33167  0.00495896
        5577    -5.66043    -6.33155  0.00495953
        5578    -5.66462    -6.33143  0.00496009
        5579    -5.66235    -6.33131  0.00496065
        5580      -5.665    -6.33119  0.00496119
        5581    -5.66716    -6.33107  0.00496173
        5582     -5.6678    -6.33095  0.00496227
        5583    -5.66479    -6.33083  0.00496281
        5584    -5.66393    -6.33072  0.00496336
        5585    -5.66424     -6.3306   0.0049639
        5586    -5.66377    -6.33048  0.00496445
        5587    -5.66264    -6.33036    0.004965
        5588    -5.66183    -6.33024  0.00496555
        5589     -5.6599    -6.33012  0.00496611
        5590    -5.66154       -6.33  0.00496667
        5591    -5.66203    -6.32988  0.00496721
        5592    -5.65996    -6.32976  0.00496777
        5593     -5.6597    -6.32964  0.00496833
        5594    -5.65794    -6.32952  0.00496889
        5595    -5.65649     -6.3294  0.00496946
        5596    -5.65836    -6.32928  0.00497002
        5597    -5.66153    -6.32916  0.00497056
        5598    -5.66505    -6.32904  0.00497109
        5599    -5.66773    -6.32892   0.0049716
        5600    -5.66842     -6.3288  0.00497211
        5601    -5.66801    -6.32869  0.00497262
        5602    -5.66299    -6.32857  0.00497316
        5603    -5.66206    -6.32845  0.00497369
        5604    -5.66121    -6.32833  0.00497423
        5605    -5.65884    -6.32821  0.00497478
        5606    -5.66011    -6.32809  0.00497532
        5607    -5.65719    -6.32797  0.00497587
        5608     -5.6564    -6.32785  0.00497642
        5609    -5.65572    -6.32773  0.00497698
        5610    -5.65699    -6.32761  0.00497752
        5611    -5.65709    -6.32749  0.00497807
        5612    -5.65973    -6.32737  0.00497861
        5613    -5.65775    -6.32725  0.00497915
        5614    -5.65556    -6.32713   0.0049797
        5615     -5.6566    -6.32702  0.00498024
        5616    -5.65551     -6.3269  0.00498079
        5617    -5.65058    -6.32678  0.00498136
        5618     -5.6468    -6.32665  0.00498194
        5619    -5.64625    -6.32653  0.00498253
        5620    -5.64198    -6.32641  0.00498313
        5621    -5.63704    -6.32629  0.00498375
        5622    -5.64012    -6.32617  0.00498436
        5623    -5.64231    -6.32604  0.00498496
        5624    -5.64779    -6.32592  0.00498553
        5625    -5.64923     -6.3258   0.0049861
        5626    -5.64761    -6.32568  0.00498667
        5627    -5.64877    -6.32556  0.00498723
        5628     -5.6443    -6.32544  0.00498781
        5629    -5.64359    -6.32532   0.0049884
        5630    -5.64634     -6.3252  0.00498897
        5631    -5.64341    -6.32508  0.00498955
        5632     -5.6403    -6.32496  0.00499015
        5633    -5.63792    -6.32484  0.00499075
        5634    -5.63511    -6.32471  0.00499137
        5635    -5.63582    -6.32459  0.00499198
        5636    -5.63604    -6.32447  0.00499259
        5637    -5.63607    -6.32435   0.0049932
        5638    -5.63724    -6.32422   0.0049938
        5639     -5.6417     -6.3241  0.00499438
        5640    -5.64868    -6.32398  0.00499493
        5641    -5.65226    -6.32387  0.00499546
        5642    -5.65125    -6.32375    0.004996
        5643    -5.65312    -6.32363  0.00499653
        5644     -5.6532    -6.32351  0.00499705
        5645    -5.65258    -6.32339  0.00499758
        5646    -5.65219    -6.32327  0.00499811
        5647    -5.65504    -6.32315  0.00499863
        5648    -5.65041    -6.32303  0.00499916
        5649    -5.64923    -6.32291   0.0049997
        5650    -5.64772    -6.32279  0.00500024
        5651     -5.6437    -6.32267   0.0050008
        5652    -5.64556    -6.32255  0.00500135
        5653    -5.64385    -6.32243  0.00500191
        5654    -5.64738    -6.32231  0.00500245
        5655    -5.65372     -6.3222  0.00500296
        5656    -5.65465    -6.32208  0.00500347
        5657    -5.65618    -6.32196  0.00500397
        5658    -5.65862    -6.32184  0.00500445
        5659    -5.65793    -6.32173  0.00500494
        5660    -5.65794    -6.32161  0.00500543
        5661    -5.65752    -6.32149  0.00500592
        5662    -5.65811    -6.32137  0.00500641
        5663    -5.66052    -6.32126  0.00500689
        5664    -5.65898    -6.32114  0.00500737
        5665    -5.66479    -6.32103  0.00500782
        5666    -5.66293    -6.32091  0.00500829
        5667    -5.66222    -6.32079  0.00500875
        5668    -5.66448    -6.32068  0.00500921
        5669    -5.66091    -6.32056  0.00500967
        5670    -5.66187    -6.32044  0.00501014
        5671    -5.65727    -6.32033  0.00501062
        5672    -5.66132    -6.32021  0.00501108
        5673    -5.66076    -6.32009  0.00501155
        5674    -5.65973    -6.31998  0.00501202
        5675    -5.65765    -6.31986  0.00501249
        5676    -5.65728    -6.31975  0.00501297
        5677    -5.65533    -6.31963  0.00501345
        5678    -5.66016    -6.31951  0.00501391
        5679    -5.66125     -6.3194  0.00501437
        5680    -5.66427    -6.31928  0.00501481
        5681     -5.6649    -6.31917  0.00501525
        5682    -5.66474    -6.31905  0.00501569
        5683    -5.66174    -6.31893  0.00501614
        5684    -5.66522    -6.31882  0.00501658
        5685    -5.66027     -6.3187  0.00501703
        5686    -5.66198    -6.31859  0.00501748
        5687    -5.66204    -6.31847  0.00501793
        5688    -5.66558    -6.31836  0.00501836
        5689    -5.66461    -6.31824  0.00501879
        5690     -5.6641    -6.31813  0.00501922
        5691    -5.66456    -6.31801  0.00501966
        5692    -5.66617     -6.3179  0.00502008
        5693    -5.67005    -6.31779  0.00502049
        5694    -5.67024    -6.31767  0.00502089
        5695    -5.66849    -6.31756  0.00502131
        5696    -5.66589    -6.31744  0.00502173
        5697    -5.66528    -6.31733  0.00502215
        5698    -5.67004    -6.31721  0.00502255
        5699    -5.66438     -6.3171  0.00502298
        5700     -5.6655    -6.31699   0.0050234
        5701    -5.66553    -6.31687  0.00502382
        5702    -5.66555    -6.31676  0.00502423
        5703     -5.6647    -6.31664  0.00502465
        5704    -5.66435    -6.31653  0.00502507
        5705    -5.66326    -6.31641   0.0050255
        5706    -5.66024     -6.3163  0.00502593
        5707    -5.65723    -6.31618  0.00502638
        5708    -5.65517    -6.31607  0.00502683
        5709    -5.65688    -6.31595  0.00502728
        5710    -5.65501    -6.31584  0.00502773
        5711    -5.65352    -6.31572  0.00502819
        5712    -5.64937     -6.3156  0.00502866
        5713    -5.64715    -6.31549  0.00502914
        5714    -5.64514    -6.31537  0.00502963
        5715    -5.64295    -6.31525  0.00503012
        5716    -5.64384    -6.31513  0.00503062
        5717    -5.64431    -6.31502   0.0050311
        5718    -5.64078     -6.3149  0.00503161
        5719    -5.64323    -6.31478   0.0050321
        5720    -5.63857    -6.31466  0.00503261
        5721    -5.63418    -6.31454  0.00503313
        5722     -5.6318    -6.31443  0.00503367
        5723    -5.63642    -6.31431  0.00503418
        5724     -5.6352    -6.31419   0.0050347
        5725    -5.63603    -6.31407  0.00503521
        5726     -5.6335    -6.31395  0.00503574
        5727    -5.63201    -6.31383  0.00503626
        5728    -5.62995    -6.31371   0.0050368
        5729    -5.63029    -6.31359  0.00503733
        5730    -5.62465    -6.31347  0.00503789
        5731    -5.62471    -6.31335  0.00503844
        5732    -5.62265    -6.31323    0.005039
        5733    -5.62536    -6.31311  0.00503955
        5734    -5.62189    -6.31299  0.00504012
        5735    -5.62607    -6.31287  0.00504066
        5736    -5.62883    -6.31275  0.00504119
        5737    -5.63227    -6.31263  0.00504171
        5738    -5.62987    -6.31252  0.00504223
        5739    -5.62997     -6.3124  0.00504276
        5740    -5.62782    -6.31228  0.00504329
        5741    -5.62962    -6.31216  0.00504381
        5742    -5.62654    -6.31204  0.00504435
        5743     -5.6266    -6.31192  0.00504488
        5744    -5.62766     -6.3118  0.00504541
        5745    -5.62691    -6.31168  0.00504594
        5746    -5.62835    -6.31156  0.00504646
        5747    -5.63039    -6.31144  0.00504698
        5748    -5.62972    -6.31133  0.00504749
        5749    -5.63072    -6.31121    0.005048
        5750    -5.63374    -6.31109   0.0050485
        5751    -5.63453    -6.31097  0.00504899
        5752    -5.63691    -6.31085  0.00504947
        5753    -5.63389    -6.31074  0.00504997
        5754    -5.62911    -6.31062  0.00505048
        5755     -5.6279     -6.3105  0.00505099
        5756    -5.63089    -6.31038   0.0050515
        5757    -5.63119    -6.31026    0.005052
        5758    -5.62833    -6.31014  0.00505251
        5759    -5.62749    -6.31003  0.00505302
        5760    -5.63089    -6.30991  0.00505352
        5761    -5.63579    -6.30979  0.00505399
        5762    -5.63243    -6.30967  0.00505448
        5763    -5.63085    -6.30956  0.00505498
        5764    -5.62857    -6.30944  0.00505548
        5765    -5.62961    -6.30932  0.00505598
        5766    -5.63202     -6.3092  0.00505647
        5767    -5.63134    -6.30908  0.00505696
        5768    -5.63676    -6.30897  0.00505742
        5769    -5.63566    -6.30885  0.00505789
        5770    -5.63882    -6.30874  0.00505835
        5771    -5.63314    -6.30862  0.00505883
        5772    -5.63362     -6.3085   0.0050593
        5773    -5.63201    -6.30838  0.00505978
        5774    -5.63053    -6.30827  0.00506027
        5775    -5.62848    -6.30815  0.00506076
        5776    -5.63166    -6.30803  0.00506124
        5777    -5.63187    -6.30792  0.00506172
        5778     -5.6313     -6.3078   0.0050622
        5779    -5.63254    -6.30768  0.00506267
        5780    -5.63487    -6.30756  0.00506313
        5781    -5.62968    -6.30745  0.00506361
        5782    -5.62948    -6.30733  0.00506409
        5783    -5.62444    -6.30721   0.0050646
        5784    -5.62233    -6.30709   0.0050651
        5785    -5.62169    -6.30698  0.00506561
        5786    -5.62506    -6.30686  0.00506611
        5787    -5.62666    -6.30674   0.0050666
        5788    -5.62625    -6.30662  0.00506709
        5789    -5.63159    -6.30651  0.00506755
        5790    -5.63688    -6.30639    0.005068
        5791     -5.6372    -6.30627  0.00506844
        5792     -5.6366    -6.30616  0.00506888
        5793    -5.64064    -6.30604  0.00506931
        5794    -5.63261    -6.30593  0.00506977
        5795    -5.63106    -6.30581  0.00507023
        5796    -5.63466     -6.3057  0.00507068
        5797    -5.63092    -6.30558  0.00507114
        5798    -5.63053    -6.30546   0.0050716
        5799    -5.62843    -6.30535  0.00507207
        5800    -5.62714    -6.30523  0.00507254
        5801    -5.62648    -6.30511  0.00507302
        5802    -5.62613    -6.30499  0.00507349
        5803    -5.62603    -6.30488  0.00507397
        5804    -5.62388    -6.30476  0.00507445
        5805    -5.62435    -6.30464  0.00507493
        5806    -5.62056    -6.30453  0.00507542
        5807    -5.61926    -6.30441  0.00507592
        5808    -5.62003    -6.30429  0.00507641
        5809    -5.62089    -6.30417   0.0050769
        5810     -5.6207    -6.30405  0.00507739
        5811    -5.61835    -6.30394  0.00507789
        5812    -5.61496    -6.30382   0.0050784
        5813     -5.6143     -6.3037  0.00507891
        5814    -5.61578    -6.30358  0.00507941
        5815    -5.61626    -6.30346  0.00507991
        5816     -5.6136    -6.30334  0.00508043
        5817    -5.61482    -6.30323  0.00508093
        5818    -5.61313    -6.30311  0.00508144
        5819    -5.61159    -6.30299  0.00508196
        5820    -5.61187    -6.30287  0.00508247
        5821    -5.60987    -6.30275  0.00508299
        5822    -5.60901    -6.30263  0.00508352
        5823    -5.61047    -6.30251  0.00508403
        5824    -5.61426    -6.30239  0.00508453
        5825    -5.61436    -6.30228  0.00508503
        5826    -5.61844    -6.30216  0.00508551
        5827    -5.61721    -6.30204    0.005086
        5828    -5.62275    -6.30192  0.00508646
        5829    -5.62016    -6.30181  0.00508693
        5830    -5.61768    -6.30169  0.00508741
        5831    -5.61627    -6.30157   0.0050879
        5832    -5.61791    -6.30146  0.00508838
        5833    -5.61391    -6.30134  0.00508887
        5834    -5.60967    -6.30122  0.00508938
        5835    -5.60787     -6.3011  0.00508989
        5836    -5.61048    -6.30098   0.0050904
        5837    -5.61463    -6.30086  0.00509088
        5838    -5.61086    -6.30075  0.00509138
        5839    -5.60934    -6.30063  0.00509189
        5840    -5.61453    -6.30051  0.00509237
        5841    -5.61474    -6.30039  0.00509285
        5842    -5.61552    -6.30028  0.00509333
        5843    -5.62021    -6.30016  0.00509379
        5844    -5.62005    -6.30004  0.00509425
        5845    -5.62357    -6.29993  0.00509469
        5846    -5.62433    -6.29981  0.00509513
        5847     -5.6244     -6.2997  0.00509557
        5848    -5.62406    -6.29958    0.005096
        5849    -5.62718    -6.29947  0.00509643
        5850    -5.62633    -6.29935  0.00509686
        5851    -5.62666    -6.29924  0.00509728
        5852    -5.62633    -6.29912  0.00509771
        5853    -5.62597    -6.29901  0.00509813
        5854    -5.62665    -6.29889  0.00509856
        5855    -5.62443    -6.29878  0.00509899
        5856    -5.62117    -6.29866  0.00509943
        5857    -5.61954    -6.29854  0.00509988
        5858    -5.61999    -6.29843  0.00510032
        5859    -5.61677    -6.29831  0.00510078
        5860    -5.62264     -6.2982  0.00510121
        5861    -5.62224    -6.29808  0.00510164
        5862    -5.62081    -6.29797  0.00510208
        5863     -5.6203    -6.29785  0.00510252
        5864    -5.61831    -6.29773  0.00510297
        5865    -5.61195    -6.29762  0.00510343
        5866    -5.61167     -6.2975   0.0051039
        5867    -5.61674    -6.29738  0.00510435
        5868    -5.61738    -6.29727   0.0051048
        5869     -5.6166    -6.29715  0.00510525
        5870    -5.62098    -6.29704  0.00510568
        5871    -5.61824    -6.29692  0.00510611
        5872    -5.61731    -6.29681  0.00510656
        5873    -5.62109    -6.29669  0.00510698
        5874    -5.62334    -6.29658   0.0051074
        5875    -5.61943    -6.29646  0.00510783
        5876     -5.6219    -6.29635  0.00510825
        5877    -5.62422    -6.29623  0.00510866
        5878    -5.62372    -6.29612  0.00510907
        5879    -5.62537      -6.296  0.00510948
        5880    -5.62476    -6.29589  0.00510989
        5881    -5.62231    -6.29577   0.0051103
        5882    -5.62329    -6.29566  0.00511071
        5883    -5.62267    -6.29555  0.00511112
        5884     -5.6204    -6.29543  0.00511154
        5885    -5.61929    -6.29532  0.00511196
        5886     -5.6197     -6.2952  0.00511238
        5887    -5.62081    -6.29509   0.0051128
        5888    -5.62265    -6.29497   0.0051132
        5889    -5.62339    -6.29486  0.00511361
        5890    -5.62472    -6.29474  0.00511401
        5891     -5.6264    -6.29463   0.0051144
        5892    -5.62928    -6.29452  0.00511477
        5893    -5.62852    -6.29441  0.00511515
        5894    -5.62782    -6.29429  0.00511554
        5895    -5.63194    -6.29418   0.0051159
        5896    -5.63291    -6.29407  0.00511626
        5897    -5.63281    -6.29396  0.00511663
        5898    -5.63136    -6.29384  0.00511699
        5899    -5.62844    -6.29373  0.00511737
        5900    -5.62327    -6.29362  0.00511776
        5901    -5.62716     -6.2935  0.00511814
        5902    -5.62356    -6.29339  0.00511853
        5903    -5.62635    -6.29328  0.00511891
        5904    -5.62361    -6.29316   0.0051193
        5905    -5.62216    -6.29305   0.0051197
        5906     -5.6213    -6.29294  0.00512009
        5907    -5.61824    -6.29282   0.0051205
        5908    -5.61544    -6.29271  0.00512092
        5909    -5.61625    -6.29259  0.00512133
        5910    -5.61346    -6.29248  0.00512175
        5911     -5.6126    -6.29236  0.00512218
        5912    -5.61676    -6.29225  0.00512258
        5913     -5.6174    -6.29213  0.00512299
        5914    -5.61632    -6.29202   0.0051234
        5915     -5.6194    -6.29191  0.00512379
        5916    -5.61829    -6.29179  0.00512419
        5917    -5.61429    -6.29168   0.0051246
        5918     -5.6108    -6.29156  0.00512503
        5919    -5.60922    -6.29145  0.00512546
        5920    -5.61455    -6.29133  0.00512587
        5921    -5.61644    -6.29122  0.00512627
        5922    -5.61593    -6.29111  0.00512667
        5923    -5.62001    -6.29099  0.00512706
        5924    -5.61613    -6.29088  0.00512746
        5925    -5.61971    -6.29077  0.00512785
        5926    -5.61927    -6.29065  0.00512823
        5927    -5.61574    -6.29054  0.00512863
        5928    -5.61405    -6.29042  0.00512904
        5929    -5.61398    -6.29031  0.00512944
        5930    -5.61352     -6.2902  0.00512984
        5931    -5.61059    -6.29008  0.00513026
        5932    -5.61294    -6.28997  0.00513066
        5933    -5.61368    -6.28985  0.00513106
        5934    -5.61442    -6.28974  0.00513146
        5935    -5.61522    -6.28963  0.00513186
        5936    -5.61461    -6.28951  0.00513225
        5937     -5.6107     -6.2894  0.00513266
        5938    -5.61415    -6.28928  0.00513306
        5939    -5.61062    -6.28917  0.00513346
        5940    -5.61113    -6.28906  0.00513387
        5941    -5.61337    -6.28894  0.00513426
        5942    -5.61386    -6.28883  0.00513466
        5943    -5.61518    -6.28871  0.00513504
        5944    -5.61496     -6.2886  0.00513543
        5945    -5.61411    -6.28849  0.00513582
        5946    -5.61336    -6.28837  0.00513621
        5947    -5.60843    -6.28826  0.00513662
        5948    -5.60911    -6.28815  0.00513702
        5949    -5.61148    -6.28803  0.00513742
        5950    -5.61104    -6.28792  0.00513782
        5951    -5.60996     -6.2878  0.00513822
        5952    -5.61127    -6.28769  0.00513861
        5953    -5.61035    -6.28758  0.00513901
        5954     -5.6092    -6.28746  0.00513941
        5955    -5.61239    -6.28735  0.00513979
        5956    -5.61033    -6.28724  0.00514019
        5957    -5.61076    -6.28712  0.00514058
        5958    -5.60765    -6.28701  0.00514098
        5959    -5.61108    -6.28689  0.00514137
        5960    -5.61099    -6.28678  0.00514176
        5961    -5.60921    -6.28667  0.00514215
        5962    -5.60926    -6.28655  0.00514254
        5963    -5.60758    -6.28644  0.00514294
        5964      -5.609    -6.28633  0.00514333
        5965    -5.61111    -6.28621  0.00514372
        5966    -5.60707     -6.2861  0.00514411
        5967    -5.60903    -6.28599   0.0051445
        5968    -5.61111    -6.28587  0.00514488
        5969    -5.61062    -6.28576  0.00514526
        5970    -5.60988    -6.28565  0.00514565
        5971    -5.60759    -6.28553  0.00514604
        5972    -5.60616    -6.28542  0.00514644
        5973    -5.60634    -6.28531  0.00514683
        5974    -5.60819    -6.28519  0.00514722
        5975    -5.60764    -6.28508   0.0051476
        5976    -5.60793    -6.28497  0.00514799
        5977    -5.60526    -6.28485  0.00514838
        5978    -5.60401    -6.28474  0.00514878
        5979    -5.60308    -6.28462  0.00514918
        5980    -5.60476    -6.28451  0.00514958
        5981     -5.6053     -6.2844  0.00514997
        5982    -5.60399    -6.28428  0.00515036
        5983    -5.60538    -6.28417  0.00515075
        5984    -5.60469    -6.28406  0.00515114
        5985    -5.60985    -6.28394  0.00515151
        5986     -5.6071    -6.28383  0.00515189
        5987    -5.60689    -6.28372  0.00515227
        5988    -5.60225     -6.2836  0.00515267
        5989    -5.60552    -6.28349  0.00515305
        5990    -5.60491    -6.28338  0.00515344
        5991    -5.60586    -6.28326  0.00515382
        5992    -5.60176    -6.28315  0.00515421
        5993    -5.59958    -6.28304  0.00515461
        5994    -5.59953    -6.28292  0.00515502
        5995    -5.59774    -6.28281  0.00515542
        5996    -5.59585    -6.28269  0.00515584
        5997    -5.59349    -6.28258  0.00515626
        5998    -5.59576    -6.28246  0.00515667
        5999    -5.59824    -6.28235  0.00515707
        6000    -5.59873    -6.28224  0.00515747
        6001    -5.59864    -6.28212  0.00515787
        6002    -5.59634    -6.28201  0.00515827
        6003    -5.59375    -6.28189  0.00515869
        6004    -5.59218    -6.28178  0.00515911
        6005    -5.59111    -6.28166  0.00515953
        6006    -5.58847    -6.28155  0.00515996
        6007    -5.58905    -6.28143  0.00516039
        6008    -5.58998    -6.28132  0.00516082
        6009    -5.59054     -6.2812  0.00516124
        6010    -5.58849    -6.28109  0.00516166
        6011     -5.5854    -6.28097   0.0051621
        6012    -5.58142    -6.28086  0.00516256
        6013     -5.5845    -6.28074    0.005163
        6014    -5.58331    -6.28062  0.00516344
        6015    -5.57984    -6.28051   0.0051639
        6016    -5.58225    -6.28039  0.00516434
        6017    -5.58709    -6.28028  0.00516477
        6018    -5.58006    -6.28016  0.00516522
        6019    -5.57871    -6.28004  0.00516568
        6020    -5.57835    -6.27993  0.00516613
        6021    -5.57858    -6.27981  0.00516659
        6022     -5.5817    -6.27969  0.00516703
        6023    -5.58203    -6.27958  0.00516747
        6024    -5.58021    -6.27946  0.00516792
        6025    -5.57508    -6.27934  0.00516838
        6026    -5.58068    -6.27923  0.00516883
        6027    -5.57778    -6.27911  0.00516928
        6028    -5.57442      -6.279  0.00516974
        6029    -5.57192    -6.27888  0.00517021
        6030    -5.57465    -6.27876  0.00517068
        6031    -5.57555    -6.27864  0.00517113
        6032     -5.5797    -6.27853  0.00517157
        6033    -5.58211    -6.27841    0.005172
        6034    -5.58182     -6.2783  0.00517244
        6035    -5.57989    -6.27818  0.00517287
        6036    -5.58145    -6.27807   0.0051733
        6037     -5.5773    -6.27795  0.00517375
        6038    -5.57587    -6.27783   0.0051742
        6039    -5.57703    -6.27772  0.00517464
        6040    -5.57818     -6.2776  0.00517508
        6041     -5.5762    -6.27749  0.00517553
        6042    -5.57882    -6.27737  0.00517596
        6043    -5.58082    -6.27726  0.00517639
        6044    -5.58043    -6.27714  0.00517682
        6045    -5.58185    -6.27703  0.00517724
        6046    -5.58477    -6.27691  0.00517765
        6047    -5.58766     -6.2768  0.00517805
        6048    -5.58861    -6.27668  0.00517844
        6049    -5.59246    -6.27657  0.00517882
        6050    -5.59311    -6.27646   0.0051792
        6051    -5.59439    -6.27634  0.00517957
        6052    -5.59441    -6.27623  0.00517994
        6053    -5.59283    -6.27612  0.00518031
        6054     -5.5943    -6.27601  0.00518068
        6055     -5.5951    -6.27589  0.00518104
        6056    -5.59849    -6.27578   0.0051814
        6057    -5.59596    -6.27567  0.00518176
        6058    -5.59778    -6.27556  0.00518211
        6059     -5.5948    -6.27545  0.00518247
        6060    -5.59564    -6.27533  0.00518283
        6061    -5.59762    -6.27522  0.00518318
        6062    -5.59691    -6.27511  0.00518353
        6063    -5.59735      -6.275  0.00518388
        6064     -5.5982    -6.27489  0.00518423
        6065    -5.59267    -6.27477  0.00518459
        6066    -5.59176    -6.27466  0.00518496
        6067    -5.59193    -6.27455  0.00518533
        6068    -5.59245    -6.27444  0.00518569
        6069    -5.59133    -6.27432  0.00518606
        6070    -5.59324    -6.27421  0.00518642
        6071    -5.59213     -6.2741  0.00518678
        6072    -5.58797    -6.27399  0.00518716
        6073    -5.58891    -6.27387  0.00518753
        6074    -5.58517    -6.27376  0.00518792
        6075     -5.5812    -6.27365  0.00518831
        6076    -5.58461    -6.27353   0.0051887
        6077    -5.58549    -6.27342  0.00518908
        6078    -5.58493    -6.27331  0.00518946
        6079    -5.58412    -6.27319  0.00518985
        6080    -5.58136    -6.27308  0.00519024
        6081    -5.58189    -6.27297  0.00519063
        6082    -5.57956    -6.27285  0.00519103
        6083    -5.58308    -6.27274  0.00519142
        6084    -5.58276    -6.27262   0.0051918
        6085    -5.58041    -6.27251  0.00519219
        6086    -5.58022     -6.2724  0.00519259
        6087     -5.5782    -6.27228  0.00519299
        6088    -5.58452    -6.27217  0.00519336
        6089    -5.58167    -6.27206  0.00519375
        6090    -5.57962    -6.27194  0.00519414
        6091    -5.57971    -6.27183  0.00519453
        6092    -5.57712    -6.27171  0.00519493
        6093    -5.57559     -6.2716  0.00519533
        6094    -5.57596    -6.27149  0.00519573
        6095    -5.57468    -6.27137  0.00519614
        6096    -5.58052    -6.27126  0.00519652
        6097    -5.57972    -6.27115  0.00519691
        6098    -5.58174    -6.27103  0.00519728
        6099    -5.58126    -6.27092  0.00519766
        6100    -5.58184    -6.27081  0.00519804
        6101    -5.58156    -6.27069  0.00519841
        6102    -5.58361    -6.27058  0.00519878
        6103    -5.58085    -6.27047  0.00519916
        6104    -5.57906    -6.27035  0.00519954
        6105    -5.57727    -6.27024  0.00519993
        6106    -5.57959    -6.27013   0.0052003
        6107    -5.57427    -6.27001   0.0052007
        6108    -5.57184     -6.2699  0.00520111
        6109    -5.57067    -6.26979  0.00520151
        6110    -5.57061    -6.26967  0.00520192
        6111    -5.57228    -6.26956  0.00520232
        6112    -5.57232    -6.26944  0.00520272
        6113    -5.57179    -6.26933  0.00520312
        6114    -5.57088    -6.26921  0.00520352
        6115    -5.56769     -6.2691  0.00520394
        6116    -5.56838    -6.26898  0.00520435
        6117     -5.5727    -6.26887  0.00520474
        6118    -5.57242    -6.26876  0.00520514
        6119    -5.57284    -6.26864  0.00520553
        6120    -5.57283    -6.26853  0.00520592
        6121    -5.57743    -6.26842  0.00520629
        6122    -5.57447     -6.2683  0.00520668
        6123    -5.57743    -6.26819  0.00520705
        6124    -5.57671    -6.26808  0.00520742
        6125    -5.57571    -6.26796   0.0052078
        6126    -5.57315    -6.26785  0.00520818
        6127    -5.57243    -6.26774  0.00520857
        6128     -5.5717    -6.26762  0.00520896
        6129    -5.56761    -6.26751  0.00520936
        6130     -5.5657     -6.2674  0.00520977
        6131    -5.55816    -6.26728   0.0052102
        6132    -5.55853    -6.26716  0.00521063
        6133    -5.55986    -6.26705  0.00521106
        6134    -5.56226    -6.26693  0.00521148
        6135    -5.55916    -6.26682  0.00521191
        6136    -5.55743     -6.2667  0.00521234
        6137    -5.55955    -6.26659  0.00521276
        6138    -5.55771    -6.26647  0.00521319
        6139    -5.55886    -6.26636  0.00521362
        6140     -5.5593    -6.26624  0.00521404
        6141    -5.56109    -6.26613  0.00521445
        6142     -5.5585    -6.26601  0.00521488
        6143    -5.56036     -6.2659  0.00521529
        6144       -5.56    -6.26578  0.00521571
        6145    -5.55982    -6.26567  0.00521613
        6146    -5.56355    -6.26555  0.00521653
        6147    -5.56145    -6.26544  0.00521694
        6148    -5.55853    -6.26532  0.00521736
        6149    -5.55788    -6.26521  0.00521778
        6150    -5.55921    -6.26509  0.00521819
        6151    -5.55716    -6.26498  0.00521861
        6152    -5.55897    -6.26486  0.00521902
        6153    -5.55603    -6.26475  0.00521945
        6154    -5.55724    -6.26463  0.00521987
        6155    -5.55379    -6.26452   0.0052203
        6156    -5.55284     -6.2644  0.00522073
        6157     -5.5567    -6.26429  0.00522114
        6158    -5.55792    -6.26417  0.00522156
        6159    -5.55478    -6.26406  0.00522198
        6160     -5.5546    -6.26394   0.0052224
        6161    -5.55492    -6.26383  0.00522282
        6162     -5.5589    -6.26371  0.00522323
        6163    -5.56168     -6.2636  0.00522362
        6164    -5.55982    -6.26348  0.00522402
        6165    -5.56096    -6.26337  0.00522442
        6166     -5.5636    -6.26326   0.0052248
        6167    -5.56301    -6.26314  0.00522519
        6168     -5.5605    -6.26303  0.00522558
        6169    -5.56485    -6.26292  0.00522596
        6170    -5.56828     -6.2628  0.00522633
        6171    -5.57005    -6.26269  0.00522668
        6172    -5.56855    -6.26258  0.00522705
        6173    -5.56936    -6.26247  0.00522741
        6174    -5.57131    -6.26236  0.00522776
        6175    -5.56569    -6.26224  0.00522813
        6176    -5.56314    -6.26213  0.00522851
        6177    -5.56455    -6.26202  0.00522888
        6178    -5.56256     -6.2619  0.00522926
        6179    -5.56465    -6.26179  0.00522963
        6180      -5.562    -6.26168  0.00523001
        6181    -5.56197    -6.26156  0.00523039
        6182    -5.56684    -6.26145  0.00523075
        6183    -5.56585    -6.26134  0.00523112
        6184     -5.5644    -6.26123  0.00523148
        6185    -5.56472    -6.26111  0.00523185
        6186    -5.56113      -6.261  0.00523223
        6187    -5.55827    -6.26089  0.00523261
        6188    -5.55716    -6.26077    0.005233
        6189    -5.55827    -6.26066  0.00523339
        6190     -5.5554    -6.26055  0.00523378
        6191    -5.54958    -6.26043   0.0052342
        6192    -5.54868    -6.26032  0.00523462
        6193    -5.54969     -6.2602  0.00523503
        6194    -5.54547    -6.26009  0.00523545
        6195     -5.5423    -6.25997  0.00523589
        6196    -5.54289    -6.25985  0.00523632
        6197     -5.5434    -6.25974  0.00523676
        6198    -5.54121    -6.25962  0.00523719
        6199    -5.54168    -6.25951  0.00523763
        6200    -5.54337    -6.25939  0.00523806
        6201    -5.54323    -6.25928  0.00523849
        6202    -5.54113    -6.25916  0.00523892
        6203    -5.54228    -6.25904  0.00523935
        6204     -5.5428    -6.25893  0.00523978
        6205    -5.53895    -6.25881  0.00524022
        6206    -5.53672     -6.2587  0.00524067
        6207    -5.53808    -6.25858  0.00524111
        6208    -5.53758    -6.25846  0.00524155
        6209    -5.53495    -6.25835    0.005242
        6210    -5.53619    -6.25823  0.00524245
        6211    -5.53421    -6.25812   0.0052429
        6212    -5.53384      -6.258  0.00524335
        6213    -5.53057    -6.25788  0.00524381
        6214    -5.53153    -6.25776  0.00524427
        6215    -5.52937    -6.25765  0.00524474
        6216     -5.5289    -6.25753   0.0052452
        6217    -5.52913    -6.25741  0.00524567
        6218    -5.53107     -6.2573  0.00524613
        6219    -5.53043    -6.25718  0.00524658
        6220    -5.53183    -6.25706  0.00524704
        6221    -5.52383    -6.25694  0.00524752
        6222     -5.5206    -6.25683  0.00524801
        6223    -5.52121    -6.25671   0.0052485
        6224    -5.52185    -6.25659  0.00524898
        6225    -5.52217    -6.25647  0.00524946
        6226    -5.52325    -6.25635  0.00524994
        6227     -5.5194    -6.25624  0.00525043
        6228     -5.5193    -6.25612  0.00525092
        6229    -5.51705      -6.256  0.00525142
        6230     -5.5177    -6.25588  0.00525191
        6231    -5.51839    -6.25576   0.0052524
        6232    -5.51398    -6.25564  0.00525291
        6233     -5.5137    -6.25552  0.00525341
        6234    -5.51319     -6.2554  0.00525392
        6235    -5.51314    -6.25529  0.00525443
        6236    -5.51337    -6.25517  0.00525493
        6237    -5.51695    -6.25505  0.00525542
        6238    -5.51796    -6.25493  0.00525591
        6239    -5.51328    -6.25481  0.00525641
        6240    -5.51554    -6.25469   0.0052569
        6241    -5.51558    -6.25457  0.00525739
        6242    -5.51874    -6.25446  0.00525787
        6243    -5.51857    -6.25434  0.00525835
        6244    -5.51587    -6.25422  0.00525884
        6245    -5.51794     -6.2541  0.00525932
        6246    -5.51353    -6.25398  0.00525981
        6247    -5.51027    -6.25387  0.00526032
        6248     -5.5085    -6.25375  0.00526083
        6249    -5.50973    -6.25363  0.00526133
        6250    -5.50638    -6.25351  0.00526185
        6251    -5.50657    -6.25339  0.00526236
        6252    -5.50497    -6.25327  0.00526288
        6253    -5.50454    -6.25315   0.0052634
        6254    -5.50526    -6.25303  0.00526392
        6255    -5.50502    -6.25291  0.00526444
        6256    -5.50486    -6.25279  0.00526495
        6257    -5.50141    -6.25267  0.00526548
        6258    -5.49861    -6.25255  0.00526602
        6259    -5.50044    -6.25243  0.00526655
        6260    -5.50239    -6.25231  0.00526707
        6261    -5.50203    -6.25219  0.00526759
        6262    -5.50308    -6.25207  0.00526811
        6263    -5.50076    -6.25195  0.00526863
        6264    -5.50185    -6.25183  0.00526915
        6265     -5.5057    -6.25171  0.00526966
        6266    -5.50548    -6.25159  0.00527016
        6267    -5.51161    -6.25147  0.00527064
        6268    -5.51355    -6.25136  0.00527112
        6269    -5.51219    -6.25124   0.0052716
        6270     -5.5122    -6.25112  0.00527207
        6271    -5.51201      -6.251  0.00527255
        6272    -5.51353    -6.25088  0.00527302
        6273    -5.51405    -6.25077  0.00527349
        6274    -5.51294    -6.25065  0.00527396
        6275    -5.51187    -6.25053  0.00527443
        6276    -5.51114    -6.25041  0.00527491
        6277    -5.51432     -6.2503  0.00527537
        6278       -5.51    -6.25018  0.00527585
        6279    -5.51266    -6.25006  0.00527631
        6280    -5.51268    -6.24994  0.00527678
        6281    -5.51161    -6.24983  0.00527725
        6282    -5.50962    -6.24971  0.00527772
        6283    -5.51045    -6.24959   0.0052782
        6284    -5.51173    -6.24947  0.00527866
        6285    -5.50554    -6.24936  0.00527915
        6286    -5.50712    -6.24924  0.00527963
        6287    -5.50068    -6.24912  0.00528013
        6288     -5.5054      -6.249  0.00528062
        6289    -5.50149    -6.24888  0.00528111
        6290    -5.50196    -6.24876  0.00528161
        6291    -5.49749    -6.24864  0.00528212
        6292    -5.49326    -6.24852  0.00528264
        6293     -5.4957     -6.2484  0.00528316
        6294    -5.49871    -6.24828  0.00528366
        6295    -5.49601    -6.24816  0.00528417
        6296    -5.49413    -6.24804  0.00528469
        6297    -5.49475    -6.24792  0.00528521
        6298    -5.49347    -6.24781  0.00528572
        6299    -5.49745    -6.24769  0.00528623
        6300     -5.4998    -6.24757  0.00528672
        6301    -5.50062    -6.24745  0.00528721
        6302    -5.49873    -6.24733  0.00528771
        6303    -5.49901    -6.24721   0.0052882
        6304    -5.49742    -6.24709   0.0052887
        6305    -5.49849    -6.24697  0.00528919
        6306     -5.4995    -6.24686  0.00528968
        6307     -5.4993    -6.24674  0.00529017
        6308    -5.49602    -6.24662  0.00529067
        6309    -5.50005     -6.2465  0.00529116
        6310     -5.4995    -6.24638  0.00529164
        6311    -5.50102    -6.24626  0.00529212
        6312    -5.49846    -6.24614  0.00529261
        6313    -5.49715    -6.24603   0.0052931
        6314    -5.49797    -6.24591  0.00529359
        6315    -5.49881    -6.24579  0.00529407
        6316    -5.49684    -6.24567  0.00529456
        6317     -5.4976    -6.24555  0.00529505
        6318    -5.49703    -6.24543  0.00529553
        6319    -5.50045    -6.24532  0.00529601
        6320    -5.50454     -6.2452  0.00529647
        6321    -5.50441    -6.24508  0.00529693
        6322    -5.50822    -6.24496  0.00529737
        6323    -5.51068    -6.24485   0.0052978
        6324    -5.50614    -6.24473  0.00529825
        6325    -5.50639    -6.24461   0.0052987
        6326    -5.51227     -6.2445  0.00529913
        6327    -5.51238    -6.24438  0.00529956
        6328    -5.51474    -6.24427  0.00529997
        6329    -5.51418    -6.24415  0.00530039
        6330    -5.51181    -6.24404  0.00530081
        6331    -5.51095    -6.24392  0.00530124
        6332    -5.50709     -6.2438  0.00530168
        6333    -5.50342    -6.24369  0.00530213
        6334     -5.5039    -6.24357  0.00530258
        6335     -5.5077    -6.24345  0.00530302
        6336    -5.51341    -6.24334  0.00530343
        6337    -5.51271    -6.24322  0.00530385
        6338    -5.51602    -6.24311  0.00530425
        6339    -5.51823      -6.243  0.00530465
        6340    -5.52449    -6.24288  0.00530502
        6341    -5.52316    -6.24277   0.0053054
        6342    -5.52022    -6.24265  0.00530579
        6343    -5.51905    -6.24254  0.00530618
        6344    -5.51829    -6.24243  0.00530657
        6345    -5.51646    -6.24231  0.00530696
        6346    -5.51774     -6.2422  0.00530736
        6347    -5.51933    -6.24208  0.00530774
        6348    -5.51796    -6.24197  0.00530813
        6349    -5.51944    -6.24186  0.00530852
        6350    -5.51932    -6.24174   0.0053089
        6351    -5.52113    -6.24163  0.00530928
        6352     -5.5199    -6.24152  0.00530966
        6353    -5.52274     -6.2414  0.00531002
        6354    -5.51848    -6.24129  0.00531041
        6355    -5.51747    -6.24117  0.00531079
        6356    -5.51491    -6.24106  0.00531119
        6357    -5.51579    -6.24095  0.00531158
        6358    -5.52142    -6.24083  0.00531195
        6359     -5.5206    -6.24072  0.00531232
        6360    -5.52062    -6.24061  0.00531269
        6361    -5.51943    -6.24049  0.00531306
        6362    -5.51437    -6.24038  0.00531345
        6363     -5.5155    -6.24026  0.00531384
        6364    -5.51019    -6.24015  0.00531424
        6365    -5.50999    -6.24004  0.00531465
        6366     -5.5107    -6.23992  0.00531505
        6367    -5.50897    -6.23981  0.00531545
        6368    -5.50913    -6.23969  0.00531586
        6369    -5.50607    -6.23958  0.00531627
        6370    -5.50578    -6.23946  0.00531668
        6371     -5.5068    -6.23935  0.00531709
        6372    -5.50623    -6.23923   0.0053175
        6373    -5.50769    -6.23912  0.00531791
        6374      -5.504      -6.239  0.00531832
        6375    -5.50515    -6.23889  0.00531873
        6376    -5.50806    -6.23877  0.00531913
        6377    -5.51063    -6.23866  0.00531953
        6378    -5.51146    -6.23854  0.00531991
        6379    -5.51239    -6.23843   0.0053203
        6380    -5.51554    -6.23832  0.00532067
        6381    -5.51386     -6.2382  0.00532105
        6382    -5.51103    -6.23809  0.00532143
        6383    -5.51021    -6.23797  0.00532182
        6384    -5.50965    -6.23786  0.00532221
        6385    -5.51088    -6.23775  0.00532259
        6386     -5.5066    -6.23763  0.00532299
        6387    -5.50038    -6.23752  0.00532341
        6388    -5.49881     -6.2374  0.00532383
        6389    -5.49875    -6.23729  0.00532425
        6390    -5.49886    -6.23717  0.00532467
        6391    -5.50278    -6.23705  0.00532508
        6392    -5.50189    -6.23694  0.00532549
        6393    -5.50443    -6.23682  0.00532589
        6394    -5.49805    -6.23671  0.00532631
        6395    -5.50047    -6.23659  0.00532672
        6396    -5.49926    -6.23648  0.00532714
        6397    -5.50388    -6.23636  0.00532753
        6398    -5.50356    -6.23625  0.00532793
        6399    -5.50009    -6.23613  0.00532834
        6400    -5.50444    -6.23602  0.00532874
        6401    -5.50818    -6.23591  0.00532912
        6402     -5.5025    -6.23579  0.00532951
        6403    -5.50447    -6.23568  0.00532991
        6404    -5.50479    -6.23556   0.0053303
        6405    -5.50411    -6.23545  0.00533069
        6406    -5.50618    -6.23534  0.00533107
        6407    -5.50755    -6.23522  0.00533145
        6408     -5.5078    -6.23511  0.00533182
        6409     -5.5079      -6.235   0.0053322
        6410    -5.51068    -6.23488  0.00533256
        6411    -5.50937    -6.23477  0.00533293
        6412    -5.50806    -6.23466  0.00533331
        6413    -5.50425    -6.23454  0.00533369
        6414      -5.506    -6.23443  0.00533407
        6415    -5.50986    -6.23432  0.00533443
        6416    -5.50768     -6.2342   0.0053348
        6417    -5.50524    -6.23409  0.00533518
        6418    -5.50074    -6.23397  0.00533557
        6419    -5.49798    -6.23386  0.00533597
        6420      -5.496    -6.23374  0.00533638
        6421    -5.49809    -6.23363  0.00533678
        6422    -5.49477    -6.23352  0.00533719
        6423    -5.49935     -6.2334  0.00533758
        6424    -5.49897    -6.23329  0.00533797
        6425    -5.49574    -6.23317  0.00533838
        6426    -5.49594    -6.23306  0.00533878
        6427    -5.49075    -6.23294   0.0053392
        6428    -5.49085    -6.23283  0.00533962
        6429    -5.48909    -6.23271  0.00534004
        6430    -5.48598    -6.23259  0.00534047
        6431    -5.48768    -6.23248   0.0053409
        6432    -5.48818    -6.23236  0.00534132
        6433    -5.49161    -6.23225  0.00534173
        6434     -5.4923    -6.23213  0.00534214
        6435    -5.49494    -6.23202  0.00534253
        6436    -5.49597     -6.2319  0.00534293
        6437    -5.49699    -6.23179  0.00534332
        6438    -5.49418    -6.23167  0.00534372
        6439    -5.49526    -6.23156  0.00534411
        6440    -5.49262    -6.23145  0.00534451
        6441    -5.49384    -6.23133  0.00534491
        6442    -5.49371    -6.23122  0.00534531
        6443    -5.49079     -6.2311  0.00534571
        6444    -5.48854    -6.23099  0.00534612
        6445      -5.492    -6.23087  0.00534652
        6446    -5.49471    -6.23076  0.00534691
        6447     -5.4932    -6.23064  0.00534731
        6448     -5.4927    -6.23053   0.0053477
        6449    -5.49122    -6.23041   0.0053481
        6450     -5.4898     -6.2303  0.00534851
        6451     -5.4924    -6.23018   0.0053489
        6452    -5.49303    -6.23007  0.00534929
        6453    -5.48832    -6.22996   0.0053497
        6454    -5.48678    -6.22984  0.00535011
        6455    -5.48466    -6.22973  0.00535052
        6456    -5.48673    -6.22961  0.00535093
        6457    -5.48727     -6.2295  0.00535134
        6458    -5.48184    -6.22938  0.00535176
        6459    -5.48212    -6.22926  0.00535218
        6460    -5.47935    -6.22915  0.00535261
        6461     -5.4867    -6.22903  0.00535302
        6462    -5.48587    -6.22892  0.00535343
        6463    -5.48172     -6.2288  0.00535385
        6464    -5.48338    -6.22869  0.00535426
        6465    -5.48194    -6.22857  0.00535468
        6466    -5.48333    -6.22846  0.00535509
        6467    -5.48835    -6.22834  0.00535548
        6468    -5.48772    -6.22823  0.00535588
        6469    -5.49268    -6.22811  0.00535626
        6470    -5.48907      -6.228  0.00535665
        6471    -5.49474    -6.22789  0.00535702
        6472     -5.4935    -6.22777  0.00535739
        6473    -5.49176    -6.22766  0.00535777
        6474    -5.49278    -6.22755  0.00535815
        6475    -5.49155    -6.22743  0.00535852
        6476    -5.48763    -6.22732  0.00535892
        6477    -5.48969     -6.2272   0.0053593
        6478    -5.49369    -6.22709  0.00535967
        6479    -5.48781    -6.22698  0.00536005
        6480    -5.48693    -6.22686  0.00536044
        6481    -5.48317    -6.22675  0.00536084
        6482    -5.48297    -6.22663  0.00536124
        6483    -5.48472    -6.22652  0.00536164
        6484    -5.48181     -6.2264  0.00536204
        6485    -5.47772    -6.22629  0.00536246
        6486    -5.47827    -6.22617  0.00536287
        6487    -5.48077    -6.22606  0.00536328
        6488    -5.48593    -6.22594  0.00536366
        6489    -5.49244    -6.22583  0.00536403
        6490    -5.48954    -6.22572   0.0053644
        6491    -5.49093     -6.2256  0.00536477
        6492    -5.49209    -6.22549  0.00536513
        6493    -5.49126    -6.22538   0.0053655
        6494    -5.49599    -6.22527  0.00536584
        6495    -5.49236    -6.22515  0.00536621
        6496    -5.48943    -6.22504  0.00536657
        6497    -5.49256    -6.22493  0.00536693
        6498    -5.49902    -6.22481  0.00536727
        6499    -5.49919     -6.2247   0.0053676
        6500    -5.49851    -6.22459  0.00536794
        6501    -5.49146    -6.22448   0.0053683
        6502    -5.49085    -6.22437  0.00536866
        6503    -5.48969    -6.22425  0.00536902
        6504    -5.48589    -6.22414   0.0053694
        6505    -5.48769    -6.22403  0.00536977
        6506    -5.48811    -6.22391  0.00537013
        6507    -5.48494     -6.2238  0.00537051
        6508    -5.48579    -6.22369  0.00537088
        6509     -5.4859    -6.22357  0.00537125
        6510    -5.48622    -6.22346  0.00537162
        6511    -5.48431    -6.22335  0.00537199
        6512    -5.48749    -6.22323  0.00537236
        6513    -5.48449    -6.22312  0.00537273
        6514    -5.48374    -6.22301   0.0053731
        6515    -5.48303    -6.22289  0.00537348
        6516    -5.48364    -6.22278  0.00537385
        6517    -5.48264    -6.22267  0.00537423
        6518    -5.48355    -6.22255   0.0053746
        6519    -5.48346    -6.22244  0.00537497
        6520    -5.48394    -6.22233  0.00537534
        6521    -5.48333    -6.22221  0.00537571
        6522    -5.48447     -6.2221  0.00537607
        6523    -5.48303    -6.22199  0.00537644
        6524    -5.49233    -6.22187  0.00537678
        6525    -5.49515    -6.22176  0.00537711
        6526    -5.49428    -6.22165  0.00537744
        6527    -5.49571    -6.22154  0.00537777
        6528      -5.495    -6.22143   0.0053781
        6529     -5.4961    -6.22132  0.00537842
        6530    -5.49387    -6.22121  0.00537875
        6531    -5.49284    -6.22109  0.00537908
        6532    -5.49101    -6.22098  0.00537942
        6533    -5.49022    -6.22087  0.00537976
        6534    -5.49241    -6.22076  0.00538009
        6535    -5.49372    -6.22065  0.00538042
        6536    -5.49148    -6.22054  0.00538075
        6537    -5.48506    -6.22042  0.00538111
        6538    -5.48451    -6.22031  0.00538146
        6539    -5.48114     -6.2202  0.00538182
        6540    -5.48255    -6.22009  0.00538218
        6541    -5.48538    -6.21997  0.00538253
        6542    -5.48551    -6.21986  0.00538288
        6543    -5.48519    -6.21975  0.00538323
        6544    -5.48455    -6.21964  0.00538358
        6545    -5.48534    -6.21952  0.00538392
        6546    -5.48318    -6.21941  0.00538428
        6547    -5.48618     -6.2193  0.00538462
        6548    -5.48536    -6.21919  0.00538496
        6549     -5.4908    -6.21908  0.00538529
        6550    -5.48882    -6.21896  0.00538562
        6551    -5.48663    -6.21885  0.00538596
        6552    -5.48593    -6.21874   0.0053863
        6553    -5.49076    -6.21863  0.00538662
        6554    -5.49233    -6.21852  0.00538694
        6555    -5.48908    -6.21841  0.00538727
        6556    -5.49231     -6.2183  0.00538758
        6557      -5.493    -6.21819   0.0053879
        6558    -5.49025    -6.21808  0.00538822
        6559    -5.49265    -6.21796  0.00538853
        6560    -5.49478    -6.21785  0.00538884
        6561    -5.49957    -6.21775  0.00538913
        6562    -5.49785    -6.21764  0.00538942
        6563    -5.49603    -6.21753  0.00538972
        6564    -5.49454    -6.21742  0.00539003
        6565    -5.49274     -6.2173  0.00539034
        6566    -5.48934    -6.21719  0.00539066
        6567    -5.48777    -6.21708  0.00539098
        6568     -5.4882    -6.21697   0.0053913
        6569    -5.48446    -6.21686  0.00539163
        6570     -5.4826    -6.21675  0.00539197
        6571    -5.48414    -6.21664   0.0053923
        6572    -5.48125    -6.21653  0.00539264
        6573    -5.48844    -6.21641  0.00539296
        6574    -5.49004     -6.2163  0.00539327
        6575    -5.48786    -6.21619  0.00539359
        6576    -5.49019    -6.21608   0.0053939
        6577    -5.49178    -6.21597   0.0053942
        6578    -5.49661    -6.21586  0.00539449
        6579    -5.50109    -6.21575  0.00539477
        6580    -5.50024    -6.21565  0.00539504
        6581    -5.50161    -6.21554  0.00539531
        6582    -5.50101    -6.21543  0.00539559
        6583    -5.50053    -6.21532  0.00539586
        6584    -5.50179    -6.21521  0.00539613
        6585    -5.49973     -6.2151   0.0053964
        6586    -5.50028    -6.21499  0.00539667
        6587    -5.49918    -6.21489  0.00539695
        6588    -5.49807    -6.21478  0.00539723
        6589    -5.49637    -6.21467  0.00539751
        6590    -5.50182    -6.21456  0.00539777
        6591    -5.50223    -6.21445  0.00539804
        6592    -5.50158    -6.21434   0.0053983
        6593    -5.50089    -6.21424  0.00539857
        6594    -5.49788    -6.21413  0.00539884
        6595    -5.49815    -6.21402  0.00539911
        6596    -5.49489    -6.21391  0.00539939
        6597    -5.49468     -6.2138  0.00539968
        6598    -5.49477    -6.21369  0.00539996
        6599    -5.49595    -6.21358  0.00540023
        6600     -5.4964    -6.21347  0.00540051
        6601    -5.49452    -6.21337  0.00540079
        6602      -5.495    -6.21326  0.00540107
        6603    -5.49703    -6.21315  0.00540134
        6604    -5.49176    -6.21304  0.00540163
        6605    -5.48981    -6.21293  0.00540192
        6606    -5.49291    -6.21282   0.0054022
        6607    -5.48837    -6.21271  0.00540249
        6608    -5.49024     -6.2126  0.00540278
        6609    -5.49179    -6.21249  0.00540307
        6610    -5.48779    -6.21238  0.00540336
        6611    -5.48951    -6.21227  0.00540365
        6612    -5.48831    -6.21216  0.00540394
        6613    -5.48977    -6.21205  0.00540423
        6614    -5.48606    -6.21194  0.00540453
        6615    -5.48815    -6.21184  0.00540482
        6616    -5.48823    -6.21173  0.00540511
        6617    -5.49283    -6.21162  0.00540538
        6618    -5.49037    -6.21151  0.00540566
        6619    -5.49134     -6.2114  0.00540594
        6620    -5.49095    -6.21129  0.00540622
        6621    -5.49186    -6.21118   0.0054065
        6622    -5.49372    -6.21107  0.00540676
        6623    -5.49429    -6.21097  0.00540703
        6624    -5.49307    -6.21086   0.0054073
        6625    -5.48964    -6.21075  0.00540758
        6626    -5.48774    -6.21064  0.00540786
        6627    -5.49034    -6.21053  0.00540814
        6628    -5.49328    -6.21042  0.00540841
        6629    -5.49199    -6.21031  0.00540868
        6630    -5.49468    -6.21021  0.00540894
        6631    -5.49392     -6.2101   0.0054092
        6632    -5.49502    -6.20999  0.00540946
        6633    -5.49299    -6.20988  0.00540972
        6634    -5.49328    -6.20977  0.00540999
        6635    -5.49221    -6.20967  0.00541025
        6636    -5.49065    -6.20956  0.00541052
        6637     -5.4914    -6.20945  0.00541079
        6638    -5.49259    -6.20934  0.00541105
        6639    -5.49532    -6.20923  0.00541131
        6640    -5.49591    -6.20913  0.00541156
        6641    -5.49774    -6.20902   0.0054118
        6642    -5.49982    -6.20891  0.00541204
        6643    -5.49459     -6.2088  0.00541229
        6644     -5.4987     -6.2087  0.00541253
        6645     -5.5006    -6.20859  0.00541277
        6646     -5.4991    -6.20848  0.00541301
        6647     -5.4988    -6.20838  0.00541325
        6648    -5.50782    -6.20827  0.00541346
        6649    -5.50491    -6.20817  0.00541368
        6650    -5.50369    -6.20806   0.0054139
        6651    -5.50114    -6.20795  0.00541413
        6652     -5.4971    -6.20785  0.00541437
        6653    -5.50229    -6.20774  0.00541459
        6654    -5.50088    -6.20764  0.00541482
        6655    -5.50134    -6.20753  0.00541505
        6656    -5.49979    -6.20742  0.00541528
        6657    -5.49801    -6.20732  0.00541551
        6658    -5.50033    -6.20721  0.00541574
        6659    -5.49805     -6.2071  0.00541597
        6660     -5.4991      -6.207   0.0054162
        6661    -5.49969    -6.20689  0.00541643
        6662    -5.50094    -6.20678  0.00541666
        6663    -5.50166    -6.20668  0.00541688
        6664     -5.4996    -6.20657   0.0054171
        6665    -5.50467    -6.20647  0.00541731
        6666    -5.50018    -6.20636  0.00541754
        6667    -5.50026    -6.20626  0.00541776
        6668    -5.49988    -6.20615  0.00541798
        6669      -5.502    -6.20604   0.0054182
        6670    -5.50245    -6.20594  0.00541841
        6671     -5.5033    -6.20583  0.00541862
        6672    -5.50047    -6.20573  0.00541884
        6673    -5.50093    -6.20562  0.00541906
        6674    -5.49952    -6.20552  0.00541928
        6675     -5.4988    -6.20541   0.0054195
        6676    -5.49634     -6.2053  0.00541973
        6677    -5.49897     -6.2052  0.00541995
        6678     -5.4999    -6.20509  0.00542017
        6679    -5.50227    -6.20499  0.00542038
        6680    -5.50987    -6.20488  0.00542057
        6681    -5.51297    -6.20478  0.00542075
        6682    -5.51313    -6.20468  0.00542092
        6683    -5.51497    -6.20457  0.00542109
        6684    -5.52133    -6.20447  0.00542125
        6685    -5.52262    -6.20437  0.00542139
        6686    -5.52284    -6.20427  0.00542154
        6687    -5.52054    -6.20416   0.0054217
        6688    -5.51773    -6.20406  0.00542186
        6689    -5.51917    -6.20396  0.00542201
        6690    -5.52102    -6.20386  0.00542216
        6691    -5.51931    -6.20376  0.00542232
        6692    -5.51617    -6.20365  0.00542248
        6693    -5.51496    -6.20355  0.00542265
        6694    -5.51579    -6.20345  0.00542281
        6695    -5.51522    -6.20334  0.00542297
        6696    -5.51408    -6.20324  0.00542314
        6697    -5.51358    -6.20314  0.00542331
        6698    -5.51253    -6.20304  0.00542348
        6699    -5.51415    -6.20293  0.00542364
        6700    -5.50433    -6.20283  0.00542384
        6701    -5.50488    -6.20272  0.00542403
        6702     -5.5031    -6.20262  0.00542422
        6703    -5.49714    -6.20251  0.00542443
        6704    -5.49274    -6.20241  0.00542466
        6705    -5.49172     -6.2023  0.00542488
        6706    -5.49039     -6.2022  0.00542511
        6707    -5.49115    -6.20209  0.00542534
        6708    -5.48885    -6.20198  0.00542557
        6709    -5.48547    -6.20188  0.00542582
        6710    -5.49053    -6.20177  0.00542604
        6711    -5.48919    -6.20167  0.00542627
        6712    -5.49298    -6.20156  0.00542649
        6713    -5.49412    -6.20145  0.00542671
        6714    -5.49684    -6.20135  0.00542691
        6715    -5.49508    -6.20124  0.00542712
        6716    -5.49212    -6.20114  0.00542734
        6717    -5.49564    -6.20103  0.00542755
        6718     -5.4963    -6.20093  0.00542776
        6719    -5.50067    -6.20082  0.00542795
        6720    -5.49838    -6.20072  0.00542815
        6721    -5.49419    -6.20061  0.00542836
        6722    -5.49653    -6.20051  0.00542856
        6723    -5.48902     -6.2004  0.00542879
        6724    -5.49013     -6.2003  0.00542901
        6725    -5.48954    -6.20019  0.00542923
        6726    -5.49138    -6.20009  0.00542944
        6727    -5.49339    -6.19998  0.00542965
        6728    -5.49404    -6.19988  0.00542986
        6729     -5.4929    -6.19977  0.00543007
        6730    -5.49673    -6.19967  0.00543027
        6731    -5.48836    -6.19956  0.00543049
        6732    -5.48864    -6.19946  0.00543071
        6733    -5.48762    -6.19935  0.00543093
        6734    -5.48917    -6.19925  0.00543115
        6735    -5.48986    -6.19914  0.00543136
        6736    -5.48958    -6.19903  0.00543158
        6737    -5.48805    -6.19893   0.0054318
        6738    -5.48194    -6.19882  0.00543203
        6739    -5.47945    -6.19872  0.00543228
        6740    -5.48015    -6.19861  0.00543252
        6741    -5.47505     -6.1985  0.00543277
        6742    -5.47526    -6.19839  0.00543302
        6743    -5.47285    -6.19829  0.00543328
        6744    -5.47348    -6.19818  0.00543354
        6745    -5.47496    -6.19807  0.00543379
        6746      -5.472    -6.19796  0.00543405
        6747    -5.47454    -6.19786   0.0054343
        6748    -5.47402    -6.19775  0.00543456
        6749    -5.47334    -6.19764  0.00543481
        6750    -5.47294    -6.19754  0.00543507
        6751    -5.47572    -6.19743  0.00543531
        6752    -5.48147    -6.19732  0.00543554
        6753    -5.48022    -6.19722  0.00543578
        6754    -5.47466    -6.19711  0.00543602
        6755    -5.47636      -6.197  0.00543627
        6756    -5.47142     -6.1969  0.00543652
        6757    -5.47535    -6.19679  0.00543677
        6758    -5.47405    -6.19668  0.00543701
        6759    -5.47307    -6.19657  0.00543726
        6760    -5.47821    -6.19647   0.0054375
        6761    -5.48077    -6.19636  0.00543772
        6762    -5.48143    -6.19626  0.00543795
        6763     -5.4846    -6.19615  0.00543816
        6764    -5.48812    -6.19605  0.00543836
        6765    -5.49095    -6.19594  0.00543856
        6766    -5.49416    -6.19584  0.00543874
        6767    -5.49709    -6.19574  0.00543892
        6768    -5.49348    -6.19563  0.00543911
        6769    -5.49301    -6.19553  0.00543929
        6770    -5.49152    -6.19542  0.00543948
        6771    -5.49091    -6.19532  0.00543968
        6772    -5.49371    -6.19522  0.00543986
        6773    -5.49589    -6.19511  0.00544004
        6774    -5.49941    -6.19501   0.0054402
        6775    -5.49719    -6.19491  0.00544037
        6776    -5.49424     -6.1948  0.00544055
        6777     -5.4913     -6.1947  0.00544074
        6778    -5.48845     -6.1946  0.00544094
        6779    -5.49224    -6.19449  0.00544112
        6780    -5.49273    -6.19439   0.0054413
        6781    -5.49006    -6.19429  0.00544149
        6782    -5.48898    -6.19418  0.00544168
        6783     -5.4888    -6.19408  0.00544187
        6784     -5.4854    -6.19397  0.00544207
        6785    -5.48378    -6.19387  0.00544228
        6786    -5.48503    -6.19376  0.00544248
        6787    -5.48059    -6.19366  0.00544269
        6788    -5.47963    -6.19355   0.0054429
        6789    -5.47626    -6.19345  0.00544313
        6790    -5.47795    -6.19334  0.00544335
        6791    -5.47572    -6.19324  0.00544357
        6792    -5.47743    -6.19313  0.00544379
        6793     -5.4698    -6.19302  0.00544403
        6794    -5.46823    -6.19292  0.00544427
        6795    -5.47263    -6.19281   0.0054445
        6796     -5.4733    -6.19271  0.00544473
        6797    -5.47485     -6.1926  0.00544496
        6798     -5.4755     -6.1925  0.00544518
        6799    -5.47898    -6.19239  0.00544539
        6800     -5.4743    -6.19228  0.00544561
        6801     -5.4769    -6.19218  0.00544582
        6802    -5.47535    -6.19207  0.00544604
        6803    -5.47797    -6.19197  0.00544625
        6804    -5.47869    -6.19186  0.00544646
        6805    -5.48436    -6.19176  0.00544665
        6806    -5.48256    -6.19166  0.00544685
        6807    -5.48087    -6.19155  0.00544705
        6808    -5.47916    -6.19145  0.00544726
        6809    -5.47632    -6.19134  0.00544747
        6810    -5.47605    -6.19124  0.00544768
        6811    -5.47736    -6.19113  0.00544789
        6812    -5.47577    -6.19103   0.0054481
        6813    -5.47775    -6.19092  0.00544831
        6814     -5.4757    -6.19082  0.00544852
        6815    -5.47668    -6.19071  0.00544873
        6816     -5.4785    -6.19061  0.00544893
        6817    -5.48082     -6.1905  0.00544913
        6818    -5.47976     -6.1904  0.00544932
        6819    -5.48298     -6.1903  0.00544951
        6820    -5.48527    -6.19019  0.00544969
        6821    -5.49254    -6.19009  0.00544985
        6822    -5.49006    -6.18999  0.00545002
        6823    -5.48888    -6.18988  0.00545019
        6824    -5.48848    -6.18978  0.00545036
        6825    -5.47903    -6.18968  0.00545056
        6826     -5.4784    -6.18957  0.00545076
        6827    -5.47592    -6.18947  0.00545096
        6828    -5.47947    -6.18937  0.00545115
        6829    -5.47556    -6.18926  0.00545136
        6830    -5.47184    -6.18916  0.00545157
        6831    -5.47129    -6.18905  0.00545178
        6832    -5.46806    -6.18895  0.00545201
        6833    -5.46901    -6.18884  0.00545223
        6834    -5.47113    -6.18873  0.00545244
        6835    -5.47258    -6.18863  0.00545265
        6836     -5.4726    -6.18853  0.00545286
        6837    -5.47165    -6.18842  0.00545307
        6838    -5.47155    -6.18832  0.00545328
        6839    -5.47194    -6.18821  0.00545349
        6840    -5.46657    -6.18811  0.00545371
        6841    -5.46605      -6.188  0.00545394
        6842    -5.46836    -6.18789  0.00545415
        6843    -5.46529    -6.18779  0.00545438
        6844     -5.4705    -6.18768  0.00545459
        6845    -5.47254    -6.18758  0.00545479
        6846    -5.47303    -6.18748  0.00545499
        6847    -5.47472    -6.18737  0.00545519
        6848    -5.47749    -6.18727  0.00545538
        6849    -5.47535    -6.18716  0.00545557
        6850    -5.47385    -6.18706  0.00545577
        6851    -5.47688    -6.18696  0.00545596
        6852    -5.47404    -6.18685  0.00545615
        6853    -5.47225    -6.18675  0.00545635
        6854    -5.47504    -6.18664  0.00545654
        6855    -5.47936    -6.18654  0.00545672
        6856    -5.47962    -6.18644   0.0054569
        6857    -5.48071    -6.18633  0.00545708
        6858    -5.48449    -6.18623  0.00545724
        6859    -5.48731    -6.18613   0.0054574
        6860    -5.49068    -6.18603  0.00545754
        6861    -5.49475    -6.18593  0.00545768
        6862    -5.49448    -6.18583  0.00545781
        6863    -5.49509    -6.18573  0.00545794
        6864    -5.49102    -6.18563  0.00545809
        6865    -5.48814    -6.18552  0.00545824
        6866    -5.49063    -6.18542  0.00545838
        6867    -5.49154    -6.18532  0.00545852
        6868    -5.49307    -6.18522  0.00545866
        6869    -5.49501    -6.18512  0.00545879
        6870    -5.49654    -6.18502  0.00545891
        6871    -5.49154    -6.18492  0.00545905
        6872    -5.49741    -6.18482  0.00545917
        6873    -5.49464    -6.18472   0.0054593
        6874     -5.4913    -6.18462  0.00545944
        6875    -5.49175    -6.18452  0.00545958
        6876    -5.49083    -6.18442  0.00545971
        6877     -5.4887    -6.18431  0.00545986
        6878    -5.48644    -6.18421  0.00546001
        6879    -5.48301    -6.18411  0.00546016
        6880    -5.48196    -6.18401  0.00546032
        6881    -5.48049    -6.18391  0.00546049
        6882    -5.47842     -6.1838  0.00546066
        6883      -5.476     -6.1837  0.00546083
        6884    -5.47762     -6.1836    0.005461
        6885    -5.47872     -6.1835  0.00546117
        6886    -5.47771    -6.18339  0.00546134
        6887    -5.47762    -6.18329   0.0054615
        6888    -5.47752    -6.18319  0.00546167
        6889    -5.47404    -6.18309  0.00546185
        6890    -5.46994    -6.18298  0.00546204
        6891     -5.4708    -6.18288  0.00546222
        6892     -5.4722    -6.18278   0.0054624
        6893    -5.46987    -6.18267  0.00546259
        6894    -5.46966    -6.18257  0.00546278
        6895    -5.46771    -6.18247  0.00546297
        6896    -5.46662    -6.18236  0.00546316
        6897    -5.46533    -6.18226  0.00546336
        6898    -5.46651    -6.18215  0.00546355
        6899    -5.46103    -6.18205  0.00546376
        6900    -5.46321    -6.18195  0.00546396
        6901    -5.46174    -6.18184  0.00546417
        6902    -5.46505    -6.18174  0.00546436
        6903    -5.46202    -6.18163  0.00546456
        6904    -5.46375    -6.18153  0.00546476
        6905    -5.46016    -6.18142  0.00546497
        6906    -5.46496    -6.18132  0.00546516
        6907    -5.46236    -6.18122  0.00546536
        6908    -5.46055    -6.18111  0.00546557
        6909    -5.45818    -6.18101  0.00546578
        6910    -5.45619     -6.1809  0.00546599
        6911    -5.45683     -6.1808  0.00546621
        6912    -5.45501    -6.18069  0.00546642
        6913    -5.45377    -6.18059  0.00546664
        6914    -5.45433    -6.18048  0.00546686
        6915    -5.45229    -6.18038  0.00546709
        6916    -5.44733    -6.18027  0.00546732
        6917    -5.44707    -6.18017  0.00546756
        6918    -5.45038    -6.18006  0.00546779
        6919    -5.45112    -6.17996  0.00546801
        6920    -5.44884    -6.17985  0.00546824
        6921    -5.45098    -6.17974  0.00546847
        6922    -5.44873    -6.17964   0.0054687
        6923    -5.44339    -6.17953  0.00546894
        6924    -5.44239    -6.17943  0.00546919
        6925    -5.44467    -6.17932  0.00546943
        6926    -5.44503    -6.17921  0.00546966
        6927    -5.44084    -6.17911  0.00546991
        6928    -5.43859      -6.179  0.00547017
        6929     -5.4348    -6.17889  0.00547043
        6930    -5.43625    -6.17879  0.00547069
        6931    -5.43495    -6.17868  0.00547096
        6932    -5.43699    -6.17857  0.00547121
        6933    -5.44171    -6.17846  0.00547146
        6934    -5.44318    -6.17836  0.00547169
        6935    -5.43813    -6.17825  0.00547195
        6936    -5.43759    -6.17815   0.0054722
        6937    -5.44084    -6.17804  0.00547244
        6938    -5.44518    -6.17793  0.00547267
        6939    -5.44741    -6.17783   0.0054729
        6940    -5.44517    -6.17772  0.00547313
        6941    -5.44698    -6.17762  0.00547335
        6942    -5.44338    -6.17751  0.00547358
        6943    -5.43797    -6.17741  0.00547383
        6944    -5.43834     -6.1773  0.00547408
        6945    -5.43745    -6.17719  0.00547433
        6946    -5.43741    -6.17709  0.00547457
        6947    -5.43872    -6.17698  0.00547482
        6948    -5.43551    -6.17687  0.00547507
        6949    -5.43399    -6.17677  0.00547532
        6950    -5.43525    -6.17666  0.00547558
        6951    -5.43316    -6.17655  0.00547583
        6952    -5.43301    -6.17645  0.00547609
        6953     -5.4341    -6.17634  0.00547634
        6954    -5.43125    -6.17623   0.0054766
        6955    -5.42983    -6.17612  0.00547687
        6956    -5.42905    -6.17602  0.00547713
        6957    -5.42928    -6.17591   0.0054774
        6958    -5.42526     -6.1758  0.00547767
        6959    -5.42161    -6.17569  0.00547796
        6960    -5.42622    -6.17559  0.00547823
        6961    -5.42672    -6.17548   0.0054785
        6962    -5.42402    -6.17537  0.00547877
        6963    -5.42529    -6.17526  0.00547905
        6964    -5.42542    -6.17515  0.00547932
        6965    -5.43068    -6.17505  0.00547957
        6966    -5.42756    -6.17494  0.00547984
        6967    -5.42883    -6.17483   0.0054801
        6968    -5.43034    -6.17473  0.00548035
        6969    -5.42517    -6.17462  0.00548062
        6970    -5.42988    -6.17451  0.00548088
        6971    -5.42778     -6.1744  0.00548114
        6972    -5.42234     -6.1743  0.00548141
        6973    -5.42248    -6.17419  0.00548169
        6974    -5.42129    -6.17408  0.00548196
        6975    -5.42484    -6.17397  0.00548223
        6976    -5.42289    -6.17387   0.0054825
        6977    -5.42439    -6.17376  0.00548277
        6978    -5.42904    -6.17365  0.00548302
        6979    -5.43049    -6.17355  0.00548327
        6980     -5.4273    -6.17344  0.00548352
        6981    -5.42919    -6.17333  0.00548378
        6982    -5.43364    -6.17323  0.00548401
        6983    -5.43629    -6.17312  0.00548424
        6984    -5.43397    -6.17301  0.00548448
        6985    -5.43081    -6.17291  0.00548472
        6986    -5.42588     -6.1728  0.00548498
        6987    -5.43529     -6.1727  0.00548521
        6988    -5.43241    -6.17259  0.00548545
        6989    -5.43012    -6.17248  0.00548569
        6990    -5.43147    -6.17238  0.00548593
        6991    -5.43505    -6.17227  0.00548616
        6992    -5.43235    -6.17217   0.0054864
        6993    -5.43335    -6.17206  0.00548663
        6994    -5.43306    -6.17195  0.00548686
        6995    -5.43115    -6.17185   0.0054871
        6996     -5.4337    -6.17174  0.00548733
        6997    -5.43106    -6.17164  0.00548757
        6998    -5.43156    -6.17153   0.0054878
        6999     -5.4328    -6.17143  0.00548803
        7000    -5.43324    -6.17132  0.00548826
        7001    -5.43652    -6.17122  0.00548848
        7002    -5.43636    -6.17111   0.0054887
        7003    -5.44018    -6.17101  0.00548891
        7004    -5.44028     -6.1709  0.00548912
        7005    -5.43952     -6.1708  0.00548933
        7006    -5.43796    -6.17069  0.00548954
        7007    -5.44143    -6.17059  0.00548974
        7008    -5.44568    -6.17049  0.00548993
        7009    -5.44675    -6.17038  0.00549012
        7010    -5.44683    -6.17028  0.00549031
        7011    -5.44988    -6.17018  0.00549049
        7012    -5.45029    -6.17007  0.00549066
        7013    -5.44869    -6.16997  0.00549084
        7014    -5.45597    -6.16987    0.005491
        7015    -5.46047    -6.16977  0.00549115
        7016    -5.46257    -6.16967   0.0054913
        7017    -5.46248    -6.16957  0.00549144
        7018       -5.46    -6.16947  0.00549159
        7019    -5.46038    -6.16936  0.00549173
        7020    -5.46039    -6.16926  0.00549188
        7021    -5.46413    -6.16916  0.00549201
        7022    -5.46426    -6.16906  0.00549215
        7023    -5.46782    -6.16896  0.00549228
        7024     -5.4678    -6.16886   0.0054924
        7025    -5.46682    -6.16876  0.00549253
        7026    -5.46829    -6.16866  0.00549265
        7027    -5.46755    -6.16856  0.00549278
        7028      -5.466    -6.16846   0.0054929
        7029     -5.4675    -6.16836  0.00549303
        7030    -5.46528    -6.16826  0.00549316
        7031    -5.47278    -6.16816  0.00549327
        7032    -5.47042    -6.16807  0.00549338
        7033    -5.47043    -6.16797  0.00549349
        7034    -5.46818    -6.16787  0.00549361
        7035     -5.4663    -6.16777  0.00549374
        7036      -5.465    -6.16767  0.00549387
        7037    -5.47126    -6.16757  0.00549398
        7038    -5.47137    -6.16747  0.00549409
        7039    -5.46704    -6.16737  0.00549421
        7040    -5.47014    -6.16727  0.00549432
        7041    -5.47028    -6.16717  0.00549443
        7042    -5.46736    -6.16707  0.00549455
        7043    -5.46745    -6.16697  0.00549467
        7044    -5.46741    -6.16687  0.00549478
        7045    -5.47075    -6.16678  0.00549489
        7046    -5.47002    -6.16668    0.005495
        7047    -5.46556    -6.16658  0.00549512
        7048    -5.46112    -6.16648  0.00549525
        7049    -5.45777    -6.16638  0.00549539
        7050    -5.45679    -6.16628  0.00549554
        7051    -5.45639    -6.16617  0.00549568
        7052    -5.45687    -6.16607  0.00549582
        7053     -5.4592    -6.16597  0.00549596
        7054    -5.45936    -6.16587  0.00549609
        7055    -5.45756    -6.16577  0.00549623
        7056    -5.45856    -6.16567  0.00549636
        7057    -5.45744    -6.16557   0.0054965
        7058    -5.45911    -6.16547  0.00549663
        7059    -5.45869    -6.16537  0.00549676
        7060     -5.4581    -6.16527   0.0054969
        7061    -5.45869    -6.16517  0.00549703
        7062    -5.45767    -6.16507  0.00549717
        7063    -5.46025    -6.16497  0.00549729
        7064    -5.45936    -6.16487  0.00549742
        7065    -5.45501    -6.16477  0.00549756
        7066    -5.45323    -6.16467  0.00549771
        7067    -5.45213    -6.16457  0.00549785
        7068    -5.45218    -6.16447    0.005498
        7069    -5.45066    -6.16437  0.00549815
        7070    -5.44757    -6.16427  0.00549831
        7071    -5.44626    -6.16417  0.00549847
        7072    -5.44599    -6.16406  0.00549863
        7073     -5.4441    -6.16396  0.00549879
        7074    -5.44848    -6.16386  0.00549894
        7075    -5.44397    -6.16376  0.00549911
        7076    -5.44427    -6.16366  0.00549927
        7077    -5.43961    -6.16356  0.00549944
        7078    -5.44263    -6.16345  0.00549961
        7079    -5.44405    -6.16335  0.00549977
        7080    -5.44223    -6.16325  0.00549994
        7081    -5.44299    -6.16315   0.0055001
        7082     -5.4441    -6.16305  0.00550026
        7083    -5.43969    -6.16294  0.00550043
        7084    -5.43607    -6.16284  0.00550062
        7085    -5.43566    -6.16274   0.0055008
        7086    -5.43437    -6.16264  0.00550098
        7087    -5.43665    -6.16253  0.00550116
        7088    -5.44049    -6.16243  0.00550132
        7089    -5.44032    -6.16233  0.00550149
        7090    -5.44697    -6.16223  0.00550164
        7091    -5.44946    -6.16213  0.00550178
        7092    -5.45338    -6.16203  0.00550191
        7093    -5.45218    -6.16193  0.00550205
        7094    -5.45602    -6.16183  0.00550217
        7095    -5.46005    -6.16173  0.00550229
        7096    -5.45649    -6.16163  0.00550241
        7097    -5.45865    -6.16153  0.00550253
        7098    -5.45733    -6.16143  0.00550264
        7099    -5.45457    -6.16133  0.00550277
        7100    -5.45079    -6.16123  0.00550291
        7101    -5.45305    -6.16113  0.00550303
        7102    -5.45481    -6.16103  0.00550316
        7103    -5.45219    -6.16093  0.00550329
        7104    -5.45064    -6.16083  0.00550342
        7105    -5.44862    -6.16073  0.00550356
        7106    -5.45172    -6.16063  0.00550369
        7107    -5.45096    -6.16053  0.00550382
        7108     -5.4512    -6.16043  0.00550395
        7109    -5.44768    -6.16033  0.00550409
        7110    -5.44552    -6.16023  0.00550423
        7111     -5.4422    -6.16013  0.00550439
        7112     -5.4452    -6.16003  0.00550453
        7113    -5.44097    -6.15993  0.00550468
        7114    -5.43995    -6.15983  0.00550484
        7115    -5.44473    -6.15973  0.00550498
        7116    -5.44432    -6.15963  0.00550513
        7117    -5.44386    -6.15953  0.00550527
        7118    -5.44761    -6.15943  0.00550541
        7119     -5.4472    -6.15933  0.00550554
        7120    -5.44645    -6.15923  0.00550568
        7121    -5.43857    -6.15913  0.00550584
        7122    -5.44016    -6.15903  0.00550599
        7123    -5.43919    -6.15893  0.00550614
        7124    -5.44403    -6.15882  0.00550629
        7125    -5.44486    -6.15872  0.00550643
        7126    -5.44224    -6.15862  0.00550657
        7127    -5.44048    -6.15852  0.00550672
        7128    -5.43844    -6.15842  0.00550687
        7129    -5.43953    -6.15832  0.00550702
        7130     -5.4479    -6.15822  0.00550715
        7131    -5.45303    -6.15812  0.00550727
        7132    -5.44975    -6.15802  0.00550739
        7133    -5.44902    -6.15792  0.00550752
        7134    -5.44918    -6.15782  0.00550764
        7135    -5.44938    -6.15773  0.00550776
        7136    -5.44846    -6.15763  0.00550789
        7137    -5.45002    -6.15753  0.00550801
        7138      -5.452    -6.15743  0.00550812
        7139    -5.45097    -6.15733  0.00550824
        7140    -5.45667    -6.15723  0.00550834
        7141    -5.45762    -6.15713  0.00550844
        7142    -5.45799    -6.15704  0.00550854
        7143    -5.45502    -6.15694  0.00550865
        7144     -5.4535    -6.15684  0.00550876
        7145    -5.45448    -6.15674  0.00550886
        7146    -5.45286    -6.15664  0.00550897
        7147    -5.44906    -6.15654  0.00550909
        7148    -5.44516    -6.15644  0.00550922
        7149    -5.44826    -6.15634  0.00550934
        7150    -5.44565    -6.15624  0.00550947
        7151    -5.44276    -6.15614   0.0055096
        7152    -5.44601    -6.15605  0.00550972
        7153    -5.44522    -6.15595  0.00550985
        7154    -5.44557    -6.15585  0.00550997
        7155    -5.44389    -6.15575   0.0055101
        7156    -5.44218    -6.15565  0.00551023
        7157    -5.43843    -6.15555  0.00551038
        7158    -5.43407    -6.15545  0.00551053
        7159      -5.436    -6.15535  0.00551067
        7160     -5.4401    -6.15525  0.00551081
        7161    -5.44461    -6.15515  0.00551093
        7162    -5.44403    -6.15505  0.00551106
        7163    -5.43884    -6.15495   0.0055112
        7164    -5.43493    -6.15485  0.00551134
        7165    -5.43526    -6.15475  0.00551149
        7166    -5.43197    -6.15465  0.00551164
        7167    -5.42857    -6.15454   0.0055118
        7168    -5.42747    -6.15444  0.00551197
        7169    -5.42887    -6.15434  0.00551213
        7170    -5.42482    -6.15424   0.0055123
        7171    -5.43074    -6.15414  0.00551245
        7172    -5.43152    -6.15404  0.00551261
        7173    -5.42772    -6.15394  0.00551277
        7174     -5.4258    -6.15384  0.00551293
        7175    -5.42259    -6.15373  0.00551311
        7176    -5.42275    -6.15363  0.00551328
        7177    -5.42533    -6.15353  0.00551344
        7178    -5.42708    -6.15343  0.00551361
        7179    -5.42629    -6.15333  0.00551377
        7180    -5.42173    -6.15323  0.00551394
        7181    -5.42478    -6.15312  0.00551411
        7182    -5.43027    -6.15302  0.00551426
        7183    -5.42872    -6.15292  0.00551441
        7184    -5.42613    -6.15282  0.00551457
        7185    -5.42802    -6.15272  0.00551473
        7186    -5.43247    -6.15262  0.00551487
        7187    -5.43013    -6.15252  0.00551502
        7188    -5.43321    -6.15242  0.00551516
        7189    -5.43191    -6.15232   0.0055153
        7190     -5.4261    -6.15222  0.00551546
        7191    -5.42403    -6.15212  0.00551562
        7192    -5.42777    -6.15202  0.00551578
        7193    -5.42928    -6.15192  0.00551592
        7194    -5.42772    -6.15182  0.00551608
        7195    -5.42733    -6.15172  0.00551623
        7196    -5.42695    -6.15161  0.00551638
        7197    -5.42761    -6.15151  0.00551653
        7198    -5.42507    -6.15141  0.00551669
        7199    -5.43032    -6.15131  0.00551683
        7200    -5.43334    -6.15121  0.00551697
        7201    -5.43235    -6.15111   0.0055171
        7202    -5.43281    -6.15101  0.00551724
        7203    -5.43495    -6.15091  0.00551737
        7204    -5.43282    -6.15081   0.0055175
        7205    -5.43647    -6.15072  0.00551763
        7206    -5.43976    -6.15062  0.00551774
        7207     -5.4307    -6.15052  0.00551788
        7208     -5.4316    -6.15042  0.00551802
        7209    -5.42998    -6.15032  0.00551816
        7210    -5.43396    -6.15022  0.00551829
        7211    -5.43893    -6.15012   0.0055184
        7212    -5.43678    -6.15002  0.00551852
        7213    -5.43733    -6.14992  0.00551864
        7214    -5.44045    -6.14982  0.00551875
        7215    -5.43819    -6.14972  0.00551887
        7216    -5.43912    -6.14963  0.00551898
        7217    -5.43576    -6.14953  0.00551911
        7218    -5.43501    -6.14943  0.00551923
        7219    -5.43699    -6.14933  0.00551935
        7220    -5.43983    -6.14923  0.00551946
        7221    -5.43657    -6.14913  0.00551958
        7222    -5.43384    -6.14903   0.0055197
        7223    -5.43138    -6.14893  0.00551983
        7224    -5.43365    -6.14884  0.00551995
        7225    -5.43208    -6.14874  0.00552008
        7226    -5.42895    -6.14864  0.00552022
        7227    -5.43238    -6.14854  0.00552034
        7228    -5.43468    -6.14844  0.00552046
        7229    -5.43638    -6.14834  0.00552058
        7230    -5.43641    -6.14824  0.00552069
        7231    -5.43762    -6.14814   0.0055208
        7232    -5.43561    -6.14804  0.00552092
        7233    -5.43419    -6.14795  0.00552104
        7234    -5.43545    -6.14785  0.00552115
        7235    -5.43396    -6.14775  0.00552127
        7236    -5.43876    -6.14765  0.00552138
        7237    -5.43682    -6.14755  0.00552149
        7238    -5.44064    -6.14745  0.00552159
        7239     -5.4461    -6.14736  0.00552167
        7240    -5.44514    -6.14726  0.00552176
        7241    -5.44525    -6.14716  0.00552185
        7242    -5.44216    -6.14707  0.00552195
        7243    -5.44177    -6.14697  0.00552204
        7244    -5.44357    -6.14687  0.00552214
        7245    -5.44512    -6.14678  0.00552222
        7246    -5.44123    -6.14668  0.00552232
        7247    -5.43918    -6.14658  0.00552242
        7248     -5.4386    -6.14648  0.00552252
        7249    -5.44169    -6.14639  0.00552262
        7250    -5.44299    -6.14629  0.00552271
        7251    -5.44912    -6.14619  0.00552278
        7252    -5.44911     -6.1461  0.00552286
        7253    -5.44948      -6.146  0.00552293
        7254    -5.44949     -6.1459    0.005523
        7255    -5.45119    -6.14581  0.00552307
        7256    -5.45293    -6.14571  0.00552314
        7257    -5.45272    -6.14562   0.0055232
        7258    -5.45084    -6.14552  0.00552327
        7259    -5.44371    -6.14543  0.00552335
        7260    -5.44784    -6.14533  0.00552343
        7261    -5.45164    -6.14523  0.00552349
        7262    -5.45023    -6.14514  0.00552356
        7263     -5.4505    -6.14504  0.00552363
        7264    -5.45396    -6.14495  0.00552369
        7265    -5.45311    -6.14485  0.00552375
        7266    -5.45575    -6.14476   0.0055238
        7267    -5.45061    -6.14466  0.00552387
        7268    -5.45132    -6.14457  0.00552393
        7269    -5.44906    -6.14447    0.005524
        7270     -5.4532    -6.14438  0.00552406
        7271    -5.45055    -6.14428  0.00552412
        7272    -5.45221    -6.14418  0.00552418
        7273    -5.45331    -6.14409  0.00552424
        7274    -5.45284    -6.14399   0.0055243
        7275    -5.45242     -6.1439  0.00552436
        7276    -5.45393     -6.1438  0.00552441
        7277    -5.45703    -6.14371  0.00552446
        7278    -5.45734    -6.14362  0.00552451
        7279     -5.4595    -6.14352  0.00552455
        7280    -5.45564    -6.14343   0.0055246
        7281    -5.45162    -6.14333  0.00552465
        7282    -5.44977    -6.14324  0.00552472
        7283    -5.45147    -6.14314  0.00552477
        7284    -5.45355    -6.14305  0.00552483
        7285    -5.45239    -6.14295  0.00552488
        7286    -5.45088    -6.14286  0.00552494
        7287    -5.45501    -6.14276  0.00552499
        7288    -5.45911    -6.14267  0.00552503
        7289    -5.45901    -6.14258  0.00552506
        7290    -5.45713    -6.14248  0.00552511
        7291    -5.45511    -6.14239  0.00552515
        7292    -5.46147    -6.14229  0.00552518
        7293    -5.46459     -6.1422  0.00552521
        7294    -5.46072    -6.14211  0.00552524
        7295    -5.46117    -6.14201  0.00552527
        7296    -5.46154    -6.14192   0.0055253
        7297    -5.46629    -6.14183  0.00552532
        7298    -5.46534    -6.14174  0.00552534
        7299    -5.46186    -6.14164  0.00552537
        7300    -5.46214    -6.14155  0.00552539
        7301    -5.46302    -6.14146  0.00552542
        7302    -5.46576    -6.14136  0.00552544
        7303     -5.4683    -6.14127  0.00552545
        7304    -5.47216    -6.14118  0.00552545
        7305    -5.46766    -6.14109  0.00552546
        7306    -5.47001      -6.141  0.00552547
        7307    -5.46299     -6.1409  0.00552549
        7308    -5.46809    -6.14081  0.00552551
        7309    -5.46763    -6.14072  0.00552552
        7310    -5.46897    -6.14063  0.00552553
        7311    -5.46837    -6.14054  0.00552553
        7312    -5.47313    -6.14044  0.00552553
        7313    -5.47237    -6.14035  0.00552553
        7314    -5.47109    -6.14026  0.00552553
        7315    -5.46983    -6.14017  0.00552554
        7316    -5.47008    -6.14008  0.00552554
        7317    -5.46813    -6.13999  0.00552555
        7318      -5.471    -6.13989  0.00552555
        7319    -5.46966     -6.1398  0.00552556
        7320    -5.47078    -6.13971  0.00552556
        7321     -5.4719    -6.13962  0.00552556
        7322    -5.47112    -6.13953  0.00552555
        7323    -5.47275    -6.13944  0.00552555
        7324    -5.47397    -6.13935  0.00552554
        7325    -5.47359    -6.13926  0.00552554
        7326    -5.47501    -6.13917  0.00552553
        7327    -5.47284    -6.13908  0.00552552
        7328    -5.47544    -6.13898  0.00552551
        7329    -5.47197    -6.13889   0.0055255
        7330    -5.47126     -6.1388   0.0055255
        7331    -5.46739    -6.13871  0.00552551
        7332    -5.46333    -6.13862  0.00552552
        7333    -5.46328    -6.13853  0.00552553
        7334    -5.46531    -6.13843  0.00552554
        7335    -5.46761    -6.13834  0.00552555
        7336    -5.46775    -6.13825  0.00552555
        7337    -5.46741    -6.13816  0.00552555
        7338     -5.4678    -6.13807  0.00552555
        7339    -5.46706    -6.13798  0.00552556
        7340    -5.46696    -6.13789  0.00552556
        7341    -5.47137     -6.1378  0.00552555
        7342    -5.46872     -6.1377  0.00552555
        7343    -5.46858    -6.13761  0.00552555
        7344    -5.46707    -6.13752  0.00552555
        7345    -5.46703    -6.13743  0.00552556
        7346     -5.4684    -6.13734  0.00552555
        7347    -5.46543    -6.13725  0.00552556
        7348    -5.46789    -6.13716  0.00552556
        7349    -5.47074    -6.13707  0.00552555
        7350    -5.47205    -6.13698  0.00552554
        7351    -5.47377    -6.13689  0.00552552
        7352    -5.47332     -6.1368  0.00552551
        7353    -5.47787    -6.13671  0.00552548
        7354    -5.47598    -6.13662  0.00552546
        7355    -5.47751    -6.13653  0.00552544
        7356    -5.47364    -6.13644  0.00552542
        7357    -5.47086    -6.13635  0.00552541
        7358    -5.47352    -6.13626   0.0055254
        7359    -5.47556    -6.13617  0.00552537
        7360    -5.47749    -6.13608  0.00552535
        7361    -5.47662    -6.13599  0.00552532
        7362    -5.47389     -6.1359   0.0055253
        7363    -5.47369    -6.13581  0.00552529
        7364    -5.47871    -6.13572  0.00552526
        7365    -5.47192    -6.13563  0.00552524
        7366    -5.46822    -6.13554  0.00552523
        7367    -5.47178    -6.13545  0.00552522
        7368    -5.47028    -6.13536  0.00552521
        7369    -5.46948    -6.13527   0.0055252
        7370    -5.46525    -6.13518  0.00552519
        7371    -5.46437    -6.13508  0.00552519
        7372    -5.46558    -6.13499  0.00552519
        7373     -5.4625     -6.1349  0.00552519
        7374    -5.46646    -6.13481  0.00552519
        7375    -5.46436    -6.13472  0.00552519
        7376    -5.46782    -6.13463  0.00552518
        7377    -5.46989    -6.13454  0.00552516
        7378    -5.47088    -6.13445  0.00552515
        7379    -5.47667    -6.13436  0.00552512
        7380    -5.47905    -6.13427  0.00552508
        7381      -5.474    -6.13418  0.00552506
        7382    -5.47522    -6.13409  0.00552503
        7383    -5.47813      -6.134    0.005525
        7384    -5.47463    -6.13392  0.00552497
        7385    -5.47382    -6.13383  0.00552494
        7386    -5.47455    -6.13374  0.00552492
        7387    -5.47677    -6.13365  0.00552488
        7388    -5.47738    -6.13356  0.00552485
        7389    -5.47931    -6.13347  0.00552481
        7390    -5.47795    -6.13338  0.00552478
        7391     -5.4789    -6.13329  0.00552474
        7392    -5.48063     -6.1332   0.0055247
        7393    -5.47832    -6.13312  0.00552466
        7394    -5.48368    -6.13303  0.00552461
        7395    -5.47956    -6.13294  0.00552457
        7396    -5.47899    -6.13285  0.00552453
        7397    -5.47906    -6.13276  0.00552449
        7398    -5.48001    -6.13268  0.00552445
        7399    -5.48203    -6.13259   0.0055244
        7400    -5.48179     -6.1325  0.00552436
        7401    -5.47837    -6.13241  0.00552432
        7402    -5.47317    -6.13232  0.00552429
        7403    -5.46928    -6.13223  0.00552427
        7404    -5.47423    -6.13214  0.00552424
        7405    -5.47684    -6.13205   0.0055242
        7406    -5.47301    -6.13197  0.00552417
        7407    -5.47437    -6.13188  0.00552414
        7408    -5.47311    -6.13179  0.00552411
        7409     -5.4722     -6.1317  0.00552408
        7410    -5.47517    -6.13161  0.00552404
        7411    -5.47353    -6.13152  0.00552401
        7412    -5.47597    -6.13143  0.00552397
        7413    -5.47722    -6.13135  0.00552393
        7414    -5.47928    -6.13126  0.00552389
        7415    -5.48198    -6.13117  0.00552384
        7416    -5.47666    -6.13108   0.0055238
        7417    -5.47369    -6.13099  0.00552377
        7418    -5.47232     -6.1309  0.00552373
        7419    -5.46924    -6.13081  0.00552371
        7420     -5.4724    -6.13073  0.00552368
        7421     -5.4747    -6.13064  0.00552364
        7422    -5.47558    -6.13055   0.0055236
        7423    -5.47975    -6.13046  0.00552355
        7424    -5.48051    -6.13037   0.0055235
        7425    -5.47951    -6.13029  0.00552345
        7426    -5.47373     -6.1302  0.00552342
        7427    -5.47672    -6.13011  0.00552338
        7428    -5.47736    -6.13002  0.00552333
        7429    -5.47961    -6.12993  0.00552328
        7430    -5.47661    -6.12985  0.00552324
        7431    -5.47644    -6.12976  0.00552319
        7432     -5.4737    -6.12967  0.00552316
        7433      -5.474    -6.12958  0.00552312
        7434     -5.4765    -6.12949  0.00552307
        7435    -5.47903    -6.12941  0.00552302
        7436     -5.4817    -6.12932  0.00552297
        7437    -5.48128    -6.12923  0.00552291
        7438    -5.48078    -6.12915  0.00552286
        7439    -5.48143    -6.12906   0.0055228
        7440    -5.48536    -6.12897  0.00552274
        7441    -5.48485    -6.12889  0.00552267
        7442    -5.47858     -6.1288  0.00552262
        7443    -5.47553    -6.12871  0.00552258
        7444    -5.47608    -6.12862  0.00552253
        7445    -5.48041    -6.12854  0.00552248
        7446     -5.4867    -6.12845  0.00552241
        7447    -5.48793    -6.12836  0.00552234
        7448    -5.48614    -6.12828  0.00552227
        7449    -5.48793    -6.12819   0.0055222
        7450    -5.48671     -6.1281  0.00552213
        7451    -5.48862    -6.12802  0.00552205
        7452    -5.48853    -6.12793  0.00552198
        7453    -5.48788    -6.12785   0.0055219
        7454    -5.48626    -6.12776  0.00552183
        7455    -5.48189    -6.12767  0.00552177
        7456    -5.47847    -6.12759  0.00552172
        7457    -5.47785     -6.1275  0.00552167
        7458    -5.47396    -6.12741  0.00552162
        7459    -5.47433    -6.12733  0.00552157
        7460    -5.47132    -6.12724  0.00552153
        7461    -5.46507    -6.12715  0.00552151
        7462    -5.46072    -6.12706  0.00552149
        7463    -5.46289    -6.12697  0.00552147
        7464    -5.46256    -6.12688  0.00552144
        7465    -5.46166    -6.12679  0.00552142
        7466    -5.46013     -6.1267  0.00552141
        7467    -5.45896    -6.12661  0.00552139
        7468    -5.45857    -6.12652  0.00552138
        7469    -5.45633    -6.12643  0.00552137
        7470    -5.45811    -6.12634  0.00552135
        7471    -5.45783    -6.12626  0.00552134
        7472    -5.45806    -6.12617  0.00552132
        7473    -5.45808    -6.12608  0.00552131
        7474    -5.45614    -6.12599   0.0055213
        7475    -5.45352     -6.1259  0.00552129
        7476    -5.45388    -6.12581  0.00552128
        7477    -5.45474    -6.12572  0.00552128
        7478    -5.45615    -6.12563  0.00552126
        7479     -5.4534    -6.12554  0.00552126
        7480    -5.45617    -6.12545  0.00552124
        7481    -5.45574    -6.12536  0.00552123
        7482    -5.45503    -6.12527  0.00552122
        7483    -5.45253    -6.12518  0.00552121
        7484    -5.45226    -6.12509  0.00552121
        7485    -5.45788      -6.125  0.00552119
        7486    -5.45617    -6.12491  0.00552118
        7487    -5.45779    -6.12482  0.00552116
        7488    -5.45389    -6.12473  0.00552115
        7489    -5.45511    -6.12464  0.00552113
        7490    -5.45102    -6.12455  0.00552113
        7491    -5.45253    -6.12446  0.00552112
        7492    -5.45505    -6.12437  0.00552111
        7493    -5.45581    -6.12428  0.00552109
        7494    -5.45514     -6.1242  0.00552108
        7495    -5.46064    -6.12411  0.00552105
        7496      -5.458    -6.12402  0.00552103
        7497    -5.45795    -6.12393  0.00552101
        7498    -5.45489    -6.12384  0.00552099
        7499    -5.45272    -6.12375  0.00552098
        7500    -5.45261    -6.12366  0.00552097
        7501    -5.45503    -6.12357  0.00552095
        7502    -5.45408    -6.12348  0.00552094
        7503     -5.4551    -6.12339  0.00552092
        7504     -5.4552     -6.1233   0.0055209
        7505    -5.45664    -6.12322  0.00552088
        7506    -5.45337    -6.12313  0.00552087
        7507    -5.45352    -6.12304  0.00552085
        7508    -5.45043    -6.12295  0.00552084
        7509    -5.44822    -6.12286  0.00552084
        7510    -5.45019    -6.12277  0.00552083
        7511    -5.45117    -6.12268  0.00552082
        7512     -5.4511    -6.12259  0.00552081
        7513    -5.44751     -6.1225  0.00552081
        7514    -5.44665    -6.12241   0.0055208
        7515    -5.44369    -6.12232  0.00552081
        7516     -5.4445    -6.12223  0.00552081
        7517    -5.44383    -6.12214  0.00552081
        7518    -5.44206    -6.12205  0.00552082
        7519    -5.44326    -6.12196  0.00552082
        7520    -5.44089    -6.12187  0.00552083
        7521    -5.44075    -6.12178  0.00552084
        7522    -5.44264    -6.12169  0.00552084
        7523    -5.44566     -6.1216  0.00552084
        7524    -5.43809    -6.12151  0.00552086
        7525    -5.43663    -6.12141  0.00552087
        7526    -5.43579    -6.12132  0.00552089
        7527    -5.43616    -6.12123  0.00552091
        7528     -5.4347    -6.12114  0.00552093
        7529    -5.43011    -6.12105  0.00552096
        7530    -5.43317    -6.12096  0.00552098
        7531    -5.43146    -6.12087    0.005521
        7532    -5.43333    -6.12078  0.00552103
        7533     -5.4424    -6.12069  0.00552103
        7534    -5.43786    -6.12059  0.00552104
        7535     -5.4376     -6.1205  0.00552105
        7536    -5.43787    -6.12041  0.00552106
        7537    -5.43536    -6.12032  0.00552108
        7538    -5.43165    -6.12023   0.0055211
        7539    -5.43782    -6.12014  0.00552111
        7540    -5.43719    -6.12005  0.00552112
        7541     -5.4406    -6.11996  0.00552112
        7542    -5.44541    -6.11987  0.00552112
        7543    -5.44804    -6.11978   0.0055211
        7544    -5.44829    -6.11969  0.00552109
        7545    -5.45014     -6.1196  0.00552107
        7546    -5.45167    -6.11952  0.00552105
        7547    -5.44925    -6.11943  0.00552103
        7548    -5.44491    -6.11934  0.00552102
        7549    -5.44121    -6.11925  0.00552102
        7550    -5.44482    -6.11916  0.00552101
        7551    -5.44314    -6.11907  0.00552101
        7552    -5.44305    -6.11898    0.005521
        7553    -5.43747    -6.11889  0.00552101
        7554    -5.43506     -6.1188  0.00552102
        7555     -5.4369    -6.11871  0.00552103
        7556    -5.43551    -6.11862  0.00552103
        7557    -5.43613    -6.11853  0.00552104
        7558    -5.43295    -6.11844  0.00552106
        7559    -5.43626    -6.11835  0.00552106
        7560    -5.43524    -6.11826  0.00552107
        7561    -5.44217    -6.11817  0.00552107
        7562    -5.43781    -6.11808  0.00552107
        7563    -5.43723    -6.11799  0.00552107
        7564    -5.43607     -6.1179  0.00552108
        7565    -5.43506    -6.11781  0.00552109
        7566    -5.43206    -6.11772   0.0055211
        7567    -5.43316    -6.11763  0.00552111
        7568    -5.42787    -6.11753  0.00552114
        7569    -5.43085    -6.11744  0.00552115
        7570    -5.42942    -6.11735  0.00552117
        7571     -5.4293    -6.11726  0.00552119
        7572    -5.42836    -6.11717  0.00552121
        7573    -5.42233    -6.11708  0.00552124
        7574      -5.421    -6.11699  0.00552128
        7575    -5.42002    -6.11689  0.00552132
        7576    -5.41909     -6.1168  0.00552136
        7577    -5.41929    -6.11671   0.0055214
        7578    -5.41054    -6.11662  0.00552145
        7579    -5.41015    -6.11652  0.00552151
        7580    -5.40859    -6.11643  0.00552157
        7581    -5.40787    -6.11634  0.00552164
        7582    -5.40934    -6.11624  0.00552169
        7583    -5.40528    -6.11615  0.00552176
        7584    -5.40691    -6.11606  0.00552183
        7585    -5.40635    -6.11596  0.00552189
        7586    -5.40273    -6.11587  0.00552196
        7587    -5.40381    -6.11578  0.00552203
        7588    -5.40567    -6.11568   0.0055221
        7589    -5.40509    -6.11559  0.00552216
        7590    -5.39994    -6.11549  0.00552224
        7591      -5.399     -6.1154  0.00552232
        7592    -5.40238    -6.11531  0.00552239
        7593    -5.40329    -6.11521  0.00552246
        7594    -5.40105    -6.11512  0.00552253
        7595     -5.4035    -6.11502   0.0055226
        7596    -5.40344    -6.11493  0.00552267
        7597    -5.40336    -6.11484  0.00552274
        7598    -5.40867    -6.11474  0.00552279
        7599     -5.4063    -6.11465  0.00552285
        7600    -5.40009    -6.11456  0.00552292
        7601    -5.40219    -6.11446  0.00552299
        7602    -5.40287    -6.11437  0.00552306
        7603     -5.4042    -6.11428  0.00552312
        7604    -5.40263    -6.11418  0.00552319
        7605    -5.40086    -6.11409  0.00552326
        7606    -5.40206    -6.11399  0.00552333
        7607    -5.40183     -6.1139  0.00552339
        7608    -5.40762    -6.11381  0.00552345
        7609    -5.40623    -6.11372  0.00552351
        7610    -5.39634    -6.11362  0.00552358
        7611    -5.39483    -6.11353  0.00552367
        7612    -5.40086    -6.11343  0.00552373
        7613    -5.40331    -6.11334   0.0055238
        7614    -5.40458    -6.11325  0.00552385
        7615    -5.40431    -6.11315  0.00552391
        7616    -5.40036    -6.11306  0.00552398
        7617    -5.39915    -6.11297  0.00552405
        7618    -5.39961    -6.11287  0.00552412
        7619    -5.40094    -6.11278  0.00552418
        7620    -5.40002    -6.11269  0.00552425
        7621    -5.40441    -6.11259  0.00552431
        7622    -5.40402     -6.1125  0.00552437
        7623    -5.40191    -6.11241  0.00552443
        7624    -5.40386    -6.11231  0.00552448
        7625    -5.40533    -6.11222  0.00552454
        7626    -5.40514    -6.11213  0.00552459
        7627    -5.40599    -6.11204  0.00552464
        7628    -5.40963    -6.11194  0.00552469
        7629    -5.40809    -6.11185  0.00552473
        7630    -5.40929    -6.11176  0.00552477
        7631    -5.40995    -6.11167  0.00552482
        7632    -5.41655    -6.11158  0.00552484
        7633    -5.41261    -6.11148  0.00552488
        7634    -5.41708    -6.11139   0.0055249
        7635    -5.41515     -6.1113  0.00552493
        7636    -5.41646    -6.11121  0.00552496
        7637    -5.41566    -6.11112  0.00552498
        7638    -5.41116    -6.11103  0.00552502
        7639    -5.41121    -6.11094  0.00552506
        7640    -5.41032    -6.11085   0.0055251
        7641    -5.40629    -6.11075  0.00552514
        7642    -5.41483    -6.11066  0.00552517
        7643    -5.41423    -6.11057   0.0055252
        7644    -5.41369    -6.11048  0.00552523
        7645    -5.41513    -6.11039  0.00552525
        7646    -5.41629     -6.1103  0.00552528
        7647    -5.41628    -6.11021   0.0055253
        7648     -5.4162    -6.11012  0.00552532
        7649    -5.41183    -6.11003  0.00552535
        7650    -5.41378    -6.10993  0.00552538
        7651    -5.41865    -6.10984   0.0055254
        7652    -5.41981    -6.10975  0.00552541
        7653    -5.42119    -6.10966  0.00552542
        7654    -5.41875    -6.10957  0.00552544
        7655    -5.41877    -6.10948  0.00552545
        7656    -5.41652    -6.10939  0.00552547
        7657    -5.41696     -6.1093  0.00552549
        7658    -5.42215    -6.10921   0.0055255
        7659    -5.43018    -6.10912  0.00552549
        7660    -5.43007    -6.10904  0.00552548
        7661    -5.43119    -6.10895  0.00552546
        7662    -5.43359    -6.10886  0.00552544
        7663    -5.43396    -6.10877  0.00552543
        7664    -5.43709    -6.10868   0.0055254
        7665    -5.43601     -6.1086  0.00552538
        7666    -5.43724    -6.10851  0.00552535
        7667    -5.43674    -6.10842  0.00552532
        7668    -5.43559    -6.10833   0.0055253
        7669    -5.43558    -6.10824  0.00552527
        7670    -5.43778    -6.10816  0.00552525
        7671    -5.44048    -6.10807  0.00552521
        7672    -5.44669    -6.10798  0.00552516
        7673    -5.44919     -6.1079  0.00552511
        7674    -5.45086    -6.10781  0.00552505
        7675    -5.44997    -6.10773    0.005525
        7676    -5.45011    -6.10764  0.00552494
        7677    -5.44561    -6.10755   0.0055249
        7678    -5.44365    -6.10747  0.00552485
        7679    -5.44498    -6.10738  0.00552481
        7680    -5.44566     -6.1073  0.00552476
        7681    -5.44229    -6.10721  0.00552472
        7682    -5.44494    -6.10712  0.00552467
        7683    -5.44961    -6.10704  0.00552462
        7684    -5.45344    -6.10695  0.00552455
        7685    -5.45113    -6.10687  0.00552449
        7686    -5.45328    -6.10678  0.00552443
        7687    -5.45667     -6.1067  0.00552436
        7688    -5.45805    -6.10661  0.00552428
        7689    -5.45996    -6.10653   0.0055242
        7690    -5.45771    -6.10644  0.00552413
        7691    -5.46328    -6.10636  0.00552404
        7692    -5.46651    -6.10628  0.00552395
        7693    -5.46286    -6.10619  0.00552387
        7694    -5.46922    -6.10611  0.00552377
        7695     -5.4696    -6.10603  0.00552367
        7696    -5.47041    -6.10595  0.00552357
        7697    -5.46614    -6.10586  0.00552348
        7698    -5.46214    -6.10578  0.00552339
        7699    -5.46483     -6.1057   0.0055233
        7700    -5.47086    -6.10561   0.0055232
        7701    -5.46884    -6.10553   0.0055231
        7702     -5.4663    -6.10545  0.00552301
        7703    -5.46546    -6.10536  0.00552292
        7704    -5.46107    -6.10528  0.00552283
        7705    -5.46188     -6.1052  0.00552275
        7706    -5.46336    -6.10511  0.00552266
        7707    -5.46118    -6.10503  0.00552258
        7708    -5.46071    -6.10495  0.00552249
        7709    -5.46064    -6.10486  0.00552241
        7710    -5.46649    -6.10478  0.00552231
        7711    -5.46543     -6.1047  0.00552222
        7712    -5.46436    -6.10461  0.00552213
        7713    -5.45986    -6.10453  0.00552204
        7714    -5.45576    -6.10445  0.00552197
        7715    -5.45314    -6.10436   0.0055219
        7716    -5.45184    -6.10428  0.00552183
        7717    -5.45874    -6.10419  0.00552175
        7718    -5.45678    -6.10411  0.00552167
        7719     -5.4565    -6.10403  0.00552159
        7720    -5.45277    -6.10394  0.00552152
        7721    -5.45008    -6.10386  0.00552145
        7722    -5.45135    -6.10377  0.00552139
        7723    -5.45366    -6.10369  0.00552131
        7724    -5.44978     -6.1036  0.00552125
        7725    -5.44757    -6.10352  0.00552119
        7726    -5.44594    -6.10343  0.00552113
        7727    -5.44354    -6.10335  0.00552107
        7728    -5.44136    -6.10326  0.00552102
        7729    -5.44073    -6.10318  0.00552097
        7730    -5.43694    -6.10309  0.00552093
        7731    -5.43947    -6.10301  0.00552089
        7732    -5.43969    -6.10292  0.00552084
        7733    -5.43494    -6.10283   0.0055208
        7734    -5.43438    -6.10275  0.00552076
        7735    -5.43633    -6.10266  0.00552072
        7736    -5.43632    -6.10257  0.00552068
        7737    -5.44115    -6.10249  0.00552063
        7738    -5.43838     -6.1024  0.00552058
        7739    -5.44005    -6.10232  0.00552053
        7740    -5.44094    -6.10223  0.00552048
        7741    -5.44377    -6.10215  0.00552042
        7742    -5.44434    -6.10206  0.00552036
        7743    -5.44252    -6.10198  0.00552031
        7744    -5.44112    -6.10189  0.00552025
        7745    -5.43923    -6.10181   0.0055202
        7746    -5.43612    -6.10172  0.00552016
        7747    -5.43518    -6.10163  0.00552012
        7748    -5.43565    -6.10155  0.00552007
        7749    -5.43804    -6.10146  0.00552003
        7750    -5.43621    -6.10138  0.00551998
        7751    -5.43713    -6.10129  0.00551993
        7752    -5.43288     -6.1012   0.0055199
        7753      -5.432    -6.10112  0.00551986
        7754    -5.43345    -6.10103  0.00551982
        7755     -5.4361    -6.10095  0.00551977
        7756    -5.43689    -6.10086  0.00551972
        7757    -5.43728    -6.10078  0.00551968
        7758    -5.43759    -6.10069  0.00551963
        7759    -5.43772     -6.1006  0.00551958
        7760    -5.43967    -6.10052  0.00551952
        7761    -5.44384    -6.10043  0.00551946
        7762     -5.4505    -6.10035  0.00551938
        7763    -5.45361    -6.10027   0.0055193
        7764    -5.45111    -6.10018  0.00551922
        7765    -5.45377     -6.1001  0.00551914
        7766    -5.45453    -6.10002  0.00551906
        7767    -5.45143    -6.09993  0.00551898
        7768    -5.45211    -6.09985   0.0055189
        7769    -5.45553    -6.09977  0.00551881
        7770    -5.45659    -6.09969  0.00551872
        7771    -5.45694     -6.0996  0.00551863
        7772    -5.45576    -6.09952  0.00551854
        7773    -5.45869    -6.09944  0.00551845
        7774     -5.4627    -6.09936  0.00551834
        7775     -5.4653    -6.09927  0.00551824
        7776    -5.46565    -6.09919  0.00551813
        7777    -5.46678    -6.09911  0.00551802
        7778    -5.46698    -6.09903  0.00551791
        7779     -5.4683    -6.09895  0.00551779
        7780    -5.47244    -6.09887  0.00551767
        7781    -5.46921    -6.09879  0.00551756
        7782    -5.46998    -6.09871  0.00551744
        7783    -5.47198    -6.09863  0.00551732
        7784    -5.46922    -6.09854   0.0055172
        7785    -5.47415    -6.09846  0.00551708
        7786    -5.46872    -6.09838  0.00551696
        7787    -5.46929     -6.0983  0.00551684
        7788    -5.47008    -6.09822  0.00551672
        7789    -5.47342    -6.09814   0.0055166
        7790    -5.47782    -6.09806  0.00551647
        7791    -5.48078    -6.09798  0.00551633
        7792    -5.47547     -6.0979   0.0055162
        7793    -5.47474    -6.09782  0.00551607
        7794    -5.47396    -6.09774  0.00551594
        7795    -5.47249    -6.09766  0.00551582
        7796    -5.46878    -6.09758   0.0055157
        7797    -5.46439     -6.0975  0.00551559
        7798    -5.46275    -6.09742  0.00551548
        7799    -5.46624    -6.09734  0.00551537
        7800    -5.46385    -6.09726  0.00551526
        7801    -5.46714    -6.09718  0.00551515
        7802    -5.46306     -6.0971  0.00551504
        7803    -5.46349    -6.09701  0.00551493
        7804    -5.46167    -6.09693  0.00551482
        7805     -5.4637    -6.09685  0.00551471
        7806    -5.45615    -6.09677  0.00551462
        7807    -5.45966    -6.09669  0.00551451
        7808    -5.45715    -6.09661  0.00551442
        7809    -5.46099    -6.09653  0.00551431
        7810    -5.46166    -6.09644   0.0055142
        7811    -5.45932    -6.09636   0.0055141
        7812    -5.46421    -6.09628  0.00551399
        7813     -5.4663     -6.0962  0.00551387
        7814    -5.46532    -6.09612  0.00551376
        7815    -5.46752    -6.09604  0.00551364
        7816    -5.46826    -6.09596  0.00551352
        7817    -5.47026    -6.09588   0.0055134
        7818    -5.47206     -6.0958  0.00551327
        7819    -5.47551    -6.09572  0.00551313
        7820    -5.47499    -6.09564    0.005513
        7821    -5.46749    -6.09556  0.00551288
        7822    -5.46452    -6.09548  0.00551276
        7823    -5.46376     -6.0954  0.00551265
        7824    -5.45767    -6.09532  0.00551255
        7825     -5.4592    -6.09524  0.00551244
        7826    -5.46127    -6.09516  0.00551234
        7827    -5.46644    -6.09507  0.00551222
        7828    -5.46564    -6.09499   0.0055121
        7829    -5.46462    -6.09491  0.00551198
        7830    -5.45918    -6.09483  0.00551188
        7831    -5.46181    -6.09475  0.00551177
        7832    -5.46291    -6.09467  0.00551165
        7833    -5.46126    -6.09459  0.00551154
        7834    -5.46246    -6.09451  0.00551143
        7835    -5.46112    -6.09443  0.00551132
        7836    -5.45446    -6.09435  0.00551122
        7837    -5.45605    -6.09427  0.00551112
        7838     -5.4512    -6.09418  0.00551103
        7839    -5.45191     -6.0941  0.00551093
        7840    -5.45415    -6.09402  0.00551083
        7841    -5.45451    -6.09394  0.00551073
        7842    -5.46001    -6.09386  0.00551062
        7843    -5.45856    -6.09378  0.00551052
        7844    -5.45772     -6.0937  0.00551041
        7845    -5.45959    -6.09361   0.0055103
        7846    -5.45971    -6.09353  0.00551019
        7847    -5.45671    -6.09345  0.00551009
        7848    -5.45707    -6.09337  0.00550998
        7849    -5.45503    -6.09329  0.00550988
        7850    -5.45731    -6.09321  0.00550977
        7851    -5.45687    -6.09313  0.00550967
        7852    -5.45767    -6.09305  0.00550956
        7853    -5.45281    -6.09297  0.00550946
        7854    -5.45062    -6.09288  0.00550937
        7855    -5.45089     -6.0928  0.00550927
        7856    -5.44918    -6.09272  0.00550918
        7857    -5.44935    -6.09264  0.00550909
        7858    -5.44867    -6.09256    0.005509
        7859    -5.44744    -6.09247  0.00550891
        7860    -5.44565    -6.09239  0.00550882
        7861     -5.4471    -6.09231  0.00550873
        7862    -5.45071    -6.09223  0.00550863
        7863    -5.44642    -6.09215  0.00550855
        7864    -5.44646    -6.09206  0.00550846
        7865    -5.44963    -6.09198  0.00550836
        7866    -5.45303     -6.0919  0.00550826
        7867    -5.45018    -6.09182  0.00550817
        7868    -5.45218    -6.09174  0.00550807
        7869    -5.45479    -6.09166  0.00550796
        7870     -5.4515    -6.09158  0.00550786
        7871    -5.45201    -6.09149  0.00550776
        7872    -5.45322    -6.09141  0.00550766
        7873    -5.45386    -6.09133  0.00550755
        7874    -5.45531    -6.09125  0.00550745
        7875    -5.45344    -6.09117  0.00550734
        7876    -5.45401    -6.09109  0.00550724
        7877    -5.45729    -6.09101  0.00550713
        7878    -5.46293    -6.09093    0.005507
        7879    -5.46621    -6.09085  0.00550688
        7880    -5.46357    -6.09077  0.00550675
        7881    -5.46348    -6.09069  0.00550663
        7882    -5.45986    -6.09061  0.00550651
        7883    -5.46114    -6.09053  0.00550639
        7884    -5.46272    -6.09045  0.00550627
        7885    -5.46212    -6.09037  0.00550615
        7886    -5.45938    -6.09029  0.00550603
        7887    -5.45759    -6.09021  0.00550592
        7888    -5.45571    -6.09013  0.00550581
        7889    -5.45422    -6.09005   0.0055057
        7890    -5.45366    -6.08997  0.00550559
        7891    -5.44988    -6.08989  0.00550549
        7892    -5.44767    -6.08981  0.00550539
        7893    -5.44783    -6.08973   0.0055053
        7894    -5.44578    -6.08964  0.00550521
        7895    -5.44526    -6.08956  0.00550511
        7896    -5.44437    -6.08948  0.00550502
        7897    -5.44496     -6.0894  0.00550493
        7898    -5.44344    -6.08932  0.00550484
        7899    -5.43924    -6.08924  0.00550476
        7900    -5.44297    -6.08915  0.00550467
        7901     -5.4428    -6.08907  0.00550458
        7902    -5.44294    -6.08899  0.00550449
        7903    -5.43956    -6.08891  0.00550441
        7904    -5.44137    -6.08883  0.00550432
        7905    -5.44367    -6.08874  0.00550423
        7906    -5.44458    -6.08866  0.00550414
        7907    -5.44665    -6.08858  0.00550404
        7908    -5.44542     -6.0885  0.00550394
        7909    -5.44833    -6.08842  0.00550384
        7910    -5.44885    -6.08834  0.00550374
        7911    -5.45068    -6.08826  0.00550364
        7912    -5.44983    -6.08818  0.00550353
        7913    -5.44567     -6.0881  0.00550344
        7914    -5.44743    -6.08802  0.00550334
        7915    -5.44347    -6.08793  0.00550324
        7916    -5.44229    -6.08785  0.00550315
        7917     -5.4393    -6.08777  0.00550307
        7918    -5.44109    -6.08769  0.00550298
        7919    -5.44221    -6.08761  0.00550289
        7920    -5.44208    -6.08753   0.0055028
        7921    -5.44459    -6.08744   0.0055027
        7922     -5.4448    -6.08736   0.0055026
        7923    -5.44108    -6.08728  0.00550251
        7924    -5.43719     -6.0872  0.00550243
        7925    -5.43597    -6.08712  0.00550235
        7926    -5.43642    -6.08704  0.00550227
        7927    -5.44119    -6.08695  0.00550218
        7928    -5.44137    -6.08687  0.00550208
        7929    -5.44216    -6.08679  0.00550199
        7930     -5.4372    -6.08671  0.00550191
        7931    -5.43975    -6.08663  0.00550182
        7932    -5.44098    -6.08655  0.00550173
        7933    -5.43643    -6.08646  0.00550164
        7934    -5.43216    -6.08638  0.00550157
        7935    -5.42936     -6.0863   0.0055015
        7936    -5.42776    -6.08622  0.00550143
        7937    -5.42594    -6.08613  0.00550137
        7938    -5.42906    -6.08605   0.0055013
        7939    -5.42933    -6.08597  0.00550122
        7940    -5.43148    -6.08589  0.00550115
        7941    -5.42812     -6.0858  0.00550108
        7942    -5.42626    -6.08572  0.00550101
        7943    -5.42642    -6.08564  0.00550095
        7944    -5.42616    -6.08555  0.00550088
        7945    -5.42719    -6.08547  0.00550081
        7946    -5.42265    -6.08539  0.00550075
        7947    -5.42056     -6.0853   0.0055007
        7948    -5.41702    -6.08522  0.00550065
        7949    -5.41802    -6.08514   0.0055006
        7950    -5.41589    -6.08505  0.00550055
        7951    -5.41629    -6.08497   0.0055005
        7952    -5.41803    -6.08488  0.00550045
        7953    -5.41655     -6.0848   0.0055004
        7954    -5.42244    -6.08472  0.00550034
        7955    -5.41878    -6.08463  0.00550028
        7956    -5.41879    -6.08455  0.00550023
        7957    -5.41582    -6.08446  0.00550018
        7958     -5.4164    -6.08438  0.00550013
        7959    -5.41885     -6.0843  0.00550007
        7960    -5.41463    -6.08421  0.00550003
        7961    -5.41166    -6.08413  0.00549998
        7962    -5.41359    -6.08404  0.00549994
        7963    -5.41281    -6.08396  0.00549989
        7964    -5.41774    -6.08388  0.00549984
        7965    -5.41812    -6.08379  0.00549978
        7966    -5.41686    -6.08371  0.00549973
        7967    -5.41906    -6.08363  0.00549967
        7968     -5.4128    -6.08354  0.00549963
        7969     -5.4151    -6.08346  0.00549958
        7970    -5.41954    -6.08337  0.00549952
        7971    -5.41776    -6.08329  0.00549946
        7972    -5.41701    -6.08321  0.00549941
        7973    -5.41548    -6.08312  0.00549935
        7974    -5.41396    -6.08304   0.0054993
        7975     -5.4166    -6.08296  0.00549925
        7976    -5.41171    -6.08287   0.0054992
        7977    -5.40915    -6.08279  0.00549916
        7978    -5.41059     -6.0827  0.00549912
        7979    -5.40794    -6.08262  0.00549908
        7980    -5.40337    -6.08253  0.00549905
        7981    -5.40365    -6.08245  0.00549902
        7982    -5.40422    -6.08236  0.00549899
        7983    -5.40479    -6.08228  0.00549895
        7984    -5.40834    -6.08219  0.00549891
        7985    -5.40708    -6.08211  0.00549887
        7986    -5.40736    -6.08202  0.00549883
        7987    -5.40699    -6.08194  0.00549879
        7988    -5.40914    -6.08186  0.00549875
        7989    -5.40981    -6.08177  0.00549871
        7990    -5.40733    -6.08169  0.00549867
        7991    -5.40678     -6.0816  0.00549863
        7992    -5.40377    -6.08152  0.00549859
        7993    -5.39891    -6.08143  0.00549857
        7994    -5.40235    -6.08135  0.00549854
        7995    -5.40063    -6.08126  0.00549851
        7996    -5.40302    -6.08118  0.00549847
        7997    -5.40224    -6.08109  0.00549844
        7998    -5.39935    -6.08101  0.00549841
        7999    -5.40299    -6.08092  0.00549838
        8000    -5.40118    -6.08084  0.00549835
        8001    -5.40002    -6.08075  0.00549832
        8002    -5.40382    -6.08067  0.00549828
        8003    -5.40985    -6.08058  0.00549824
        8004    -5.40753     -6.0805  0.00549819
        8005     -5.4119    -6.08042  0.00549814
        8006    -5.40807    -6.08033  0.00549809
        8007    -5.40485    -6.08025  0.00549805
        8008    -5.40576    -6.08016  0.00549801
        8009     -5.4015    -6.08008  0.00549798
        8010    -5.40535       -6.08  0.00549794
        8011    -5.40242    -6.07991   0.0054979
        8012    -5.40045    -6.07983  0.00549787
        8013    -5.39964    -6.07974  0.00549784
        8014     -5.4002    -6.07966  0.00549781
        8015    -5.40076    -6.07957  0.00549777
        8016    -5.40221    -6.07949  0.00549774
        8017    -5.39824     -6.0794  0.00549771
        8018    -5.40065    -6.07932  0.00549767
        8019    -5.39627    -6.07923  0.00549765
        8020    -5.39693    -6.07915  0.00549762
        8021    -5.39902    -6.07906  0.00549759
        8022    -5.39843    -6.07898  0.00549756
        8023    -5.39626    -6.07889  0.00549753
        8024    -5.39305    -6.07881  0.00549751
        8025    -5.39038    -6.07872   0.0054975
        8026    -5.38859    -6.07864  0.00549748
        8027    -5.38636    -6.07855  0.00549748
        8028    -5.38905    -6.07846  0.00549746
        8029    -5.38464    -6.07838  0.00549746
        8030    -5.37787    -6.07829  0.00549746
        8031    -5.37725     -6.0782  0.00549747
        8032    -5.38789    -6.07812  0.00549746
        8033    -5.38854    -6.07803  0.00549744
        8034    -5.38416    -6.07794  0.00549744
        8035    -5.38468    -6.07786  0.00549743
        8036    -5.37896    -6.07777  0.00549744
        8037    -5.38039    -6.07768  0.00549744
        8038    -5.38506     -6.0776  0.00549743
        8039    -5.38732    -6.07751  0.00549741
        8040    -5.38707    -6.07743   0.0054974
        8041    -5.38586    -6.07734  0.00549739
        8042    -5.38585    -6.07725  0.00549738
        8043    -5.38547    -6.07717  0.00549737
        8044    -5.38332    -6.07708  0.00549736
        8045    -5.38186      -6.077  0.00549736
        8046    -5.38338    -6.07691  0.00549735
        8047    -5.38619    -6.07682  0.00549734
        8048    -5.38966    -6.07674  0.00549732
        8049    -5.39266    -6.07665  0.00549729
        8050    -5.39104    -6.07657  0.00549727
        8051    -5.39182    -6.07648  0.00549724
        8052    -5.39209     -6.0764  0.00549722
        8053    -5.39178    -6.07631  0.00549719
        8054    -5.39189    -6.07623  0.00549717
        8055    -5.39026    -6.07614  0.00549714
        8056     -5.3866    -6.07606  0.00549713
        8057    -5.38584    -6.07597  0.00549711
        8058    -5.38545    -6.07589   0.0054971
        8059    -5.38441     -6.0758  0.00549709
        8060    -5.38445    -6.07571  0.00549707
        8061     -5.3837    -6.07563  0.00549706
        8062    -5.38279    -6.07554  0.00549705
        8063    -5.37995    -6.07546  0.00549705
        8064    -5.37798    -6.07537  0.00549704
        8065    -5.38248    -6.07528  0.00549703
        8066    -5.37877     -6.0752  0.00549703
        8067    -5.37575    -6.07511  0.00549703
        8068    -5.37591    -6.07502  0.00549704
        8069    -5.37549    -6.07494  0.00549704
        8070    -5.37748    -6.07485  0.00549704
        8071    -5.37455    -6.07476  0.00549704
        8072    -5.36702    -6.07468  0.00549706
        8073    -5.37038    -6.07459  0.00549707
        8074    -5.36945     -6.0745  0.00549708
        8075    -5.36861    -6.07441   0.0054971
        8076    -5.37336    -6.07433   0.0054971
        8077    -5.37528    -6.07424   0.0054971
        8078    -5.36877    -6.07415  0.00549711
        8079    -5.36479    -6.07407  0.00549714
        8080    -5.36367    -6.07398  0.00549716
        8081    -5.36502    -6.07389  0.00549718
        8082    -5.37048     -6.0738  0.00549719
        8083    -5.36537    -6.07372  0.00549721
        8084    -5.36633    -6.07363  0.00549722
        8085    -5.36486    -6.07354  0.00549724
        8086    -5.36162    -6.07345  0.00549727
        8087    -5.36764    -6.07337  0.00549728
        8088    -5.36986    -6.07328  0.00549729
        8089    -5.37252    -6.07319  0.00549729
        8090    -5.37061     -6.0731   0.0054973
        8091    -5.36937    -6.07302  0.00549731
        8092    -5.36529    -6.07293  0.00549732
        8093    -5.36153    -6.07284  0.00549735
        8094    -5.35833    -6.07275  0.00549737
        8095    -5.35784    -6.07267  0.00549741
        8096    -5.35428    -6.07258  0.00549744
        8097    -5.35231    -6.07249  0.00549748
        8098    -5.34643     -6.0724  0.00549753
        8099    -5.34975    -6.07231  0.00549758
        8100    -5.34619    -6.07222  0.00549763
        8101    -5.34443    -6.07213  0.00549769
        8102    -5.34625    -6.07204  0.00549774
        8103    -5.34444    -6.07195  0.00549779
        8104     -5.3442    -6.07186  0.00549785
        8105    -5.34318    -6.07177  0.00549791
        8106    -5.34206    -6.07168  0.00549796
        8107    -5.34022    -6.07159  0.00549803
        8108     -5.3382     -6.0715  0.00549809
        8109    -5.33186    -6.07141  0.00549817
        8110    -5.33188    -6.07132  0.00549825
        8111    -5.33332    -6.07123  0.00549832
        8112    -5.33161    -6.07114   0.0054984
        8113    -5.32596    -6.07104  0.00549849
        8114    -5.32765    -6.07095  0.00549858
        8115    -5.33125    -6.07086  0.00549865
        8116    -5.33632    -6.07077  0.00549872
        8117    -5.33568    -6.07068  0.00549879
        8118    -5.34009    -6.07059  0.00549885
        8119    -5.33642     -6.0705  0.00549892
        8120    -5.33534    -6.07041  0.00549898
        8121    -5.33235    -6.07032  0.00549906
        8122    -5.33194    -6.07023  0.00549913
        8123    -5.32806    -6.07014  0.00549921
        8124    -5.32999    -6.07004  0.00549929
        8125    -5.32967    -6.06995  0.00549937
        8126    -5.32607    -6.06986  0.00549945
        8127    -5.33072    -6.06977  0.00549953
        8128     -5.3284    -6.06968  0.00549961
        8129    -5.32647    -6.06959  0.00549969
        8130    -5.32677     -6.0695  0.00549978
        8131    -5.33009    -6.06941  0.00549985
        8132    -5.32958    -6.06931  0.00549993
        8133    -5.33042    -6.06922      0.0055
        8134    -5.33548    -6.06913  0.00550006
        8135    -5.33447    -6.06904  0.00550013
        8136    -5.33389    -6.06895   0.0055002
        8137    -5.33735    -6.06886  0.00550025
        8138    -5.33468    -6.06877  0.00550032
        8139    -5.33313    -6.06868  0.00550039
        8140    -5.33681    -6.06859  0.00550044
        8141    -5.33876     -6.0685   0.0055005
        8142    -5.34009    -6.06841  0.00550055
        8143    -5.33703    -6.06832  0.00550061
        8144     -5.3424    -6.06823  0.00550066
        8145    -5.34103    -6.06815  0.00550071
        8146    -5.34381    -6.06806  0.00550075
        8147    -5.34141    -6.06797   0.0055008
        8148    -5.34396    -6.06788  0.00550084
        8149    -5.34127    -6.06779  0.00550089
        8150    -5.33548     -6.0677  0.00550095
        8151    -5.33395    -6.06761  0.00550101
        8152    -5.33493    -6.06752  0.00550107
        8153    -5.33699    -6.06743  0.00550112
        8154     -5.3428    -6.06734  0.00550116
        8155    -5.33921    -6.06725  0.00550121
        8156    -5.33904    -6.06716  0.00550126
        8157    -5.33935    -6.06707  0.00550131
        8158    -5.34175    -6.06698  0.00550136
        8159    -5.33378    -6.06689  0.00550142
        8160    -5.32913     -6.0668  0.00550149
        8161    -5.33404    -6.06671  0.00550154
        8162    -5.32993    -6.06662  0.00550161
        8163    -5.33124    -6.06653  0.00550167
        8164     -5.3327    -6.06644  0.00550173
        8165    -5.33319    -6.06635  0.00550179
        8166    -5.33061    -6.06626  0.00550186
        8167    -5.32812    -6.06617  0.00550193
        8168    -5.33486    -6.06608  0.00550198
        8169    -5.33274    -6.06599  0.00550204
        8170    -5.33319     -6.0659   0.0055021
        8171    -5.32841    -6.06581  0.00550216
        8172    -5.32627    -6.06572  0.00550224
        8173    -5.31763    -6.06563  0.00550232
        8174    -5.32193    -6.06554   0.0055024
        8175    -5.32195    -6.06545  0.00550248
        8176    -5.32232    -6.06536  0.00550256
        8177    -5.32285    -6.06527  0.00550264
        8178    -5.32622    -6.06518   0.0055027
        8179    -5.32536    -6.06509  0.00550278
        8180    -5.32318      -6.065  0.00550285
        8181    -5.32674    -6.06491  0.00550292
        8182    -5.32405    -6.06482  0.00550299
        8183    -5.31846    -6.06473  0.00550307
        8184    -5.32197    -6.06463  0.00550315
        8185    -5.31963    -6.06454  0.00550323
        8186    -5.31918    -6.06445  0.00550331
        8187    -5.32407    -6.06436  0.00550338
        8188    -5.32116    -6.06427  0.00550346
        8189    -5.31945    -6.06418  0.00550354
        8190    -5.31696    -6.06409  0.00550362
        8191    -5.31825      -6.064   0.0055037
        8192    -5.31948    -6.06391  0.00550378
        8193    -5.31951    -6.06382  0.00550386
        8194    -5.31962    -6.06373  0.00550394
        8195    -5.31513    -6.06363  0.00550402
        8196    -5.31698    -6.06354   0.0055041
        8197    -5.31984    -6.06345  0.00550418
        8198    -5.31605    -6.06336  0.00550426
        8199    -5.31397    -6.06327  0.00550435
        8200    -5.31309    -6.06318  0.00550444
        8201    -5.31265    -6.06309  0.00550453
        8202    -5.31397      -6.063  0.00550462
        8203    -5.31161     -6.0629  0.00550471
        8204     -5.3119    -6.06281   0.0055048
        8205     -5.3147    -6.06272  0.00550488
        8206    -5.31833    -6.06263  0.00550496
        8207    -5.31641    -6.06254  0.00550504
        8208    -5.32211    -6.06245  0.00550511
        8209    -5.32086    -6.06236  0.00550518
        8210     -5.3168    -6.06227  0.00550526
        8211    -5.31491    -6.06218  0.00550534
        8212    -5.31782    -6.06209  0.00550541
        8213    -5.31777      -6.062  0.00550549
        8214      -5.317    -6.06191  0.00550557
        8215    -5.31491    -6.06181  0.00550565
        8216    -5.31538    -6.06172  0.00550573
        8217    -5.31048    -6.06163  0.00550582
        8218    -5.31152    -6.06154   0.0055059
        8219    -5.30703    -6.06145    0.005506
        8220    -5.30492    -6.06136   0.0055061
        8221    -5.30565    -6.06126  0.00550619
        8222    -5.30487    -6.06117  0.00550629
        8223    -5.31009    -6.06108  0.00550638
        8224    -5.30959    -6.06099  0.00550647
        8225    -5.31055     -6.0609  0.00550656
        8226    -5.30504    -6.06081  0.00550665
        8227    -5.29884    -6.06071  0.00550676
        8228    -5.29631    -6.06062  0.00550688
        8229     -5.2993    -6.06053  0.00550698
        8230    -5.30285    -6.06044  0.00550709
        8231    -5.30401    -6.06035  0.00550718
        8232    -5.30256    -6.06025  0.00550728
        8233    -5.29773    -6.06016  0.00550739
        8234    -5.29816    -6.06007   0.0055075
        8235    -5.29216    -6.05997  0.00550762
        8236    -5.29131    -6.05988  0.00550774
        8237    -5.28801    -6.05979  0.00550787
        8238     -5.2886    -6.05969    0.005508
        8239    -5.29209     -6.0596  0.00550812
        8240    -5.29213    -6.05951  0.00550824
        8241     -5.2906    -6.05941  0.00550836
        8242    -5.28181    -6.05932   0.0055085
        8243    -5.28458    -6.05923  0.00550863
        8244     -5.2799    -6.05913  0.00550878
        8245    -5.28339    -6.05904  0.00550891
        8246    -5.28621    -6.05894  0.00550904
        8247    -5.28638    -6.05885  0.00550917
        8248    -5.28789    -6.05876  0.00550929
        8249    -5.28349    -6.05866  0.00550943
        8250    -5.28565    -6.05857  0.00550956
        8251    -5.28508    -6.05848  0.00550969
        8252    -5.28296    -6.05838  0.00550982
        8253    -5.28162    -6.05829  0.00550996
        8254    -5.28233    -6.05819  0.00551009
        8255    -5.28444     -6.0581  0.00551022
        8256    -5.27972      -6.058  0.00551036
        8257    -5.28167    -6.05791  0.00551049
        8258    -5.27997    -6.05782  0.00551063
        8259    -5.27377    -6.05772  0.00551078
        8260    -5.27482    -6.05763  0.00551093
        8261    -5.27606    -6.05753  0.00551107
        8262     -5.2773    -6.05744  0.00551122
        8263    -5.27864    -6.05734  0.00551136
        8264    -5.27683    -6.05725   0.0055115
        8265    -5.27511    -6.05715  0.00551164
        8266     -5.2756    -6.05706  0.00551179
        8267    -5.27296    -6.05697  0.00551194
        8268    -5.27247    -6.05687  0.00551209
        8269    -5.27487    -6.05678  0.00551223
        8270    -5.27544    -6.05668  0.00551237
        8271    -5.26808    -6.05659  0.00551253
        8272    -5.26673    -6.05649  0.00551269
        8273    -5.26404    -6.05639  0.00551286
        8274    -5.25708     -6.0563  0.00551304
        8275    -5.25843     -6.0562  0.00551322
        8276    -5.25958    -6.05611  0.00551339
        8277    -5.26013    -6.05601  0.00551356
        8278    -5.25604    -6.05591  0.00551374
        8279    -5.25669    -6.05582  0.00551392
        8280    -5.25208    -6.05572  0.00551411
        8281    -5.25321    -6.05562   0.0055143
        8282     -5.2545    -6.05553  0.00551448
        8283    -5.25813    -6.05543  0.00551465
        8284    -5.25332    -6.05533  0.00551484
        8285    -5.25923    -6.05524  0.00551501
        8286     -5.2565    -6.05514  0.00551519
        8287    -5.26113    -6.05504  0.00551535
        8288    -5.25971    -6.05495  0.00551552
        8289    -5.26033    -6.05485  0.00551569
        8290    -5.25774    -6.05476  0.00551586
        8291    -5.26129    -6.05466  0.00551603
        8292    -5.26159    -6.05456  0.00551619
        8293    -5.26074    -6.05447  0.00551636
        8294     -5.2561    -6.05437  0.00551653
        8295    -5.25242    -6.05428  0.00551671
        8296    -5.25333    -6.05418  0.00551689
        8297    -5.25116    -6.05408  0.00551708
        8298    -5.24688    -6.05399  0.00551727
        8299    -5.24996    -6.05389  0.00551745
        8300    -5.25214    -6.05379  0.00551764
        8301    -5.24959    -6.05369  0.00551782
        8302    -5.24714     -6.0536  0.00551801
        8303    -5.24881     -6.0535   0.0055182
        8304    -5.25513     -6.0534  0.00551837
        8305    -5.26012    -6.05331  0.00551853
        8306    -5.25995    -6.05321   0.0055187
        8307    -5.25817    -6.05312  0.00551886
        8308    -5.25863    -6.05302  0.00551903
        8309    -5.26148    -6.05293  0.00551918
        8310    -5.26067    -6.05283  0.00551934
        8311    -5.26297    -6.05274   0.0055195
        8312    -5.26591    -6.05264  0.00551964
        8313    -5.27081    -6.05255  0.00551978
        8314     -5.2703    -6.05245  0.00551992
        8315    -5.27105    -6.05236  0.00552006
        8316     -5.2744    -6.05227  0.00552018
        8317    -5.27933    -6.05217   0.0055203
        8318    -5.28274    -6.05208  0.00552041
        8319    -5.28431    -6.05199  0.00552052
        8320    -5.28255     -6.0519  0.00552063
        8321    -5.27948     -6.0518  0.00552075
        8322    -5.27991    -6.05171  0.00552087
        8323    -5.27823    -6.05162  0.00552098
        8324    -5.27444    -6.05152  0.00552111
        8325    -5.26695    -6.05143  0.00552125
        8326    -5.26826    -6.05134  0.00552139
        8327    -5.27236    -6.05124  0.00552152
        8328    -5.27281    -6.05115  0.00552165
        8329    -5.27598    -6.05106  0.00552177
        8330    -5.27343    -6.05096  0.00552189
        8331    -5.27083    -6.05087  0.00552203
        8332    -5.27112    -6.05078  0.00552216
        8333    -5.27086    -6.05068  0.00552229
        8334    -5.27286    -6.05059  0.00552241
        8335    -5.27653     -6.0505  0.00552253
        8336    -5.27681     -6.0504  0.00552265
        8337    -5.27677    -6.05031  0.00552277
        8338    -5.27771    -6.05022  0.00552288
        8339     -5.2747    -6.05012    0.005523
        8340    -5.27436    -6.05003  0.00552312
        8341    -5.27226    -6.04994  0.00552325
        8342    -5.26867    -6.04984  0.00552338
        8343    -5.27086    -6.04975  0.00552351
        8344    -5.26869    -6.04966  0.00552364
        8345     -5.2632    -6.04956  0.00552378
        8346    -5.26452    -6.04947  0.00552392
        8347    -5.26921    -6.04938  0.00552405
        8348      -5.265    -6.04928  0.00552418
        8349    -5.25815    -6.04919  0.00552434
        8350    -5.25944    -6.04909  0.00552448
        8351    -5.25681      -6.049  0.00552464
        8352    -5.25693     -6.0489  0.00552479
        8353    -5.25881    -6.04881  0.00552494
        8354    -5.25732    -6.04871  0.00552509
        8355    -5.26229    -6.04862  0.00552523
        8356    -5.26317    -6.04853  0.00552537
        8357    -5.25911    -6.04843  0.00552551
        8358     -5.2606    -6.04834  0.00552566
        8359    -5.25694    -6.04824  0.00552581
        8360     -5.2561    -6.04815  0.00552596
        8361    -5.26127    -6.04805   0.0055261
        8362    -5.26387    -6.04796  0.00552623
        8363     -5.2655    -6.04787  0.00552636
        8364    -5.26615    -6.04777  0.00552649
        8365    -5.26062    -6.04768  0.00552663
        8366    -5.26009    -6.04758  0.00552677
        8367    -5.25549    -6.04749  0.00552692
        8368    -5.25665    -6.04739  0.00552707
        8369    -5.25087     -6.0473  0.00552723
        8370    -5.25486     -6.0472  0.00552738
        8371    -5.25515    -6.04711  0.00552753
        8372    -5.25736    -6.04702  0.00552768
        8373    -5.25497    -6.04692  0.00552782
        8374    -5.25459    -6.04683  0.00552797
        8375    -5.25324    -6.04673  0.00552813
        8376     -5.2523    -6.04664  0.00552828
        8377    -5.25193    -6.04654  0.00552843
        8378    -5.25791    -6.04645  0.00552858
        8379     -5.2591    -6.04635  0.00552871
        8380    -5.25567    -6.04626  0.00552886
        8381    -5.25304    -6.04617  0.00552901
        8382    -5.24896    -6.04607  0.00552917
        8383    -5.25104    -6.04598  0.00552932
        8384    -5.25215    -6.04588  0.00552947
        8385    -5.25223    -6.04579  0.00552962
        8386    -5.25258    -6.04569  0.00552977
        8387    -5.24793     -6.0456  0.00552993
        8388    -5.25204     -6.0455  0.00553008
        8389    -5.25594    -6.04541  0.00553022
        8390    -5.25301    -6.04531  0.00553037
        8391    -5.25477    -6.04522  0.00553051
        8392    -5.25658    -6.04512  0.00553065
        8393    -5.25437    -6.04503   0.0055308
        8394    -5.25753    -6.04494  0.00553093
        8395    -5.26015    -6.04484  0.00553106
        8396    -5.25969    -6.04475   0.0055312
        8397    -5.25912    -6.04466  0.00553133
        8398    -5.25723    -6.04456  0.00553146
        8399    -5.25031    -6.04447  0.00553161
        8400    -5.24568    -6.04437  0.00553177
        8401    -5.24262    -6.04428  0.00553194
        8402    -5.23995    -6.04418  0.00553211
        8403     -5.2428    -6.04409  0.00553227
        8404    -5.24107    -6.04399  0.00553244
        8405    -5.23921    -6.04389  0.00553261
        8406     -5.2412     -6.0438  0.00553277
        8407    -5.24497     -6.0437  0.00553293
        8408    -5.24549    -6.04361  0.00553309
        8409    -5.24082    -6.04351  0.00553325
        8410    -5.24073    -6.04342  0.00553342
        8411       -5.24    -6.04332  0.00553359
        8412    -5.24054    -6.04323  0.00553375
        8413    -5.24014    -6.04313  0.00553392
        8414    -5.23795    -6.04304  0.00553409
        8415    -5.23274    -6.04294  0.00553427
        8416    -5.23222    -6.04284  0.00553445
        8417    -5.23027    -6.04275  0.00553463
        8418    -5.23247    -6.04265  0.00553481
        8419    -5.23088    -6.04255  0.00553499
        8420     -5.2269    -6.04246  0.00553518
        8421    -5.23151    -6.04236  0.00553536
        8422    -5.22861    -6.04226  0.00553555
        8423    -5.23176    -6.04217  0.00553573
        8424    -5.22816    -6.04207  0.00553591
        8425    -5.23275    -6.04198  0.00553609
        8426    -5.23486    -6.04188  0.00553626
        8427    -5.23626    -6.04178  0.00553643
        8428     -5.2286    -6.04169  0.00553662
        8429     -5.2286    -6.04159   0.0055368
        8430    -5.22727    -6.04149  0.00553698
        8431    -5.22606     -6.0414  0.00553717
        8432    -5.22304     -6.0413  0.00553737
        8433     -5.2318    -6.04121  0.00553754
        8434    -5.23803    -6.04111   0.0055377
        8435    -5.23605    -6.04101  0.00553787
        8436    -5.23737    -6.04092  0.00553803
        8437    -5.23888    -6.04082  0.00553819
        8438    -5.23473    -6.04073  0.00553836
        8439    -5.23415    -6.04063  0.00553853
        8440     -5.2354    -6.04054  0.00553869
        8441    -5.23976    -6.04044  0.00553885
        8442     -5.2357    -6.04035  0.00553901
        8443    -5.23349    -6.04025  0.00553918
        8444    -5.22897    -6.04016  0.00553936
        8445     -5.2282    -6.04006  0.00553954
        8446    -5.22302    -6.03996  0.00553973
        8447    -5.21666    -6.03987  0.00553993
        8448    -5.21729    -6.03977  0.00554013
        8449    -5.21374    -6.03967  0.00554033
        8450    -5.21185    -6.03957  0.00554054
        8451    -5.21507    -6.03947  0.00554075
        8452    -5.22082    -6.03938  0.00554094
        8453    -5.22698    -6.03928  0.00554112
        8454    -5.22734    -6.03919  0.00554129
        8455    -5.22625    -6.03909  0.00554147
        8456    -5.22839    -6.03899  0.00554165
        8457    -5.22553     -6.0389  0.00554183
        8458    -5.22706     -6.0388    0.005542
        8459    -5.22689    -6.03871  0.00554218
        8460    -5.22843    -6.03861  0.00554235
        8461    -5.22202    -6.03851  0.00554254
        8462    -5.22252    -6.03842  0.00554272
        8463     -5.2232    -6.03832   0.0055429
        8464    -5.22137    -6.03822  0.00554309
        8465    -5.21825    -6.03813  0.00554328
        8466    -5.22626    -6.03803  0.00554345
        8467     -5.2245    -6.03794  0.00554363
        8468    -5.22382    -6.03784  0.00554381
        8469    -5.23018    -6.03774  0.00554398
        8470    -5.22735    -6.03765  0.00554415
        8471    -5.22991    -6.03755  0.00554431
        8472    -5.22631    -6.03746  0.00554448
        8473    -5.22468    -6.03736  0.00554466
        8474    -5.22442    -6.03727  0.00554483
        8475    -5.22728    -6.03717    0.005545
        8476    -5.22854    -6.03707  0.00554517
        8477    -5.23019    -6.03698  0.00554533
        8478    -5.23026    -6.03688   0.0055455
        8479    -5.22731    -6.03679  0.00554566
        8480    -5.22536    -6.03669  0.00554584
        8481     -5.2249     -6.0366  0.00554601
        8482    -5.22407     -6.0365  0.00554618
        8483    -5.22565    -6.03641  0.00554635
        8484    -5.23258    -6.03631  0.00554651
        8485    -5.23301    -6.03622  0.00554666
        8486    -5.23576    -6.03612  0.00554681
        8487    -5.23619    -6.03603  0.00554696
        8488    -5.23415    -6.03593  0.00554711
        8489    -5.23778    -6.03584  0.00554725
        8490    -5.23639    -6.03574   0.0055474
        8491    -5.23983    -6.03565  0.00554753
        8492     -5.2406    -6.03556  0.00554767
        8493    -5.23989    -6.03546  0.00554781
        8494    -5.23807    -6.03537  0.00554795
        8495    -5.24181    -6.03528  0.00554808
        8496    -5.24484    -6.03518  0.00554821
        8497    -5.24292    -6.03509  0.00554834
        8498    -5.24363      -6.035  0.00554847
        8499    -5.24805     -6.0349  0.00554859
        8500    -5.24441    -6.03481  0.00554872
        8501    -5.23687    -6.03472  0.00554886
        8502    -5.23551    -6.03462    0.005549
        8503    -5.23557    -6.03453  0.00554914
        8504    -5.23852    -6.03444  0.00554928
        8505    -5.23617    -6.03434  0.00554942
        8506    -5.23656    -6.03425  0.00554956
        8507     -5.2375    -6.03415   0.0055497
        8508    -5.23649    -6.03406  0.00554984
        8509    -5.23082    -6.03397  0.00554999
        8510    -5.22689    -6.03387  0.00555015
        8511    -5.22395    -6.03378  0.00555031
        8512    -5.22899    -6.03368  0.00555046
        8513    -5.23375    -6.03359  0.00555061
        8514    -5.22865    -6.03349  0.00555076
        8515    -5.23336     -6.0334   0.0055509
        8516    -5.23248    -6.03331  0.00555105
        8517    -5.23149    -6.03321   0.0055512
        8518    -5.22882    -6.03312  0.00555135
        8519    -5.22702    -6.03302   0.0055515
        8520    -5.22467    -6.03293  0.00555166
        8521    -5.22811    -6.03283  0.00555181
        8522    -5.22629    -6.03274  0.00555197
        8523    -5.22363    -6.03264  0.00555213
        8524    -5.21621    -6.03255   0.0055523
        8525    -5.21907    -6.03245  0.00555247
        8526    -5.22144    -6.03236  0.00555263
        8527    -5.21987    -6.03226   0.0055528
        8528    -5.21897    -6.03217  0.00555297
        8529    -5.22025    -6.03207  0.00555313
        8530    -5.22433    -6.03198  0.00555329
        8531    -5.22474    -6.03188  0.00555345
        8532    -5.21902    -6.03179  0.00555361
        8533    -5.22123    -6.03169  0.00555377
        8534    -5.22456     -6.0316  0.00555393
        8535    -5.22234     -6.0315  0.00555409
        8536    -5.22446    -6.03141  0.00555424
        8537    -5.22064    -6.03131   0.0055544
        8538    -5.22113    -6.03122  0.00555456
        8539    -5.21598    -6.03112  0.00555473
        8540    -5.21155    -6.03103  0.00555491
        8541    -5.20872    -6.03093  0.00555509
        8542    -5.21426    -6.03083  0.00555527
        8543    -5.21141    -6.03074  0.00555544
        8544    -5.20857    -6.03064  0.00555563
        8545     -5.2133    -6.03055   0.0055558
        8546    -5.21196    -6.03045  0.00555598
        8547    -5.20581    -6.03035  0.00555616
        8548    -5.20044    -6.03026  0.00555636
        8549    -5.20423    -6.03016  0.00555655
        8550    -5.20174    -6.03006  0.00555675
        8551    -5.20314    -6.02997  0.00555694
        8552    -5.20818    -6.02987  0.00555712
        8553    -5.20772    -6.02977   0.0055573
        8554     -5.2008    -6.02968   0.0055575
        8555    -5.20904    -6.02958  0.00555767
        8556    -5.20704    -6.02949  0.00555786
        8557    -5.20521    -6.02939  0.00555804
        8558     -5.2083    -6.02929  0.00555822
        8559    -5.21124     -6.0292  0.00555839
        8560    -5.21024     -6.0291  0.00555857
        8561     -5.2062    -6.02901  0.00555875
        8562    -5.21089    -6.02891  0.00555892
        8563    -5.21479    -6.02882  0.00555908
        8564    -5.21098    -6.02872  0.00555925
        8565    -5.20842    -6.02862  0.00555943
        8566     -5.2088    -6.02853   0.0055596
        8567    -5.20174    -6.02843  0.00555979
        8568    -5.20569    -6.02834  0.00555997
        8569    -5.20166    -6.02824  0.00556016
        8570    -5.20079    -6.02814  0.00556035
        8571    -5.19927    -6.02805  0.00556054
        8572    -5.19824    -6.02795  0.00556074
        8573    -5.19573    -6.02785  0.00556094
        8574    -5.19537    -6.02776  0.00556113
        8575    -5.19639    -6.02766  0.00556133
        8576    -5.20117    -6.02756  0.00556152
        8577    -5.19942    -6.02747  0.00556171
        8578    -5.19722    -6.02737   0.0055619
        8579    -5.20207    -6.02727  0.00556208
        8580    -5.19728    -6.02718  0.00556228
        8581    -5.19498    -6.02708  0.00556248
        8582    -5.19493    -6.02698  0.00556267
        8583    -5.19734    -6.02689  0.00556286
        8584     -5.1962    -6.02679  0.00556306
        8585    -5.20314    -6.02669  0.00556324
        8586    -5.19886     -6.0266  0.00556342
        8587    -5.20137     -6.0265  0.00556361
        8588    -5.20258     -6.0264  0.00556379
        8589    -5.20003    -6.02631  0.00556397
        8590    -5.19503    -6.02621  0.00556416
        8591    -5.19599    -6.02611  0.00556435
        8592    -5.19517    -6.02602  0.00556455
        8593    -5.19275    -6.02592  0.00556474
        8594    -5.19424    -6.02582  0.00556494
        8595    -5.19448    -6.02573  0.00556513
        8596    -5.19248    -6.02563  0.00556533
        8597    -5.19588    -6.02553  0.00556552
        8598    -5.19761    -6.02544   0.0055657
        8599    -5.19937    -6.02534  0.00556589
        8600    -5.20057    -6.02525  0.00556606
        8601    -5.19561    -6.02515  0.00556625
        8602    -5.19341    -6.02505  0.00556645
        8603    -5.19377    -6.02496  0.00556664
        8604    -5.19304    -6.02486  0.00556683
        8605    -5.19036    -6.02476  0.00556703
        8606    -5.19272    -6.02467  0.00556722
        8607    -5.19142    -6.02457  0.00556741
        8608    -5.19131    -6.02447  0.00556761
        8609    -5.19236    -6.02438   0.0055678
        8610    -5.18933    -6.02428    0.005568
        8611    -5.18602    -6.02418   0.0055682
        8612     -5.1896    -6.02408   0.0055684
        8613    -5.18659    -6.02399   0.0055686
        8614    -5.18519    -6.02389  0.00556881
        8615    -5.18715    -6.02379  0.00556901
        8616     -5.1813    -6.02369  0.00556922
        8617    -5.18109     -6.0236  0.00556943
        8618     -5.1782     -6.0235  0.00556965
        8619    -5.17734     -6.0234  0.00556987
        8620    -5.17896     -6.0233  0.00557008
        8621    -5.17202     -6.0232  0.00557031
        8622    -5.17474    -6.02311  0.00557054
        8623    -5.18227    -6.02301  0.00557074
        8624    -5.18077    -6.02291  0.00557095
        8625      -5.186    -6.02281  0.00557115
        8626    -5.18932    -6.02272  0.00557135
        8627    -5.19495    -6.02262  0.00557153
        8628    -5.19963    -6.02253   0.0055717
        8629    -5.20197    -6.02243  0.00557186
        8630     -5.2034    -6.02234  0.00557202
        8631     -5.2077    -6.02224  0.00557218
        8632    -5.20444    -6.02215  0.00557234
        8633    -5.20171    -6.02205   0.0055725
        8634    -5.20108    -6.02196  0.00557267
        8635    -5.20041    -6.02186  0.00557284
        8636    -5.20183    -6.02177    0.005573
        8637     -5.1989    -6.02167  0.00557317
        8638     -5.2019    -6.02158  0.00557333
        8639    -5.20387    -6.02148  0.00557349
        8640    -5.20769    -6.02139  0.00557364
        8641    -5.20424    -6.02129   0.0055738
        8642     -5.2112     -6.0212  0.00557394
        8643      -5.212     -6.0211  0.00557408
        8644    -5.20567    -6.02101  0.00557424
        8645    -5.20681    -6.02092  0.00557439
        8646    -5.20973    -6.02082  0.00557453
        8647    -5.20529    -6.02073  0.00557468
        8648    -5.20658    -6.02063  0.00557483
        8649    -5.20074    -6.02054    0.005575
        8650    -5.19773    -6.02044  0.00557516
        8651    -5.19222    -6.02035  0.00557534
        8652    -5.18709    -6.02025  0.00557553
        8653    -5.18198    -6.02016  0.00557572
        8654     -5.1827    -6.02006  0.00557592
        8655    -5.18398    -6.01996  0.00557611
        8656    -5.18754    -6.01987   0.0055763
        8657    -5.19333    -6.01977  0.00557647
        8658    -5.19567    -6.01967  0.00557664
        8659    -5.19406    -6.01958  0.00557681
        8660    -5.20179    -6.01949  0.00557697
        8661    -5.20612    -6.01939  0.00557711
        8662    -5.20626     -6.0193  0.00557726
        8663    -5.20399     -6.0192  0.00557741
        8664    -5.20468    -6.01911  0.00557756
        8665    -5.21009    -6.01902  0.00557769
        8666     -5.2169    -6.01892  0.00557782
        8667    -5.20946    -6.01883  0.00557796
        8668    -5.20928    -6.01874   0.0055781
        8669    -5.20516    -6.01864  0.00557824
        8670    -5.20792    -6.01855  0.00557838
        8671    -5.20456    -6.01846  0.00557853
        8672    -5.20642    -6.01836  0.00557867
        8673    -5.20485    -6.01827  0.00557882
        8674    -5.20266    -6.01817  0.00557897
        8675    -5.20161    -6.01808  0.00557912
        8676    -5.20188    -6.01799  0.00557927
        8677    -5.19508    -6.01789  0.00557943
        8678    -5.19513     -6.0178  0.00557959
        8679    -5.19916     -6.0177  0.00557975
        8680     -5.1999    -6.01761   0.0055799
        8681    -5.19016    -6.01751  0.00558007
        8682    -5.18681    -6.01742  0.00558025
        8683    -5.18495    -6.01732  0.00558043
        8684     -5.1866    -6.01722  0.00558061
        8685    -5.18953    -6.01713  0.00558078
        8686    -5.18106    -6.01703  0.00558096
        8687    -5.18186    -6.01694  0.00558115
        8688    -5.17839    -6.01684  0.00558134
        8689    -5.17576    -6.01674  0.00558154
        8690    -5.17501    -6.01665  0.00558174
        8691    -5.17517    -6.01655  0.00558193
        8692    -5.17217    -6.01645  0.00558214
        8693    -5.17234    -6.01636  0.00558234
        8694    -5.17556    -6.01626  0.00558254
        8695    -5.17682    -6.01616  0.00558273
        8696    -5.17348    -6.01607  0.00558293
        8697     -5.1725    -6.01597  0.00558313
        8698    -5.17629    -6.01587  0.00558332
        8699    -5.17489    -6.01578  0.00558352
        8700    -5.17197    -6.01568  0.00558372
        8701    -5.17306    -6.01558  0.00558391
        8702    -5.17547    -6.01549  0.00558411
        8703    -5.18195    -6.01539  0.00558429
        8704    -5.17969    -6.01529  0.00558447
        8705    -5.17669     -6.0152  0.00558466
        8706    -5.17231     -6.0151  0.00558486
        8707    -5.17068      -6.015  0.00558506
        8708    -5.16756    -6.01491  0.00558526
        8709    -5.16445    -6.01481  0.00558548
        8710    -5.16557    -6.01471  0.00558569
        8711    -5.16307    -6.01461   0.0055859
        8712    -5.17315    -6.01452  0.00558609
        8713    -5.17327    -6.01442  0.00558629
        8714    -5.17516    -6.01432  0.00558648
        8715     -5.1773    -6.01423  0.00558666
        8716    -5.17848    -6.01413  0.00558684
        8717    -5.17961    -6.01404  0.00558702
        8718    -5.17661    -6.01394  0.00558721
        8719     -5.1744    -6.01384   0.0055874
        8720    -5.17531    -6.01375  0.00558758
        8721    -5.17939    -6.01365  0.00558776
        8722    -5.17324    -6.01356  0.00558795
        8723    -5.16847    -6.01346  0.00558815
        8724    -5.17038    -6.01336  0.00558835
        8725     -5.1706    -6.01327  0.00558854
        8726    -5.16805    -6.01317  0.00558874
        8727    -5.17146    -6.01307  0.00558893
        8728    -5.16748    -6.01298  0.00558913
        8729    -5.16686    -6.01288  0.00558933
        8730    -5.16602    -6.01278  0.00558953
        8731    -5.16234    -6.01268  0.00558974
        8732    -5.16468    -6.01259  0.00558994
        8733    -5.17042    -6.01249  0.00559013
        8734    -5.16877    -6.01239  0.00559033
        8735     -5.1668     -6.0123  0.00559053
        8736    -5.16996     -6.0122  0.00559072
        8737    -5.16923     -6.0121  0.00559091
        8738    -5.17425    -6.01201  0.00559109
        8739    -5.17867    -6.01191  0.00559127
        8740    -5.18296    -6.01182  0.00559143
        8741    -5.18248    -6.01172   0.0055916
        8742    -5.18351    -6.01163  0.00559176
        8743    -5.18238    -6.01153  0.00559192
        8744    -5.18243    -6.01144  0.00559209
        8745    -5.18429    -6.01134  0.00559225
        8746    -5.18683    -6.01125   0.0055924
        8747    -5.19325    -6.01116  0.00559255
        8748    -5.19404    -6.01106  0.00559269
        8749    -5.19201    -6.01097  0.00559283
        8750    -5.19578    -6.01088  0.00559297
        8751    -5.19996    -6.01078   0.0055931
        8752     -5.2061    -6.01069  0.00559321
        8753    -5.20557     -6.0106  0.00559333
        8754    -5.20163    -6.01051  0.00559346
        8755     -5.2008    -6.01041  0.00559358
        8756    -5.20296    -6.01032   0.0055937
        8757    -5.19978    -6.01023  0.00559383
        8758    -5.20099    -6.01014  0.00559395
        8759    -5.20358    -6.01005  0.00559407
        8760    -5.20617    -6.00995  0.00559419
        8761    -5.20669    -6.00986   0.0055943
        8762     -5.2015    -6.00977  0.00559442
        8763    -5.20493    -6.00968  0.00559454
        8764    -5.20445    -6.00959  0.00559465
        8765     -5.2049    -6.00949  0.00559477
        8766     -5.2041     -6.0094  0.00559488
        8767    -5.20364    -6.00931    0.005595
        8768    -5.20359    -6.00922  0.00559512
        8769    -5.20851    -6.00913  0.00559522
        8770    -5.20235    -6.00904  0.00559534
        8771     -5.2016    -6.00894  0.00559546
        8772    -5.19676    -6.00885  0.00559559
        8773    -5.19859    -6.00876  0.00559571
        8774    -5.19775    -6.00867  0.00559584
        8775    -5.19563    -6.00857  0.00559597
        8776    -5.19126    -6.00848  0.00559611
        8777     -5.1945    -6.00839  0.00559624
        8778    -5.19101    -6.00829  0.00559637
        8779    -5.18732     -6.0082  0.00559652
        8780    -5.19642    -6.00811  0.00559664
        8781    -5.18994    -6.00801  0.00559678
        8782    -5.19224    -6.00792  0.00559692
        8783    -5.19205    -6.00783  0.00559705
        8784    -5.19253    -6.00774  0.00559718
        8785    -5.19772    -6.00764   0.0055973
        8786    -5.20042    -6.00755  0.00559742
        8787    -5.20633    -6.00746  0.00559753
        8788     -5.2081    -6.00737  0.00559763
        8789    -5.21029    -6.00728  0.00559773
        8790    -5.20691    -6.00719  0.00559783
        8791    -5.20578     -6.0071  0.00559794
        8792    -5.20564    -6.00701  0.00559804
        8793    -5.20551    -6.00691  0.00559815
        8794     -5.2072    -6.00682  0.00559825
        8795    -5.20923    -6.00673  0.00559835
        8796    -5.20829    -6.00664  0.00559845
        8797    -5.20615    -6.00655  0.00559855
        8798    -5.20297    -6.00646  0.00559866
        8799    -5.19729    -6.00637  0.00559878
        8800    -5.19478    -6.00628   0.0055989
        8801    -5.19159    -6.00618  0.00559903
        8802    -5.19513    -6.00609  0.00559915
        8803    -5.19582      -6.006  0.00559927
        8804    -5.19429    -6.00591  0.00559939
        8805    -5.19505    -6.00581  0.00559952
        8806    -5.19245    -6.00572  0.00559964
        8807    -5.19808    -6.00563  0.00559976
        8808    -5.19517    -6.00554  0.00559988
        8809    -5.19024    -6.00545  0.00560001
        8810    -5.19339    -6.00535  0.00560013
        8811    -5.19453    -6.00526  0.00560025
        8812    -5.19834    -6.00517  0.00560036
        8813    -5.20007    -6.00508  0.00560047
        8814      -5.194    -6.00499  0.00560059
        8815    -5.19145    -6.00489  0.00560072
        8816    -5.18768     -6.0048  0.00560085
        8817    -5.18845    -6.00471  0.00560098
        8818     -5.1872    -6.00462  0.00560111
        8819    -5.18591    -6.00452  0.00560125
        8820    -5.18887    -6.00443  0.00560137
        8821    -5.19015    -6.00434   0.0056015
        8822    -5.19484    -6.00425  0.00560162
        8823    -5.19235    -6.00416  0.00560174
        8824    -5.19418    -6.00406  0.00560185
        8825    -5.19442    -6.00397  0.00560197
        8826    -5.19514    -6.00388  0.00560209
        8827    -5.19117    -6.00379  0.00560221
        8828    -5.19133     -6.0037  0.00560233
        8829    -5.18336     -6.0036  0.00560246
        8830    -5.18617    -6.00351  0.00560259
        8831     -5.1787    -6.00342  0.00560274
        8832    -5.17711    -6.00332  0.00560289
        8833    -5.17829    -6.00323  0.00560303
        8834    -5.17395    -6.00314  0.00560318
        8835    -5.16868    -6.00304  0.00560334
        8836    -5.16641    -6.00295  0.00560351
        8837    -5.17049    -6.00285  0.00560367
        8838    -5.16455    -6.00276  0.00560384
        8839     -5.1615    -6.00266  0.00560401
        8840    -5.16706    -6.00257  0.00560417
        8841    -5.16494    -6.00247  0.00560434
        8842    -5.16925    -6.00238   0.0056045
        8843    -5.16769    -6.00229  0.00560466
        8844    -5.17175    -6.00219  0.00560481
        8845    -5.16804     -6.0021  0.00560497
        8846    -5.16651      -6.002  0.00560513
        8847    -5.16832    -6.00191  0.00560529
        8848    -5.17114    -6.00181  0.00560545
        8849    -5.16981    -6.00172   0.0056056
        8850     -5.1758    -6.00163  0.00560574
        8851    -5.17445    -6.00153  0.00560589
        8852    -5.17396    -6.00144  0.00560604
        8853    -5.16788    -6.00135  0.00560619
        8854    -5.16796    -6.00125  0.00560635
        8855    -5.17375    -6.00116   0.0056065
        8856    -5.17329    -6.00106  0.00560664
        8857    -5.17046    -6.00097  0.00560679
        8858    -5.16693    -6.00088  0.00560695
        8859     -5.1683    -6.00078  0.00560711
        8860    -5.16663    -6.00069  0.00560726
        8861      -5.167    -6.00059  0.00560742
        8862    -5.16196     -6.0005  0.00560759
        8863    -5.16466    -6.00041  0.00560775
        8864    -5.16815    -6.00031   0.0056079
        8865    -5.16736    -6.00022  0.00560805
        8866    -5.16223    -6.00012  0.00560822
        8867      -5.167    -6.00003  0.00560837
        8868    -5.16294    -5.99993  0.00560853
        8869     -5.1627    -5.99984   0.0056087
        8870    -5.16145    -5.99975  0.00560886
        8871    -5.16034    -5.99965  0.00560903
        8872    -5.16235    -5.99956  0.00560919
        8873    -5.16172    -5.99946  0.00560935
        8874     -5.1616    -5.99937  0.00560951
        8875     -5.1583    -5.99927  0.00560968
        8876    -5.15736    -5.99918  0.00560985
        8877    -5.15959    -5.99908  0.00561002
        8878    -5.15611    -5.99899  0.00561019
        8879    -5.15518    -5.99889  0.00561036
        8880    -5.16097     -5.9988  0.00561052
        8881    -5.16299    -5.99871  0.00561068
        8882    -5.16947    -5.99861  0.00561082
        8883    -5.17387    -5.99852  0.00561096
        8884    -5.17459    -5.99843   0.0056111
        8885    -5.17483    -5.99833  0.00561123
        8886    -5.17551    -5.99824  0.00561136
        8887     -5.1687    -5.99815  0.00561151
        8888    -5.16911    -5.99805  0.00561165
        8889    -5.17452    -5.99796  0.00561178
        8890    -5.17339    -5.99787  0.00561192
        8891    -5.18012    -5.99778  0.00561204
        8892    -5.18359    -5.99769  0.00561216
        8893    -5.17973    -5.99759  0.00561228
        8894    -5.17483     -5.9975  0.00561241
        8895    -5.17525    -5.99741  0.00561254
        8896    -5.18008    -5.99732  0.00561266
        8897    -5.18538    -5.99723  0.00561277
        8898    -5.18816    -5.99713  0.00561288
        8899    -5.19074    -5.99704  0.00561298
        8900    -5.19013    -5.99695  0.00561308
        8901    -5.19204    -5.99686  0.00561318
        8902    -5.19358    -5.99677  0.00561327
        8903    -5.19362    -5.99668  0.00561337
        8904    -5.19168    -5.99659  0.00561347
        8905    -5.19694     -5.9965  0.00561355
        8906    -5.19202    -5.99641  0.00561365
        8907    -5.19282    -5.99632  0.00561375
        8908    -5.19461    -5.99623  0.00561384
        8909    -5.18859    -5.99614  0.00561394
        8910    -5.18821    -5.99605  0.00561404
        8911    -5.18779    -5.99596  0.00561414
        8912     -5.1852    -5.99587  0.00561425
        8913    -5.18918    -5.99578  0.00561435
        8914    -5.19089    -5.99569  0.00561445
        8915    -5.18717     -5.9956  0.00561455
        8916    -5.18496    -5.99551  0.00561466
        8917    -5.18215    -5.99542  0.00561477
        8918    -5.18405    -5.99532  0.00561487
        8919    -5.18678    -5.99523  0.00561498
        8920    -5.19141    -5.99514  0.00561507
        8921    -5.18345    -5.99505  0.00561518
        8922    -5.17965    -5.99496  0.00561529
        8923    -5.17738    -5.99487  0.00561541
        8924    -5.18338    -5.99478  0.00561552
        8925    -5.18069    -5.99469  0.00561563
        8926    -5.18275     -5.9946  0.00561574
        8927    -5.18439    -5.99451  0.00561584
        8928    -5.18594    -5.99441  0.00561594
        8929    -5.18227    -5.99432  0.00561605
        8930    -5.17816    -5.99423  0.00561616
        8931    -5.18234    -5.99414  0.00561627
        8932    -5.18002    -5.99405  0.00561638
        8933    -5.17889    -5.99396  0.00561649
        8934    -5.18193    -5.99387   0.0056166
        8935    -5.17453    -5.99378  0.00561672
        8936     -5.1763    -5.99369  0.00561684
        8937    -5.17537    -5.99359  0.00561696
        8938    -5.17683     -5.9935  0.00561707
        8939    -5.18177    -5.99341  0.00561718
        8940    -5.18659    -5.99332  0.00561727
        8941    -5.18616    -5.99323  0.00561737
        8942     -5.1893    -5.99314  0.00561746
        8943    -5.18941    -5.99305  0.00561755
        8944    -5.18811    -5.99296  0.00561764
        8945    -5.19135    -5.99287  0.00561773
        8946    -5.18869    -5.99278  0.00561782
        8947    -5.18553    -5.99269  0.00561792
        8948     -5.1846     -5.9926  0.00561802
        8949    -5.18682    -5.99251  0.00561811
        8950    -5.18464    -5.99242  0.00561821
        8951    -5.19006    -5.99233   0.0056183
        8952    -5.19132    -5.99224  0.00561838
        8953    -5.19552    -5.99215  0.00561846
        8954    -5.19227    -5.99206  0.00561854
        8955     -5.1937    -5.99197  0.00561862
        8956    -5.19369    -5.99189   0.0056187
        8957    -5.19963     -5.9918  0.00561877
        8958    -5.19329    -5.99171  0.00561885
        8959    -5.19303    -5.99162  0.00561893
        8960    -5.19548    -5.99153    0.005619
        8961    -5.19213    -5.99144  0.00561908
        8962    -5.19296    -5.99135  0.00561916
        8963    -5.19864    -5.99126  0.00561923
        8964    -5.20049    -5.99117   0.0056193
        8965    -5.19843    -5.99109  0.00561937
        8966    -5.19512      -5.991  0.00561944
        8967    -5.19441    -5.99091  0.00561952
        8968    -5.19045    -5.99082   0.0056196
        8969    -5.19582    -5.99073  0.00561967
        8970    -5.19485    -5.99064  0.00561975
        8971    -5.19298    -5.99055  0.00561982
        8972    -5.18973    -5.99046  0.00561991
        8973    -5.19179    -5.99037  0.00561998
        8974    -5.19125    -5.99029  0.00562006
        8975    -5.19213     -5.9902  0.00562014
        8976    -5.19748    -5.99011  0.00562021
        8977     -5.1927    -5.99002  0.00562028
        8978    -5.18706    -5.98993  0.00562037
        8979    -5.19049    -5.98984  0.00562045
        8980     -5.1873    -5.98975  0.00562053
        8981    -5.18773    -5.98966  0.00562062
        8982    -5.18275    -5.98957  0.00562071
        8983    -5.17564    -5.98948  0.00562081
        8984    -5.17225    -5.98939  0.00562092
        8985    -5.17316     -5.9893  0.00562103
        8986    -5.16455    -5.98921  0.00562116
        8987    -5.16646    -5.98912  0.00562128
        8988    -5.16632    -5.98903   0.0056214
        8989    -5.16689    -5.98893  0.00562151
        8990    -5.17908    -5.98884  0.00562161
        8991    -5.17651    -5.98875  0.00562171
        8992    -5.17345    -5.98866  0.00562182
        8993     -5.1846    -5.98857   0.0056219
        8994    -5.18621    -5.98848  0.00562199
        8995    -5.18548    -5.98839  0.00562207
        8996    -5.18579    -5.98831  0.00562215
        8997    -5.18177    -5.98822  0.00562224
        8998    -5.17681    -5.98813  0.00562234
        8999    -5.17615    -5.98804  0.00562244
        9000    -5.17598    -5.98795  0.00562254
        9001    -5.17692    -5.98786  0.00562264
        9002    -5.17552    -5.98777  0.00562274
        9003    -5.18202    -5.98768  0.00562282
        9004    -5.17924    -5.98759  0.00562292
        9005     -5.1795     -5.9875  0.00562301
        9006    -5.17999    -5.98741   0.0056231
        9007    -5.18322    -5.98732  0.00562318
        9008    -5.18287    -5.98723  0.00562327
        9009    -5.18422    -5.98714  0.00562335
        9010    -5.17804    -5.98705  0.00562344
        9011    -5.17634    -5.98696  0.00562354
        9012    -5.18061    -5.98687  0.00562363
        9013    -5.17846    -5.98678  0.00562372
        9014    -5.17857    -5.98669  0.00562381
        9015    -5.17512     -5.9866   0.0056239
        9016    -5.17616    -5.98651    0.005624
        9017    -5.17459    -5.98642   0.0056241
        9018    -5.16499    -5.98633  0.00562421
        9019    -5.16988    -5.98624  0.00562432
        9020    -5.17134    -5.98615  0.00562442
        9021    -5.17496    -5.98606  0.00562451
        9022    -5.18004    -5.98597   0.0056246
        9023    -5.17908    -5.98588  0.00562469
        9024    -5.17426    -5.98579  0.00562478
        9025    -5.17672     -5.9857  0.00562487
        9026    -5.17297    -5.98561  0.00562497
        9027    -5.17746    -5.98552  0.00562506
        9028    -5.18076    -5.98543  0.00562514
        9029    -5.18325    -5.98534  0.00562522
        9030    -5.17921    -5.98525  0.00562531
        9031    -5.17668    -5.98516   0.0056254
        9032    -5.17472    -5.98507  0.00562549
        9033    -5.17515    -5.98498  0.00562558
        9034    -5.17443    -5.98489  0.00562567
        9035     -5.1778    -5.98481  0.00562576
        9036    -5.17953    -5.98472  0.00562584
        9037    -5.18576    -5.98463  0.00562592
        9038    -5.19161    -5.98454  0.00562598
        9039    -5.18972    -5.98445  0.00562604
        9040    -5.19056    -5.98436   0.0056261
        9041    -5.19115    -5.98428  0.00562617
        9042    -5.18952    -5.98419  0.00562623
        9043    -5.19496     -5.9841  0.00562629
        9044    -5.19926    -5.98401  0.00562633
        9045    -5.19551    -5.98393  0.00562639
        9046    -5.19246    -5.98384  0.00562644
        9047    -5.19024    -5.98375  0.00562651
        9048    -5.18609    -5.98366  0.00562657
        9049    -5.19123    -5.98358  0.00562663
        9050    -5.19133    -5.98349  0.00562669
        9051    -5.18869     -5.9834  0.00562676
        9052    -5.19005    -5.98331  0.00562682
        9053    -5.19213    -5.98323  0.00562688
        9054    -5.19438    -5.98314  0.00562693
        9055    -5.19091    -5.98305  0.00562699
        9056    -5.19288    -5.98296  0.00562704
        9057    -5.19695    -5.98288  0.00562709
        9058    -5.19868    -5.98279  0.00562713
        9059    -5.19417     -5.9827  0.00562719
        9060    -5.19637    -5.98262  0.00562724
        9061     -5.1999    -5.98253  0.00562728
        9062    -5.20051    -5.98244  0.00562732
        9063    -5.20647    -5.98236  0.00562735
        9064    -5.21117    -5.98227  0.00562737
        9065    -5.20632    -5.98219   0.0056274
        9066    -5.21122     -5.9821  0.00562742
        9067    -5.21426    -5.98202  0.00562744
        9068    -5.21093    -5.98193  0.00562746
        9069    -5.20787    -5.98185  0.00562749
        9070    -5.20604    -5.98176  0.00562752
        9071     -5.2083    -5.98168  0.00562754
        9072    -5.21142    -5.98159  0.00562756
        9073    -5.21049    -5.98151  0.00562758
        9074    -5.21285    -5.98142   0.0056276
        9075    -5.20888    -5.98134  0.00562763
        9076    -5.20886    -5.98125  0.00562765
        9077    -5.20967    -5.98117  0.00562767
        9078    -5.20892    -5.98108  0.00562769
        9079    -5.20906      -5.981  0.00562772
        9080     -5.2081    -5.98091  0.00562774
        9081    -5.20749    -5.98083  0.00562777
        9082    -5.20995    -5.98074  0.00562779
        9083    -5.21031    -5.98066   0.0056278
        9084    -5.21429    -5.98057  0.00562782
        9085    -5.21134    -5.98049  0.00562784
        9086    -5.21045     -5.9804  0.00562785
        9087    -5.21257    -5.98032  0.00562787
        9088    -5.21086    -5.98023  0.00562789
        9089    -5.20824    -5.98015  0.00562791
        9090    -5.20948    -5.98006  0.00562793
        9091    -5.21582    -5.97998  0.00562794
        9092    -5.21622     -5.9799  0.00562794
        9093    -5.21752    -5.97981  0.00562795
        9094    -5.21829    -5.97973  0.00562795
        9095    -5.21914    -5.97964  0.00562796
        9096    -5.22181    -5.97956  0.00562795
        9097    -5.22548    -5.97948  0.00562795
        9098    -5.22719     -5.9794  0.00562793
        9099    -5.22763    -5.97931  0.00562792
        9100    -5.22475    -5.97923  0.00562792
        9101    -5.22742    -5.97915   0.0056279
        9102    -5.22223    -5.97906   0.0056279
        9103    -5.22045    -5.97898   0.0056279
        9104    -5.22158     -5.9789  0.00562789
        9105    -5.22156    -5.97882  0.00562789
        9106    -5.22288    -5.97873  0.00562789
        9107     -5.2205    -5.97865  0.00562788
        9108    -5.22424    -5.97857  0.00562787
        9109    -5.22102    -5.97848  0.00562787
        9110    -5.22286     -5.9784  0.00562786
        9111    -5.22125    -5.97832  0.00562786
        9112    -5.22104    -5.97823  0.00562786
        9113    -5.21977    -5.97815  0.00562785
        9114    -5.22575    -5.97807  0.00562784
        9115    -5.22768    -5.97799  0.00562783
        9116    -5.22717     -5.9779  0.00562781
        9117    -5.22962    -5.97782  0.00562779
        9118    -5.22831    -5.97774  0.00562778
        9119     -5.2291    -5.97766  0.00562776
        9120    -5.22717    -5.97757  0.00562774
        9121    -5.22746    -5.97749  0.00562773
        9122    -5.23089    -5.97741   0.0056277
        9123    -5.23448    -5.97733  0.00562768
        9124    -5.23358    -5.97725  0.00562765
        9125    -5.23766    -5.97717  0.00562762
        9126    -5.23605    -5.97709  0.00562759
        9127      -5.232      -5.977  0.00562756
        9128    -5.24081    -5.97692  0.00562752
        9129    -5.24308    -5.97684  0.00562748
        9130    -5.24381    -5.97676  0.00562744
        9131     -5.2429    -5.97668   0.0056274
        9132    -5.24452     -5.9766  0.00562735
        9133    -5.24658    -5.97652   0.0056273
        9134    -5.24613    -5.97644  0.00562725
        9135    -5.24098    -5.97636  0.00562721
        9136    -5.24441    -5.97628  0.00562717
        9137    -5.24997     -5.9762  0.00562711
        9138    -5.25194    -5.97612  0.00562706
        9139    -5.24616    -5.97604  0.00562701
        9140    -5.25126    -5.97596  0.00562695
        9141    -5.24805    -5.97588   0.0056269
        9142    -5.24726     -5.9758  0.00562685
        9143    -5.24922    -5.97572  0.00562679
        9144    -5.24562    -5.97564  0.00562674
        9145    -5.24532    -5.97556   0.0056267
        9146    -5.24638    -5.97548  0.00562664
        9147    -5.24848    -5.97541  0.00562659
        9148    -5.24904    -5.97533  0.00562654
        9149    -5.24705    -5.97525  0.00562648
        9150    -5.24487    -5.97517  0.00562644
        9151    -5.24761    -5.97509  0.00562638
        9152    -5.25213    -5.97501  0.00562632
        9153    -5.25482    -5.97493  0.00562626
        9154    -5.25727    -5.97485  0.00562619
        9155    -5.25608    -5.97477  0.00562612
        9156    -5.25488    -5.97469  0.00562606
        9157    -5.25274    -5.97462    0.005626
        9158    -5.24723    -5.97454  0.00562594
        9159    -5.24708    -5.97446  0.00562589
        9160     -5.2551    -5.97438  0.00562582
        9161    -5.25666     -5.9743  0.00562575
        9162    -5.25527    -5.97422  0.00562569
        9163    -5.25916    -5.97414  0.00562561
        9164    -5.26132    -5.97407  0.00562554
        9165    -5.26173    -5.97399  0.00562546
        9166    -5.26238    -5.97391  0.00562538
        9167    -5.25845    -5.97383  0.00562531
        9168    -5.25855    -5.97375  0.00562524
        9169    -5.25701    -5.97368  0.00562517
        9170    -5.26163     -5.9736  0.00562509
        9171    -5.26448    -5.97352  0.00562501
        9172    -5.26391    -5.97344  0.00562493
        9173    -5.26899    -5.97337  0.00562484
        9174    -5.26572    -5.97329  0.00562475
        9175    -5.26595    -5.97321  0.00562467
        9176    -5.26324    -5.97313  0.00562459
        9177    -5.25995    -5.97306  0.00562451
        9178    -5.26046    -5.97298  0.00562443
        9179    -5.26136     -5.9729  0.00562436
        9180    -5.26382    -5.97282  0.00562427
        9181    -5.26142    -5.97275   0.0056242
        9182     -5.2583    -5.97267  0.00562412
        9183    -5.25842    -5.97259  0.00562405
        9184       -5.26    -5.97251  0.00562397
        9185    -5.26047    -5.97244  0.00562389
        9186    -5.25956    -5.97236  0.00562381
        9187    -5.26092    -5.97228  0.00562374
        9188    -5.26474     -5.9722  0.00562365
        9189    -5.26444    -5.97213  0.00562357
        9190    -5.26474    -5.97205  0.00562348
        9191    -5.26785    -5.97197  0.00562339
        9192     -5.2679     -5.9719   0.0056233
        9193    -5.27537    -5.97182   0.0056232
        9194    -5.26991    -5.97175  0.00562311
        9195     -5.2677    -5.97167  0.00562302
        9196    -5.26642    -5.97159  0.00562293
        9197     -5.2657    -5.97152  0.00562284
        9198    -5.26405    -5.97144  0.00562275
        9199    -5.26407    -5.97136  0.00562267
        9200    -5.26464    -5.97128  0.00562258
        9201    -5.26615    -5.97121  0.00562249
        9202    -5.26379    -5.97113  0.00562241
        9203    -5.26366    -5.97105  0.00562232
        9204    -5.26777    -5.97098  0.00562223
        9205    -5.27012     -5.9709  0.00562214
        9206    -5.26835    -5.97083  0.00562204
        9207    -5.26675    -5.97075  0.00562195
        9208     -5.2607    -5.97067  0.00562187
        9209     -5.2564    -5.97059   0.0056218
        9210    -5.25565    -5.97052  0.00562172
        9211    -5.25963    -5.97044  0.00562164
        9212    -5.26061    -5.97036  0.00562156
        9213    -5.26096    -5.97029  0.00562148
        9214    -5.26529    -5.97021  0.00562139
        9215    -5.26182    -5.97013   0.0056213
        9216    -5.26134    -5.97005  0.00562122
        9217    -5.26501    -5.96998  0.00562113
        9218    -5.26396     -5.9699  0.00562104
        9219     -5.2613    -5.96982  0.00562096
        9220    -5.25687    -5.96975  0.00562088
        9221    -5.25683    -5.96967   0.0056208
        9222    -5.25502    -5.96959  0.00562072
        9223    -5.25585    -5.96952  0.00562065
        9224    -5.25391    -5.96944  0.00562057
        9225    -5.25783    -5.96936  0.00562049
        9226    -5.25981    -5.96928  0.00562041
        9227    -5.26136    -5.96921  0.00562033
        9228    -5.25935    -5.96913  0.00562024
        9229    -5.25888    -5.96905  0.00562016
        9230    -5.26117    -5.96898  0.00562008
        9231    -5.26297     -5.9689  0.00561999
        9232     -5.2709    -5.96882  0.00561989
        9233    -5.26837    -5.96875  0.00561979
        9234    -5.26551    -5.96867   0.0056197
        9235    -5.26095     -5.9686  0.00561961
        9236    -5.26358    -5.96852  0.00561952
        9237    -5.25734    -5.96844  0.00561944
        9238    -5.25471    -5.96837  0.00561936
        9239    -5.25825    -5.96829  0.00561928
        9240    -5.25694    -5.96821   0.0056192
        9241    -5.25726    -5.96813  0.00561912
        9242    -5.26212    -5.96806  0.00561903
        9243    -5.25602    -5.96798  0.00561895
        9244    -5.25673     -5.9679  0.00561887
        9245    -5.26048    -5.96783  0.00561878
        9246    -5.25826    -5.96775   0.0056187
        9247    -5.26276    -5.96767  0.00561861
        9248    -5.26099     -5.9676  0.00561852
        9249    -5.26212    -5.96752  0.00561843
        9250    -5.26464    -5.96745  0.00561834
        9251    -5.26758    -5.96737  0.00561824
        9252    -5.27403     -5.9673  0.00561813
        9253    -5.28005    -5.96722  0.00561801
        9254    -5.27997    -5.96715   0.0056179
        9255    -5.27775    -5.96707  0.00561779
        9256    -5.27701      -5.967  0.00561767
        9257     -5.2803    -5.96692  0.00561756
        9258    -5.28031    -5.96685  0.00561744
        9259    -5.28271    -5.96678  0.00561732
        9260    -5.28586     -5.9667  0.00561719
        9261    -5.28571    -5.96663  0.00561707
        9262    -5.28794    -5.96656  0.00561694
        9263    -5.28179    -5.96648  0.00561682
        9264    -5.28108    -5.96641   0.0056167
        9265    -5.28106    -5.96633  0.00561658
        9266    -5.27787    -5.96626  0.00561647
        9267     -5.2813    -5.96618  0.00561635
        9268    -5.27591    -5.96611  0.00561623
        9269    -5.27436    -5.96604  0.00561612
        9270    -5.27606    -5.96596  0.00561601
        9271    -5.28319    -5.96589  0.00561589
        9272    -5.28302    -5.96581  0.00561577
        9273    -5.27887    -5.96574  0.00561565
        9274     -5.2838    -5.96567  0.00561552
        9275    -5.28014    -5.96559  0.00561541
        9276    -5.28167    -5.96552  0.00561528
        9277    -5.27823    -5.96544  0.00561517
        9278    -5.27309    -5.96537  0.00561506
        9279    -5.27395     -5.9653  0.00561495
        9280    -5.27032    -5.96522  0.00561484
        9281    -5.27038    -5.96515  0.00561474
        9282    -5.27004    -5.96507  0.00561463
        9283    -5.26567      -5.965  0.00561453
        9284    -5.26554    -5.96492  0.00561443
        9285    -5.26461    -5.96484  0.00561433
        9286    -5.27057    -5.96477  0.00561423
        9287    -5.26968     -5.9647  0.00561412
        9288    -5.26937    -5.96462  0.00561402
        9289    -5.26794    -5.96455  0.00561391
        9290    -5.26144    -5.96447  0.00561382
        9291    -5.26145    -5.96439  0.00561372
        9292    -5.26368    -5.96432  0.00561363
        9293    -5.25553    -5.96424  0.00561354
        9294    -5.25497    -5.96417  0.00561346
        9295    -5.25695    -5.96409  0.00561337
        9296    -5.25956    -5.96401  0.00561327
        9297    -5.26137    -5.96394  0.00561318
        9298    -5.25786    -5.96386  0.00561309
        9299    -5.25874    -5.96379    0.005613
        9300    -5.25612    -5.96371  0.00561291
        9301    -5.25489    -5.96363  0.00561282
        9302    -5.25356    -5.96356  0.00561274
        9303    -5.25405    -5.96348  0.00561265
        9304    -5.25491    -5.96341  0.00561257
        9305    -5.24824    -5.96333  0.00561249
        9306    -5.25071    -5.96325  0.00561241
        9307    -5.25804    -5.96318  0.00561232
        9308    -5.25778     -5.9631  0.00561223
        9309    -5.25903    -5.96303  0.00561213
        9310    -5.25692    -5.96295  0.00561204
        9311    -5.25973    -5.96287  0.00561195
        9312    -5.25833     -5.9628  0.00561186
        9313    -5.25344    -5.96272  0.00561177
        9314    -5.25001    -5.96265  0.00561169
        9315    -5.25556    -5.96257   0.0056116
        9316    -5.25067    -5.96249  0.00561152
        9317    -5.25314    -5.96242  0.00561143
        9318    -5.24935    -5.96234  0.00561135
        9319     -5.2451    -5.96226  0.00561128
        9320    -5.24773    -5.96219   0.0056112
        9321    -5.24942    -5.96211  0.00561112
        9322    -5.24685    -5.96203  0.00561104
        9323     -5.2452    -5.96196  0.00561097
        9324    -5.24475    -5.96188  0.00561089
        9325    -5.25007     -5.9618  0.00561081
        9326    -5.24863    -5.96173  0.00561073
        9327     -5.2441    -5.96165  0.00561066
        9328    -5.24378    -5.96157  0.00561058
        9329     -5.2424     -5.9615  0.00561051
        9330    -5.24059    -5.96142  0.00561044
        9331    -5.24113    -5.96134  0.00561037
        9332    -5.23726    -5.96126  0.00561031
        9333    -5.23193    -5.96119  0.00561025
        9334    -5.23418    -5.96111  0.00561019
        9335    -5.23085    -5.96103  0.00561013
        9336    -5.23618    -5.96095  0.00561007
        9337    -5.23699    -5.96087     0.00561
        9338    -5.23808     -5.9608  0.00560994
        9339     -5.2421    -5.96072  0.00560986
        9340    -5.24044    -5.96064  0.00560979
        9341    -5.23638    -5.96057  0.00560973
        9342    -5.23339    -5.96049  0.00560967
        9343    -5.22701    -5.96041  0.00560962
        9344    -5.22674    -5.96033  0.00560957
        9345    -5.23343    -5.96025  0.00560951
        9346    -5.23712    -5.96018  0.00560944
        9347    -5.22986     -5.9601  0.00560938
        9348    -5.23025    -5.96002  0.00560933
        9349    -5.22924    -5.95994  0.00560927
        9350    -5.23055    -5.95986  0.00560921
        9351     -5.2347    -5.95979  0.00560915
        9352    -5.23172    -5.95971  0.00560909
        9353    -5.23199    -5.95963  0.00560903
        9354    -5.22716    -5.95955  0.00560898
        9355    -5.22838    -5.95947  0.00560892
        9356    -5.22866     -5.9594  0.00560887
        9357    -5.22122    -5.95932  0.00560882
        9358    -5.21943    -5.95924  0.00560878
        9359    -5.22066    -5.95916  0.00560873
        9360    -5.22498    -5.95908  0.00560868
        9361    -5.22142      -5.959  0.00560864
        9362    -5.22823    -5.95892  0.00560858
        9363    -5.22853    -5.95885  0.00560853
        9364    -5.22769    -5.95877  0.00560847
        9365    -5.22712    -5.95869  0.00560842
        9366     -5.2252    -5.95861  0.00560836
        9367    -5.22613    -5.95853  0.00560831
        9368    -5.22955    -5.95845  0.00560825
        9369    -5.22628    -5.95838   0.0056082
        9370     -5.2257     -5.9583  0.00560814
        9371    -5.22557    -5.95822  0.00560809
        9372    -5.22661    -5.95814  0.00560804
        9373    -5.22563    -5.95806  0.00560798
        9374    -5.22539    -5.95799  0.00560793
        9375    -5.22665    -5.95791  0.00560787
        9376    -5.22634    -5.95783  0.00560782
        9377    -5.22256    -5.95775  0.00560777
        9378    -5.22429    -5.95767  0.00560771
        9379    -5.22382    -5.95759  0.00560766
        9380    -5.22288    -5.95752  0.00560761
        9381    -5.22198    -5.95744  0.00560756
        9382    -5.22239    -5.95736  0.00560751
        9383    -5.22052    -5.95728  0.00560746
        9384    -5.22182     -5.9572  0.00560741
        9385    -5.21782    -5.95712  0.00560737
        9386    -5.21914    -5.95705  0.00560732
        9387     -5.2141    -5.95697  0.00560728
        9388    -5.21518    -5.95689  0.00560724
        9389    -5.21216    -5.95681  0.00560721
        9390    -5.20807    -5.95673  0.00560718
        9391    -5.21126    -5.95665  0.00560714
        9392    -5.20635    -5.95657  0.00560711
        9393    -5.20682    -5.95649  0.00560709
        9394    -5.20275    -5.95641  0.00560706
        9395    -5.20011    -5.95633  0.00560704
        9396    -5.20433    -5.95625  0.00560702
        9397    -5.20817    -5.95617  0.00560699
        9398    -5.20734    -5.95609  0.00560696
        9399    -5.20657    -5.95601  0.00560693
        9400    -5.20209    -5.95593   0.0056069
        9401    -5.19778    -5.95585  0.00560689
        9402    -5.19832    -5.95577  0.00560687
        9403    -5.19616    -5.95569  0.00560686
        9404     -5.1913    -5.95561  0.00560685
        9405     -5.1901    -5.95552  0.00560684
        9406     -5.1935    -5.95544  0.00560683
        9407     -5.1914    -5.95536  0.00560682
        9408    -5.19262    -5.95528  0.00560681
        9409    -5.19389     -5.9552   0.0056068
        9410     -5.1947    -5.95512  0.00560679
        9411    -5.18969    -5.95504  0.00560678
        9412     -5.1851    -5.95496  0.00560678
        9413    -5.18451    -5.95487  0.00560679
        9414    -5.18689    -5.95479  0.00560678
        9415    -5.19153    -5.95471  0.00560677
        9416    -5.19329    -5.95463  0.00560676
        9417    -5.19463    -5.95455  0.00560675
        9418    -5.18808    -5.95447  0.00560674
        9419     -5.1863    -5.95439  0.00560674
        9420    -5.18501    -5.95431  0.00560674
        9421    -5.18061    -5.95422  0.00560675
        9422    -5.17634    -5.95414  0.00560676
        9423    -5.17715    -5.95406  0.00560677
        9424    -5.17018    -5.95398  0.00560679
        9425    -5.16973    -5.95389  0.00560682
        9426     -5.1699    -5.95381  0.00560684
        9427    -5.17309    -5.95373  0.00560685
        9428    -5.17324    -5.95364  0.00560687
        9429    -5.17109    -5.95356  0.00560689
        9430    -5.17395    -5.95348  0.00560691
        9431    -5.17001    -5.95339  0.00560693
        9432    -5.17747    -5.95331  0.00560694
        9433    -5.17627    -5.95323  0.00560695
        9434    -5.18107    -5.95315  0.00560695
        9435    -5.17999    -5.95307  0.00560695
        9436      -5.172    -5.95298  0.00560697
        9437    -5.17068     -5.9529  0.00560699
        9438    -5.16935    -5.95282  0.00560701
        9439    -5.16573    -5.95273  0.00560704
        9440    -5.16595    -5.95265  0.00560706
        9441    -5.16315    -5.95257  0.00560709
        9442    -5.16132    -5.95248  0.00560712
        9443    -5.16068     -5.9524  0.00560716
        9444    -5.15797    -5.95232  0.00560719
        9445    -5.15976    -5.95223  0.00560723
        9446    -5.15929    -5.95215  0.00560726
        9447    -5.15806    -5.95206   0.0056073
        9448    -5.15956    -5.95198  0.00560733
        9449    -5.15677     -5.9519  0.00560737
        9450    -5.15334    -5.95181  0.00560741
        9451    -5.15332    -5.95173  0.00560746
        9452    -5.15052    -5.95164   0.0056075
        9453    -5.14742    -5.95156  0.00560756
        9454     -5.1523    -5.95147   0.0056076
        9455    -5.14926    -5.95139  0.00560765
        9456    -5.14683     -5.9513   0.0056077
        9457    -5.14872    -5.95122  0.00560775
        9458    -5.15621    -5.95113  0.00560779
        9459    -5.15862    -5.95105  0.00560782
        9460    -5.15661    -5.95097  0.00560786
        9461    -5.15367    -5.95088   0.0056079
        9462    -5.15302     -5.9508  0.00560794
        9463    -5.15529    -5.95071  0.00560798
        9464    -5.15404    -5.95063  0.00560802
        9465    -5.14978    -5.95054  0.00560806
        9466    -5.16046    -5.95046  0.00560809
        9467    -5.16024    -5.95038  0.00560812
        9468    -5.16122    -5.95029  0.00560815
        9469    -5.16074    -5.95021  0.00560817
        9470    -5.16146    -5.95013   0.0056082
        9471    -5.16229    -5.95004  0.00560822
        9472    -5.15927    -5.94996  0.00560825
        9473    -5.16029    -5.94988  0.00560828
        9474    -5.15968    -5.94979  0.00560831
        9475    -5.16284    -5.94971  0.00560833
        9476    -5.16531    -5.94963  0.00560835
        9477    -5.16394    -5.94954  0.00560837
        9478    -5.16172    -5.94946   0.0056084
        9479    -5.16473    -5.94938  0.00560842
        9480    -5.15881     -5.9493  0.00560844
        9481    -5.15516    -5.94921  0.00560848
        9482     -5.1606    -5.94913   0.0056085
        9483    -5.16268    -5.94905  0.00560852
        9484    -5.16384    -5.94896  0.00560854
        9485      -5.164    -5.94888  0.00560856
        9486      -5.163     -5.9488  0.00560858
        9487    -5.16596    -5.94871   0.0056086
        9488    -5.16352    -5.94863  0.00560862
        9489    -5.16248    -5.94855  0.00560864
        9490    -5.16202    -5.94847  0.00560866
        9491    -5.15694    -5.94838  0.00560869
        9492    -5.15802     -5.9483  0.00560872
        9493    -5.15689    -5.94822  0.00560875
        9494    -5.16104    -5.94813  0.00560877
        9495    -5.16002    -5.94805  0.00560879
        9496    -5.15539    -5.94797  0.00560882
        9497    -5.14962    -5.94788  0.00560886
        9498    -5.14875     -5.9478   0.0056089
        9499    -5.14631    -5.94771  0.00560895
        9500    -5.14563    -5.94763  0.00560899
        9501    -5.14977    -5.94755  0.00560903
        9502    -5.14794    -5.94746  0.00560907
        9503    -5.15364    -5.94738   0.0056091
        9504    -5.15002    -5.94729  0.00560914
        9505    -5.15209    -5.94721  0.00560917
        9506    -5.14944    -5.94713  0.00560921
        9507    -5.14293    -5.94704  0.00560926
        9508    -5.14288    -5.94696  0.00560931
        9509    -5.14482    -5.94687  0.00560935
        9510    -5.14502    -5.94679  0.00560939
        9511    -5.14329     -5.9467  0.00560944
        9512     -5.1504    -5.94662  0.00560948
        9513    -5.15325    -5.94654  0.00560951
        9514    -5.14846    -5.94645  0.00560954
        9515    -5.14836    -5.94637  0.00560958
        9516    -5.14426    -5.94629  0.00560962
        9517    -5.13888     -5.9462  0.00560968
        9518    -5.14189    -5.94612  0.00560972
        9519    -5.13866    -5.94603  0.00560978
        9520    -5.13895    -5.94595  0.00560983
        9521     -5.1355    -5.94586  0.00560988
        9522    -5.12961    -5.94578  0.00560995
        9523    -5.12691    -5.94569  0.00561002
        9524    -5.12566     -5.9456  0.00561009
        9525       -5.12    -5.94552  0.00561017
        9526    -5.12266    -5.94543  0.00561025
        9527    -5.11619    -5.94534  0.00561033
        9528    -5.11342    -5.94526  0.00561042
        9529    -5.11824    -5.94517  0.00561051
        9530    -5.11945    -5.94508  0.00561059
        9531    -5.12212      -5.945  0.00561066
        9532    -5.12258    -5.94491  0.00561074
        9533    -5.11773    -5.94482  0.00561082
        9534    -5.12571    -5.94474  0.00561089
        9535    -5.13341    -5.94465  0.00561095
        9536    -5.13275    -5.94457    0.005611
        9537    -5.14142    -5.94448  0.00561105
        9538    -5.14019     -5.9444  0.00561109
        9539    -5.14235    -5.94431  0.00561113
        9540    -5.14118    -5.94423  0.00561118
        9541    -5.13434    -5.94415  0.00561123
        9542    -5.13973    -5.94406  0.00561128
        9543    -5.14447    -5.94398  0.00561131
        9544    -5.14291    -5.94389  0.00561135
        9545    -5.13707    -5.94381   0.0056114
        9546    -5.14027    -5.94372  0.00561145
        9547    -5.14808    -5.94364  0.00561148
        9548    -5.15034    -5.94356   0.0056115
        9549    -5.15507    -5.94348  0.00561152
        9550     -5.1557    -5.94339  0.00561154
        9551    -5.15822    -5.94331  0.00561156
        9552    -5.15403    -5.94323  0.00561158
        9553    -5.14965    -5.94315  0.00561161
        9554    -5.15197    -5.94306  0.00561163
        9555    -5.14998    -5.94298  0.00561166
        9556     -5.1438     -5.9429  0.00561169
        9557    -5.14583    -5.94281  0.00561172
        9558    -5.14288    -5.94273  0.00561176
        9559     -5.1458    -5.94265  0.00561179
        9560    -5.15063    -5.94256  0.00561182
        9561    -5.14842    -5.94248  0.00561185
        9562    -5.15114     -5.9424  0.00561187
        9563     -5.1501    -5.94231  0.00561189
        9564    -5.15341    -5.94223  0.00561191
        9565     -5.1504    -5.94215  0.00561194
        9566    -5.14935    -5.94207  0.00561196
        9567    -5.14884    -5.94198  0.00561199
        9568     -5.1505     -5.9419  0.00561201
        9569    -5.15108    -5.94182  0.00561203
        9570    -5.14718    -5.94173  0.00561206
        9571    -5.14152    -5.94165   0.0056121
        9572    -5.14126    -5.94157  0.00561213
        9573    -5.14479    -5.94148  0.00561216
        9574    -5.14781     -5.9414  0.00561219
        9575    -5.14157    -5.94132  0.00561223
        9576    -5.13786    -5.94123  0.00561227
        9577    -5.14059    -5.94115   0.0056123
        9578    -5.13863    -5.94107  0.00561234
        9579    -5.13914    -5.94098  0.00561238
        9580    -5.13725     -5.9409  0.00561242
        9581    -5.13834    -5.94081  0.00561246
        9582     -5.1427    -5.94073  0.00561249
        9583    -5.14036    -5.94065  0.00561253
        9584    -5.13819    -5.94056  0.00561257
        9585    -5.13865    -5.94048  0.00561261
        9586    -5.14067     -5.9404  0.00561264
        9587    -5.13575    -5.94031  0.00561268
        9588    -5.13872    -5.94023  0.00561272
        9589    -5.13331    -5.94015  0.00561277
        9590    -5.13308    -5.94006  0.00561281
        9591    -5.13193    -5.93998  0.00561286
        9592    -5.13101    -5.93989  0.00561291
        9593    -5.12746    -5.93981  0.00561296
        9594    -5.12623    -5.93972  0.00561302
        9595    -5.11817    -5.93964  0.00561309
        9596    -5.11919    -5.93955  0.00561315
        9597    -5.11614    -5.93947  0.00561322
        9598    -5.11429    -5.93938   0.0056133
        9599    -5.11207    -5.93929  0.00561337
        9600    -5.10894    -5.93921  0.00561345
        9601    -5.10704    -5.93912  0.00561354
        9602    -5.11087    -5.93903  0.00561362
        9603    -5.11196    -5.93895  0.00561369
        9604    -5.10901    -5.93886  0.00561377
        9605    -5.10758    -5.93878  0.00561386
        9606    -5.10674    -5.93869  0.00561394
        9607    -5.10767     -5.9386  0.00561402
        9608    -5.10572    -5.93852  0.00561411
        9609     -5.1084    -5.93843  0.00561419
        9610    -5.10868    -5.93834  0.00561427
        9611    -5.10674    -5.93826  0.00561435
        9612    -5.10671    -5.93817  0.00561443
        9613    -5.10615    -5.93808  0.00561451
        9614    -5.10614      -5.938   0.0056146
        9615    -5.10675    -5.93791  0.00561468
        9616    -5.10643    -5.93782  0.00561476
        9617     -5.1079    -5.93774  0.00561484
        9618    -5.10346    -5.93765  0.00561493
        9619    -5.10668    -5.93756  0.00561501
        9620    -5.10391    -5.93748  0.00561509
        9621    -5.10008    -5.93739  0.00561518
        9622    -5.09684     -5.9373  0.00561528
        9623    -5.09908    -5.93722  0.00561537
        9624    -5.09944    -5.93713  0.00561546
        9625    -5.10323    -5.93704  0.00561555
        9626    -5.10708    -5.93696  0.00561563
        9627    -5.10778    -5.93687   0.0056157
        9628    -5.10656    -5.93678  0.00561578
        9629    -5.10631     -5.9367  0.00561586
        9630     -5.1079    -5.93661  0.00561594
        9631    -5.11078    -5.93653  0.00561601
        9632    -5.11046    -5.93644  0.00561608
        9633    -5.10679    -5.93635  0.00561616
        9634    -5.10704    -5.93627  0.00561623
        9635    -5.10792    -5.93618  0.00561631
        9636    -5.11196     -5.9361  0.00561638
        9637    -5.11011    -5.93601  0.00561645
        9638    -5.11265    -5.93593  0.00561652
        9639    -5.11685    -5.93584  0.00561658
        9640    -5.10865    -5.93575  0.00561665
        9641    -5.10863    -5.93567  0.00561672
        9642    -5.10683    -5.93558   0.0056168
        9643    -5.10603     -5.9355  0.00561687
        9644     -5.1057    -5.93541  0.00561695
        9645    -5.11033    -5.93533  0.00561702
        9646    -5.10841    -5.93524  0.00561709
        9647    -5.10653    -5.93515  0.00561717
        9648     -5.1011    -5.93507  0.00561725
        9649    -5.09932    -5.93498  0.00561733
        9650    -5.09686    -5.93489  0.00561742
        9651    -5.09107    -5.93481  0.00561752
        9652    -5.08625    -5.93472  0.00561763
        9653    -5.08497    -5.93463  0.00561774
        9654    -5.08454    -5.93454  0.00561784
        9655    -5.08604    -5.93445  0.00561795
        9656    -5.09049    -5.93437  0.00561805
        9657     -5.0922    -5.93428  0.00561814
        9658    -5.09088    -5.93419  0.00561824
        9659    -5.09272    -5.93411  0.00561833
        9660    -5.08906    -5.93402  0.00561843
        9661     -5.0885    -5.93393  0.00561853
        9662    -5.08908    -5.93384  0.00561863
        9663     -5.0957    -5.93376  0.00561872
        9664    -5.09321    -5.93367  0.00561881
        9665    -5.09513    -5.93358   0.0056189
        9666    -5.09305     -5.9335  0.00561899
        9667    -5.09047    -5.93341  0.00561909
        9668    -5.08994    -5.93332  0.00561918
        9669     -5.0922    -5.93323  0.00561927
        9670    -5.09214    -5.93315  0.00561937
        9671    -5.09183    -5.93306  0.00561946
        9672    -5.09053    -5.93297  0.00561955
        9673    -5.08989    -5.93289  0.00561965
        9674    -5.09449     -5.9328  0.00561973
        9675    -5.09612    -5.93271  0.00561982
        9676     -5.0966    -5.93263   0.0056199
        9677    -5.10273    -5.93254  0.00561998
        9678    -5.09752    -5.93245  0.00562006
        9679    -5.09246    -5.93237  0.00562015
        9680    -5.09309    -5.93228  0.00562024
        9681    -5.09017    -5.93219  0.00562033
        9682    -5.08837    -5.93211  0.00562042
        9683    -5.08933    -5.93202  0.00562052
        9684    -5.08431    -5.93193  0.00562062
        9685    -5.08706    -5.93184  0.00562071
        9686    -5.08717    -5.93176  0.00562081
        9687    -5.08585    -5.93167  0.00562091
        9688    -5.08001    -5.93158  0.00562102
        9689    -5.08053    -5.93149  0.00562112
        9690    -5.07726    -5.93141  0.00562123
        9691    -5.07474    -5.93132  0.00562135
        9692    -5.08062    -5.93123  0.00562145
        9693    -5.08226    -5.93114  0.00562156
        9694    -5.08258    -5.93105  0.00562166
        9695    -5.07986    -5.93097  0.00562176
        9696    -5.08506    -5.93088  0.00562186
        9697    -5.08903    -5.93079  0.00562195
        9698    -5.09325    -5.93071  0.00562203
        9699    -5.09137    -5.93062  0.00562212
        9700    -5.08703    -5.93053  0.00562221
        9701    -5.08872    -5.93045   0.0056223
        9702    -5.08928    -5.93036  0.00562239
        9703    -5.09056    -5.93027  0.00562248
        9704    -5.08765    -5.93019  0.00562257
        9705    -5.08741     -5.9301  0.00562266
        9706    -5.08159    -5.93001  0.00562276
        9707    -5.07969    -5.92992  0.00562287
        9708    -5.07912    -5.92984  0.00562297
        9709     -5.0708    -5.92975  0.00562309
        9710    -5.07506    -5.92966   0.0056232
        9711    -5.06898    -5.92957  0.00562331
        9712     -5.0707    -5.92948  0.00562343
        9713     -5.0733     -5.9294  0.00562354
        9714    -5.07766    -5.92931  0.00562365
        9715    -5.07995    -5.92922  0.00562375
        9716    -5.07615    -5.92913  0.00562385
        9717    -5.08168    -5.92905  0.00562395
        9718    -5.08265    -5.92896  0.00562405
        9719    -5.07915    -5.92887  0.00562415
        9720    -5.07485    -5.92878  0.00562426
        9721    -5.07403    -5.92869  0.00562437
        9722    -5.07643    -5.92861  0.00562447
        9723    -5.07223    -5.92852  0.00562458
        9724     -5.0684    -5.92843   0.0056247
        9725    -5.06709    -5.92834  0.00562482
        9726     -5.0699    -5.92825  0.00562493
        9727    -5.06807    -5.92817  0.00562505
        9728    -5.06557    -5.92808  0.00562517
        9729    -5.06402    -5.92799  0.00562529
        9730    -5.06269     -5.9279  0.00562542
        9731    -5.06343    -5.92781  0.00562554
        9732    -5.06333    -5.92772  0.00562566
        9733    -5.05539    -5.92763   0.0056258
        9734    -5.06073    -5.92754  0.00562593
        9735    -5.06656    -5.92745  0.00562604
        9736    -5.06727    -5.92737  0.00562616
        9737     -5.0738    -5.92728  0.00562626
        9738    -5.07427    -5.92719  0.00562637
        9739    -5.07826     -5.9271  0.00562647
        9740    -5.07378    -5.92702  0.00562657
        9741    -5.06756    -5.92693  0.00562668
        9742    -5.07099    -5.92684  0.00562679
        9743    -5.07168    -5.92675   0.0056269
        9744     -5.0763    -5.92666    0.005627
        9745    -5.07734    -5.92658   0.0056271
        9746    -5.07636    -5.92649  0.00562719
        9747    -5.07495     -5.9264   0.0056273
        9748    -5.07281    -5.92632   0.0056274
        9749    -5.07425    -5.92623   0.0056275
        9750     -5.0747    -5.92614   0.0056276
        9751    -5.07691    -5.92605   0.0056277
        9752    -5.07605    -5.92597   0.0056278
        9753    -5.07478    -5.92588   0.0056279
        9754    -5.07564    -5.92579  0.00562799
        9755    -5.07899     -5.9257  0.00562809
        9756    -5.08581    -5.92562  0.00562817
        9757    -5.08274    -5.92553  0.00562825
        9758    -5.08981    -5.92545  0.00562833
        9759     -5.0914    -5.92536   0.0056284
        9760    -5.09032    -5.92528  0.00562847
        9761    -5.09136    -5.92519  0.00562855
        9762    -5.09529    -5.92511  0.00562861
        9763    -5.09413    -5.92502  0.00562868
        9764     -5.0887    -5.92493  0.00562875
        9765    -5.08877    -5.92485  0.00562883
        9766    -5.08537    -5.92476  0.00562891
        9767    -5.08951    -5.92468  0.00562898
        9768     -5.0865    -5.92459  0.00562906
        9769    -5.07841    -5.92451  0.00562915
        9770    -5.08151    -5.92442  0.00562923
        9771    -5.07966    -5.92433  0.00562932
        9772    -5.08049    -5.92425  0.00562941
        9773    -5.08722    -5.92416  0.00562948
        9774    -5.08516    -5.92407  0.00562956
        9775    -5.08975    -5.92399  0.00562963
        9776    -5.08975     -5.9239   0.0056297
        9777    -5.08991    -5.92382  0.00562978
        9778    -5.08674    -5.92373  0.00562985
        9779    -5.08368    -5.92365  0.00562993
        9780    -5.07962    -5.92356  0.00563002
        9781    -5.08433    -5.92347  0.00563009
        9782    -5.08095    -5.92339  0.00563018
        9783    -5.08714     -5.9233  0.00563025
        9784    -5.08799    -5.92322  0.00563032
        9785    -5.09118    -5.92313  0.00563039
        9786    -5.09965    -5.92305  0.00563044
        9787    -5.09742    -5.92296   0.0056305
        9788    -5.09893    -5.92288  0.00563055
        9789    -5.09254     -5.9228  0.00563062
        9790    -5.08902    -5.92271  0.00563069
        9791    -5.09062    -5.92263  0.00563075
        9792    -5.09225    -5.92254  0.00563082
        9793    -5.09573    -5.92246  0.00563087
        9794    -5.09719    -5.92237  0.00563093
        9795    -5.09336    -5.92229  0.00563099
        9796     -5.0986     -5.9222  0.00563104
        9797     -5.0994    -5.92212  0.00563109
        9798    -5.10029    -5.92204  0.00563114
        9799    -5.09607    -5.92195   0.0056312
        9800    -5.09791    -5.92187  0.00563125
        9801    -5.09511    -5.92178  0.00563131
        9802    -5.09675     -5.9217  0.00563137
        9803    -5.09455    -5.92161  0.00563142
        9804    -5.09055    -5.92153  0.00563149
        9805    -5.08919    -5.92144  0.00563155
        9806    -5.09214    -5.92136  0.00563161
        9807    -5.09146    -5.92127  0.00563167
        9808    -5.09314    -5.92119  0.00563173
        9809    -5.09269    -5.92111  0.00563179
        9810    -5.09378    -5.92102  0.00563185
        9811    -5.09673    -5.92094   0.0056319
        9812     -5.1009    -5.92085  0.00563195
        9813    -5.10032    -5.92077  0.00563199
        9814    -5.10097    -5.92069  0.00563204
        9815    -5.10285     -5.9206  0.00563208
        9816    -5.10483    -5.92052  0.00563212
        9817    -5.10254    -5.92044  0.00563216
        9818    -5.10383    -5.92035  0.00563221
        9819    -5.10045    -5.92027  0.00563225
        9820    -5.10196    -5.92019  0.00563229
        9821    -5.10745     -5.9201  0.00563233
        9822    -5.10626    -5.92002  0.00563236
        9823    -5.10857    -5.91994   0.0056324
        9824    -5.11296    -5.91986  0.00563242
        9825    -5.11658    -5.91978  0.00563244
        9826    -5.11638    -5.91969  0.00563246
        9827    -5.11948    -5.91961  0.00563248
        9828    -5.12337    -5.91953  0.00563249
        9829      -5.123    -5.91945   0.0056325
        9830    -5.12054    -5.91937  0.00563251
        9831    -5.11873    -5.91929  0.00563253
        9832    -5.11889    -5.91921  0.00563254
        9833    -5.12098    -5.91912  0.00563255
        9834    -5.12154    -5.91904  0.00563256
        9835    -5.11941    -5.91896  0.00563258
        9836    -5.12228    -5.91888  0.00563259
        9837     -5.1168     -5.9188  0.00563261
        9838    -5.11262    -5.91872  0.00563263
        9839    -5.11453    -5.91864  0.00563265
        9840    -5.11775    -5.91855  0.00563267
        9841    -5.11912    -5.91847  0.00563268
        9842    -5.12048    -5.91839  0.00563269
        9843    -5.11733    -5.91831  0.00563271
        9844    -5.11636    -5.91823  0.00563272
        9845    -5.11297    -5.91815  0.00563274
        9846      -5.109    -5.91807  0.00563277
        9847    -5.11589    -5.91798  0.00563279
        9848    -5.10397     -5.9179  0.00563282
        9849    -5.10123    -5.91782  0.00563286
        9850    -5.09874    -5.91774   0.0056329
        9851    -5.09981    -5.91765  0.00563294
        9852    -5.10142    -5.91757  0.00563298
        9853    -5.09866    -5.91749  0.00563302
        9854    -5.09093     -5.9174  0.00563308
        9855    -5.08955    -5.91732  0.00563313
        9856    -5.09361    -5.91723  0.00563318
        9857     -5.0992    -5.91715  0.00563322
        9858    -5.09859    -5.91707  0.00563326
        9859    -5.09674    -5.91699   0.0056333
        9860    -5.09907     -5.9169  0.00563334
        9861     -5.0962    -5.91682  0.00563339
        9862    -5.09708    -5.91674  0.00563343
        9863     -5.0919    -5.91665  0.00563348
        9864    -5.09504    -5.91657  0.00563352
        9865    -5.09237    -5.91649  0.00563357
        9866    -5.08898     -5.9164  0.00563362
        9867    -5.09269    -5.91632  0.00563367
        9868    -5.08803    -5.91623  0.00563372
        9869    -5.08701    -5.91615  0.00563378
        9870    -5.08777    -5.91607  0.00563383
        9871    -5.08578    -5.91598  0.00563389
        9872    -5.08382     -5.9159  0.00563395
        9873    -5.08171    -5.91581  0.00563401
        9874     -5.0848    -5.91573  0.00563407
        9875    -5.08925    -5.91565  0.00563412
        9876    -5.08836    -5.91556  0.00563418
        9877    -5.09452    -5.91548  0.00563422
        9878    -5.08726     -5.9154  0.00563427
        9879     -5.0877    -5.91531  0.00563432
        9880    -5.08198    -5.91523  0.00563439
        9881    -5.08058    -5.91514  0.00563445
        9882    -5.08674    -5.91506   0.0056345
        9883    -5.08305    -5.91497  0.00563456
        9884    -5.07917    -5.91489  0.00563463
        9885    -5.07037     -5.9148   0.0056347
        9886    -5.08073    -5.91472  0.00563476
        9887    -5.07626    -5.91464  0.00563483
        9888    -5.07872    -5.91455   0.0056349
        9889    -5.07694    -5.91447  0.00563496
        9890    -5.07835    -5.91438  0.00563503
        9891    -5.07478     -5.9143   0.0056351
        9892    -5.07425    -5.91421  0.00563517
        9893    -5.07428    -5.91413  0.00563524
        9894    -5.07622    -5.91404   0.0056353
        9895    -5.07571    -5.91396  0.00563537
        9896    -5.07213    -5.91387  0.00563544
        9897    -5.07217    -5.91379  0.00563552
        9898    -5.06695     -5.9137   0.0056356
        9899    -5.06708    -5.91362  0.00563568
        9900    -5.07647    -5.91353  0.00563574
        9901    -5.07877    -5.91345   0.0056358
        9902    -5.07799    -5.91336  0.00563587
        9903    -5.06882    -5.91328  0.00563594
        9904    -5.07183    -5.91319  0.00563601
        9905    -5.07276    -5.91311  0.00563608
        9906    -5.06909    -5.91302  0.00563616
        9907    -5.06665    -5.91294  0.00563624
        9908    -5.06415    -5.91285  0.00563632
        9909    -5.05804    -5.91277  0.00563641
        9910    -5.05783    -5.91268   0.0056365
        9911    -5.05642    -5.91259  0.00563659
        9912    -5.05382    -5.91251  0.00563669
        9913    -5.05618    -5.91242  0.00563678
        9914    -5.05878    -5.91233  0.00563687
        9915    -5.05429    -5.91225  0.00563697
        9916    -5.05786    -5.91216  0.00563706
        9917     -5.0614    -5.91207  0.00563714
        9918    -5.06571    -5.91199  0.00563722
        9919    -5.06313     -5.9119   0.0056373
        9920    -5.07411    -5.91182  0.00563737
        9921    -5.07339    -5.91174  0.00563743
        9922    -5.07146    -5.91165   0.0056375
        9923    -5.06914    -5.91157  0.00563757
        9924    -5.06751    -5.91148  0.00563764
        9925    -5.07496     -5.9114  0.00563771
        9926    -5.07261    -5.91131  0.00563777
        9927    -5.07701    -5.91123  0.00563783
        9928    -5.07395    -5.91114  0.00563789
        9929    -5.07648    -5.91106  0.00563795
        9930    -5.07479    -5.91097  0.00563801
        9931    -5.07901    -5.91089  0.00563807
        9932    -5.07571    -5.91081  0.00563813
        9933      -5.078    -5.91072  0.00563818
        9934    -5.07943    -5.91064  0.00563824
        9935    -5.08176    -5.91056  0.00563829
        9936    -5.08062    -5.91047  0.00563834
        9937    -5.07681    -5.91039  0.00563839
        9938     -5.0785    -5.91031  0.00563845
        9939    -5.07531    -5.91022  0.00563851
        9940    -5.08016    -5.91014  0.00563856
        9941    -5.07652    -5.91005  0.00563861
        9942    -5.07726    -5.90997  0.00563867
        9943    -5.07927    -5.90989  0.00563872
        9944    -5.07354     -5.9098  0.00563878
        9945    -5.07398    -5.90972  0.00563884
        9946    -5.06879    -5.90963  0.00563891
        9947    -5.06853    -5.90955  0.00563897
        9948    -5.06345    -5.90946  0.00563905
        9949    -5.05902    -5.90938  0.00563913
        9950    -5.06006    -5.90929  0.00563921
        9951    -5.06319    -5.90921  0.00563928
        9952    -5.06038    -5.90912  0.00563936
        9953    -5.06262    -5.90904  0.00563944
        9954    -5.06638    -5.90895  0.00563951
        9955     -5.0643    -5.90887  0.00563958
        9956    -5.06956    -5.90878  0.00563964
        9957    -5.06782     -5.9087  0.00563971
        9958     -5.0657    -5.90861  0.00563978
        9959    -5.06562    -5.90853  0.00563984
        9960     -5.0655    -5.90845  0.00563991
        9961    -5.06551    -5.90836  0.00563998
        9962      -5.064    -5.90828  0.00564005
        9963    -5.06682    -5.90819  0.00564012
        9964     -5.0689    -5.90811  0.00564018
        9965    -5.06683    -5.90802  0.00564025
        9966     -5.0678    -5.90794  0.00564031
        9967     -5.0662    -5.90785  0.00564038
        9968    -5.07471    -5.90777  0.00564043
        9969    -5.07507    -5.90769  0.00564048
        9970    -5.07607     -5.9076  0.00564053
        9971    -5.07052    -5.90752  0.00564059
        9972    -5.06365    -5.90744  0.00564066
        9973    -5.06218    -5.90735  0.00564073
        9974    -5.06137    -5.90727  0.00564081
        9975    -5.06333    -5.90718  0.00564088
        9976    -5.06725     -5.9071  0.00564094
        9977    -5.06637    -5.90701    0.005641
        9978    -5.06774    -5.90693  0.00564106
        9979     -5.0657    -5.90684  0.00564113
        9980    -5.06206    -5.90676   0.0056412
        9981    -5.05815    -5.90667  0.00564127
        9982    -5.05818    -5.90659  0.00564135
        9983    -5.05548     -5.9065  0.00564143
        9984    -5.05034    -5.90642  0.00564151
        9985    -5.04791    -5.90633   0.0056416
        9986     -5.0469    -5.90625   0.0056417
        9987    -5.05045    -5.90616  0.00564178
        9988    -5.04984    -5.90608  0.00564187
        9989    -5.05016    -5.90599  0.00564195
        9990    -5.04769     -5.9059  0.00564204
        9991    -5.04914    -5.90582  0.00564213
        9992    -5.04975    -5.90573  0.00564222
        9993    -5.05171    -5.90565   0.0056423
        9994    -5.04797    -5.90556  0.00564239
        9995    -5.04749    -5.90547  0.00564248
        9996    -5.04197    -5.90539  0.00564257
        9997    -5.04491     -5.9053  0.00564266
        9998    -5.04619    -5.90522  0.00564275
        9999    -5.04435    -5.90513  0.00564285
       10000    -5.04096    -5.90504  0.00564294
