#BLOCK:   ACTUAL_P:     P_AVE:       ERROR:
           1    -5.29255    -5.29255           0
           2    -5.29009    -5.29132 0.000867631
           3    -5.28608    -5.28957  0.00153805
           4    -5.28052    -5.28731  0.00227475
           5     -5.2734    -5.28453  0.00308328
           6    -5.26471    -5.28122  0.00396118
           7    -5.25446     -5.2774  0.00490514
           8    -5.24263    -5.27305   0.0059122
           9     -5.2292    -5.26818  0.00697985
          10    -5.21418    -5.26278  0.00810606
          11    -5.19753    -5.25685   0.0092892
          12    -5.17925    -5.25038    0.010528
          13    -5.15883    -5.24334   0.0118415
          14    -5.13722    -5.23576   0.0132008
          15    -5.11365    -5.22762   0.0146168
          16    -5.08788    -5.21889   0.0161024
          17    -5.06035    -5.20956   0.0176502
          18    -5.03128    -5.19966   0.0192492
          19    -5.00037    -5.18917   0.0208992
          20    -4.96736    -5.17808   0.0226061
          21    -4.93294     -5.1664   0.0243577
          22    -4.89562     -5.1541   0.0261764
          23    -4.85655    -5.14116   0.0280534
          24    -4.81571     -5.1276   0.0299834
          25    -4.77231    -5.11339   0.0319751
          26     -4.7268    -5.09852   0.0340272
          27     -4.6796      -5.083   0.0361315
          28    -4.62923     -5.0668   0.0383035
          29    -4.57732    -5.04992   0.0405313
          30    -4.52237    -5.03233   0.0428254
          31    -4.46601    -5.01406   0.0451727
          32    -4.40626    -4.99507    0.047587
          33    -4.34452    -4.97536    0.050062
          34    -4.28049    -4.95492    0.052596
          35    -4.21484    -4.93377   0.0551803
          36    -4.14608    -4.91189    0.057823
          37    -4.07369    -4.88924   0.0605355
          38    -3.99931    -4.86582   0.0633107
          39     -3.9212     -4.8416   0.0661585
          40    -3.84079    -4.81658   0.0690739
          41    -3.75732    -4.79074    0.072059
          42    -3.67149     -4.7641   0.0751094
          43     -3.5833    -4.73663   0.0782216
          44      -3.492    -4.70835    0.081398
          45    -3.39787    -4.67923   0.0846385
          46    -3.30162    -4.64928   0.0879373
          47    -3.20378    -4.61852   0.0912862
          48    -3.10151    -4.58692   0.0946974
          49    -2.99703    -4.55447   0.0981662
          50    -2.88947    -4.52117    0.101694
          51    -2.78035    -4.48704    0.105273
          52    -2.66787    -4.45205    0.108906
          53    -2.55286    -4.41622    0.112593
          54    -2.43621    -4.37955    0.116325
          55    -2.31808    -4.34207    0.120097
          56    -2.19864     -4.3038    0.123901
          57    -2.07688    -4.26473    0.127739
          58    -1.95421    -4.22489    0.131602
          59    -1.82965    -4.18429    0.135488
          60    -1.70462    -4.14297    0.139391
          61    -1.57839    -4.10092    0.143306
          62    -1.45169    -4.05819    0.147227
          63    -1.32571    -4.01482    0.151144
          64    -1.19973    -3.97084    0.155051
          65    -1.07352    -3.92626    0.158943
          66   -0.947794    -3.88113    0.162816
          67   -0.821813    -3.83547    0.166665
          68   -0.697974    -3.78933    0.170481
          69   -0.574813    -3.74274     0.17426
          70   -0.453272    -3.69575    0.177994
          71   -0.333556     -3.6484    0.181677
          72   -0.215628    -3.60072    0.185304
          73  -0.0987235    -3.55275    0.188873
          74   0.0160032    -3.50452     0.19238
          75    0.127159     -3.4561    0.195814
          76    0.235763    -3.40752    0.199172
          77    0.341636    -3.35883    0.202449
          78    0.445565    -3.31006    0.205645
          79    0.545452    -3.26125    0.208753
          80    0.642815    -3.21245    0.211771
          81     0.73653     -3.1637    0.214695
          82    0.826439    -3.11504    0.217521
          83    0.913117    -3.06651    0.220248
          84    0.996661    -3.01814    0.222874
          85     1.07501    -2.96998    0.225394
          86     1.14901    -2.92209    0.227805
          87     1.21952    -2.87448    0.230107
          88     1.28548    -2.82721    0.232297
          89      1.3473     -2.7803    0.234375
          90     1.40373    -2.73382    0.236336
          91     1.45617    -2.68777    0.238182
          92     1.50415    -2.64221    0.239912
          93     1.54816    -2.59715    0.241526
          94      1.5873    -2.55263    0.243024
          95     1.62262    -2.50868    0.244408
          96     1.65423    -2.46532    0.245679
          97     1.68106    -2.42257    0.246837
          98     1.70425    -2.38046    0.247884
          99     1.72423      -2.339    0.248824
         100     1.73979    -2.29821    0.249656
         101     1.75238    -2.25811    0.250385
         102     1.76175     -2.2187    0.251012
         103     1.76915    -2.17998    0.251544
         104     1.77341    -2.14197    0.251981
         105     1.77649    -2.10465    0.252329
         106     1.77697    -2.06803    0.252592
         107      1.7761     -2.0321    0.252773
         108     1.77366    -1.99687    0.252877
         109     1.77012    -1.96231    0.252908
         110     1.76525    -1.92842    0.252869
         111     1.75997    -1.89519    0.252764
         112     1.75447     -1.8626    0.252599
         113     1.74869    -1.83065    0.252377
         114     1.74302     -1.7993    0.252103
         115     1.73759    -1.76854     0.25178
         116     1.73226    -1.73836    0.251412
         117      1.7264    -1.70875    0.251001
         118     1.72104    -1.67968    0.250551
         119      1.7155    -1.65115    0.250065
         120      1.7115    -1.62313    0.249546
         121     1.70715    -1.59561    0.248997
         122     1.70388    -1.56856     0.24842
         123     1.70074    -1.54198    0.247818
         124     1.69673    -1.51586    0.247192
         125     1.69353    -1.49019    0.246545
         126     1.69061    -1.46494    0.245877
         127     1.68868    -1.44011    0.245192
         128     1.68672    -1.41568     0.24449
         129     1.68543    -1.39165    0.243774
         130     1.68379    -1.36799    0.243044
         131     1.68226     -1.3447    0.242301
         132     1.67983    -1.32179    0.241546
         133     1.67888    -1.29923    0.240782
         134     1.67746    -1.27701    0.240007
         135      1.6765    -1.25514    0.239225
         136     1.67598    -1.23358    0.238434
         137      1.6735    -1.21236    0.237636
         138     1.67264    -1.19146    0.236832
         139     1.67124    -1.17086    0.236022
         140     1.66907    -1.15058    0.235206
         141     1.66732    -1.13059    0.234386
         142     1.66555     -1.1109    0.233561
         143     1.66326     -1.0915    0.232732
         144     1.66192    -1.07238      0.2319
         145     1.66035    -1.05354    0.231065
         146     1.65879    -1.03496    0.230228
         147      1.6563    -1.01665    0.229389
         148     1.65555   -0.998595    0.228548
         149      1.6534   -0.980796    0.227706
         150     1.65155   -0.963247    0.226863
         151        1.65   -0.945941     0.22602
         152     1.64851   -0.928872    0.225177
         153     1.64706   -0.912036    0.224334
         154     1.64587   -0.895426    0.223491
         155      1.6442   -0.879041    0.222649
         156     1.64323   -0.862873    0.221808
         157     1.64148   -0.846922    0.220968
         158      1.6394   -0.831186    0.220129
         159     1.63791   -0.815657    0.219292
         160     1.63602   -0.800334    0.218456
         161     1.63296    -0.78522    0.217621
         162     1.62968   -0.770313    0.216788
         163     1.62711   -0.755605    0.215956
         164     1.62355   -0.741098    0.215126
         165      1.6202   -0.726787    0.214298
         166      1.6173   -0.712666    0.213471
         167     1.61343   -0.698738    0.212647
         168      1.6086   -0.685003    0.211824
         169     1.60456   -0.671456    0.211004
         170     1.60063    -0.65809    0.210185
         171     1.59686   -0.644904    0.209369
         172     1.59213   -0.631898    0.208556
         173     1.58796   -0.619066    0.207745
         174     1.58466   -0.606401    0.206936
         175     1.58136   -0.593899    0.206131
         176     1.57718   -0.581564    0.205329
         177     1.57411   -0.569385     0.20453
         178     1.57128   -0.557359    0.203734
         179     1.56947   -0.545477    0.202942
         180     1.56897    -0.53373    0.202154
         181      1.5684   -0.522116     0.20137
         182     1.56801   -0.510632    0.200591
         183      1.5688   -0.499269    0.199817
         184     1.57053    -0.48802    0.199047
         185     1.57297   -0.476879    0.198283
         186     1.57513   -0.465847    0.197523
         187     1.57891   -0.454913     0.19677
         188     1.58308   -0.444072    0.196021
         189      1.5883   -0.433319    0.195279
         190     1.59356   -0.422651    0.194542
         191     1.59953   -0.412064    0.193812
         192     1.60517   -0.401557    0.193087
         193      1.6121   -0.391124    0.192368
         194     1.61928   -0.380761    0.191655
         195     1.62616   -0.370469    0.190949
         196      1.6329   -0.360248    0.190248
         197     1.63969   -0.350096    0.189553
         198     1.64644   -0.340012    0.188863
         199     1.65285   -0.329998     0.18818
         200     1.65861   -0.320055    0.187501
         201     1.66536   -0.310177    0.186828
         202     1.67159   -0.300366    0.186161
         203     1.67724   -0.290625    0.185498
         204     1.68276   -0.280951    0.184841
         205     1.68809   -0.271346    0.184189
         206     1.69224   -0.261814    0.183541
         207     1.69612   -0.252355    0.182898
         208     1.70019   -0.242968     0.18226
         209     1.70344   -0.233655    0.181625
         210     1.70584    -0.22442    0.180995
         211     1.70736   -0.215264    0.180369
         212     1.70796   -0.206192    0.179746
         213     1.70808   -0.197205    0.179127
         214     1.70769   -0.188304    0.178511
         215     1.70578   -0.179494    0.177898
         216     1.70303   -0.170779    0.177287
         217      1.6999   -0.162158     0.17668
         218     1.69682   -0.153631    0.176075
         219     1.69207   -0.145203    0.175473
         220     1.68657   -0.136877    0.174872
         221     1.67982   -0.128656    0.174274
         222      1.6718   -0.120546    0.173678
         223     1.66298   -0.112548    0.173083
         224      1.6524   -0.104669     0.17249
         225     1.64125  -0.0969093    0.171897
         226     1.62884  -0.0892733    0.171306
         227      1.6157  -0.0817624    0.170716
         228     1.60163  -0.0743791    0.170127
         229     1.58693  -0.0671244    0.169539
         230     1.57169  -0.0599991    0.168951
         231     1.55526  -0.0530067    0.168365
         232     1.53896  -0.0461448    0.167779
         233     1.51999  -0.0394231    0.167193
         234     1.50187  -0.0328364    0.166608
         235     1.48397  -0.0263819    0.166024
         236     1.46572  -0.0200595    0.165441
         237     1.44722  -0.0138684    0.164859
         238     1.42909 -0.00780558    0.164278
         239      1.4107 -0.00187039    0.163698
         240     1.39315  0.00394221    0.163119
         241     1.37605  0.00963559    0.162541
         242     1.35923   0.0152124    0.161965
         243     1.34208   0.0206728    0.161391
         244     1.32657   0.0260248    0.160818
         245     1.31205   0.0312739    0.160247
         246     1.29808   0.0364235    0.159678
         247     1.28516   0.0414792    0.159112
         248     1.27357   0.0464473    0.158548
         249      1.2626   0.0513314    0.157986
         250     1.25272    0.056137    0.157428
         251     1.24321   0.0608664    0.156871
         252     1.23406   0.0655219    0.156318
         253     1.22644   0.0701105    0.155767
         254     1.21889   0.0746333     0.15522
         255     1.21233   0.0790948    0.154675
         256     1.20651   0.0834988    0.154134
         257      1.2016   0.0878494    0.153595
         258     1.19686   0.0921479     0.15306
         259     1.19345      0.0964    0.152528
         260     1.19037    0.100608       0.152
         261     1.18877    0.104777    0.151474
         262     1.18645    0.108905    0.150952
         263     1.18506    0.112997    0.150434
         264     1.18408    0.117054    0.149919
         265     1.18371    0.121079    0.149407
         266     1.18296    0.125071    0.148899
         267     1.18324    0.129035    0.148394
         268     1.18309    0.132968    0.147892
         269     1.18318    0.136872    0.147394
         270     1.18423    0.140751    0.146899
         271     1.18501    0.144604    0.146408
         272     1.18599    0.148433    0.145919
         273      1.1874    0.152239    0.145434
         274     1.18848    0.156021    0.144953
         275     1.19142    0.159786    0.144475
         276     1.19282    0.163529       0.144
         277     1.19463    0.167251    0.143528
         278      1.1961    0.170952    0.143059
         279      1.1987    0.174635    0.142594
         280     1.20001    0.178298    0.142132
         281     1.20198    0.181941    0.141673
         282     1.20462    0.185567    0.141217
         283      1.2084    0.189181    0.140764
         284     1.21167    0.192782    0.140314
         285     1.21469    0.196367    0.139868
         286     1.21842    0.199941    0.139424
         287     1.22241    0.203504    0.138984
         288      1.2262    0.207055    0.138547
         289     1.23101    0.210598    0.138113
         290     1.23589    0.214133    0.137682
         291     1.24087    0.217661    0.137254
         292     1.24594    0.221183    0.136829
         293     1.25163      0.2247    0.136407
         294      1.2577    0.228213    0.135988
         295     1.26439    0.231726    0.135573
         296     1.27197     0.23524     0.13516
         297     1.27922    0.238755    0.134751
         298     1.28688    0.242273    0.134345
         299     1.29518    0.245794    0.133941
         300     1.30363     0.24932    0.133541
         301     1.31222    0.252851    0.133144
         302      1.3219    0.256391    0.132751
         303     1.33168     0.25994     0.13236
         304     1.34107    0.263496    0.131972
         305     1.35148    0.267064    0.131588
         306     1.36217    0.270642    0.131206
         307     1.37309    0.274233    0.130828
         308       1.384    0.277836    0.130453
         309     1.39581    0.281454    0.130081
         310     1.40778    0.285088    0.129712
         311     1.41939    0.288735    0.129346
         312     1.43063    0.292395    0.128983
         313     1.44219    0.296068    0.128624
         314     1.45429    0.299757    0.128267
         315     1.46549    0.303458    0.127913
         316      1.4772    0.307172    0.127562
         317     1.48895      0.3109    0.127214
         318     1.50072    0.314642    0.126869
         319     1.51205    0.318395    0.126527
         320     1.52413    0.322163    0.126188
         321     1.53624    0.325945    0.125851
         322     1.54865    0.329743    0.125518
         323     1.56062    0.333553    0.125187
         324     1.57289    0.337379    0.124859
         325     1.58449    0.341216    0.124534
         326     1.59688    0.345068    0.124211
         327     1.60908    0.348933    0.123892
         328     1.62109    0.352812    0.123575
         329     1.63289    0.356702     0.12326
         330     1.64471    0.360605    0.122948
         331     1.65749    0.364523    0.122639
         332     1.66974    0.368455    0.122333
         333      1.6819    0.372399    0.122029
         334     1.69442    0.376357    0.121728
         335     1.70676    0.380329    0.121429
         336     1.71861    0.384312    0.121133
         337     1.72992    0.388305     0.12084
         338     1.74158    0.392308    0.120549
         339     1.75304    0.396322     0.12026
         340     1.76304    0.400342    0.119973
         341     1.77221    0.404365    0.119689
         342     1.78122    0.408391    0.119407
         343     1.78879    0.412415    0.119126
         344      1.7963    0.416438    0.118848
         345     1.80274    0.420457    0.118571
         346     1.80876    0.424469    0.118296
         347     1.81409    0.428474    0.118023
         348     1.81773    0.432466    0.117752
         349     1.82059    0.436443    0.117481
         350     1.82218    0.440403    0.117212
         351     1.82248     0.44434    0.116945
         352      1.8222    0.448254    0.116678
         353     1.82038    0.452141    0.116412
         354     1.81678    0.455996    0.116147
         355     1.81406    0.459822    0.115883
         356     1.80936    0.463613    0.115619
         357     1.80319    0.467365    0.115356
         358     1.79678    0.471079    0.115094
         359     1.78946    0.474751    0.114832
         360     1.78127     0.47838     0.11457
         361     1.77202    0.481964    0.114309
         362     1.76201      0.4855    0.114048
         363     1.75154    0.488987    0.113787
         364     1.74066    0.492426    0.113526
         365     1.72801    0.495811    0.113266
         366     1.71558    0.499144    0.113005
         367     1.70247    0.502423    0.112745
         368     1.68972    0.505649    0.112485
         369     1.67691    0.508823    0.112225
         370     1.66363    0.511944    0.111965
         371     1.64994    0.515012    0.111705
         372      1.6364    0.518026    0.111445
         373     1.62185    0.520985    0.111186
         374     1.60757    0.523891    0.110926
         375     1.59409    0.526745    0.110667
         376      1.5805    0.529547    0.110408
         377     1.56684    0.532299     0.11015
         378      1.5539    0.535001    0.109892
         379     1.54001    0.537653    0.109634
         380     1.52763    0.540258    0.109376
         381     1.51536    0.542818    0.109119
         382     1.50321    0.545332    0.108862
         383     1.49196    0.547803    0.108606
         384     1.47993    0.550231     0.10835
         385     1.46957    0.552619    0.108095
         386     1.45969    0.554968    0.107841
         387      1.4501    0.557281    0.107587
         388     1.44128     0.55956    0.107334
         389      1.4328    0.561805    0.107081
         390     1.42493    0.564018     0.10683
         391     1.41648    0.566198    0.106579
         392     1.40894    0.568348    0.106328
         393     1.40258    0.570471    0.106079
         394     1.39695    0.572568    0.105831
         395     1.39233    0.574644    0.105583
         396     1.38922    0.576701    0.105336
         397     1.38621     0.57874    0.105091
         398     1.38455    0.580764    0.104846
         399     1.38279    0.582774    0.104603
         400      1.3817    0.584772     0.10436
         401     1.38223     0.58676    0.104119
         402     1.38343    0.588742    0.103879
         403     1.38577     0.59072     0.10364
         404     1.38924    0.592696    0.103402
         405     1.39213     0.59467    0.103166
         406     1.39726    0.596647    0.102931
         407     1.40315    0.598629    0.102697
         408     1.41021    0.600618    0.102464
         409     1.41738    0.602615    0.102233
         410     1.42457     0.60462    0.102004
         411     1.43288    0.606635    0.101775
         412     1.44098     0.60866    0.101548
         413     1.44898    0.610695    0.101323
         414     1.45579    0.612736    0.101099
         415     1.46345    0.614786    0.100876
         416     1.47112    0.616844    0.100654
         417     1.47916    0.618912    0.100434
         418     1.48626    0.620987    0.100215
         419     1.49257    0.623067   0.0999978
         420     1.49826    0.625151   0.0997814
         421     1.50377    0.627238   0.0995663
         422     1.50786    0.629325   0.0993522
         423     1.51222    0.631412   0.0991392
         424     1.51519    0.633497   0.0989273
         425     1.51777    0.635577   0.0987164
         426     1.52027    0.637654   0.0985065
         427     1.52084    0.639722   0.0982976
         428      1.5215    0.641783   0.0980895
         429     1.52235    0.643835   0.0978823
         430     1.52278    0.645879    0.097676
         431     1.52314    0.647915   0.0974706
         432     1.52377    0.649942   0.0972661
         433     1.52428    0.651961   0.0970624
         434       1.525    0.653973   0.0968596
         435     1.52578    0.655977   0.0966576
         436     1.52787    0.657977   0.0964566
         437     1.52891     0.65997   0.0962565
         438      1.5316     0.66196   0.0960573
         439     1.53426    0.663947    0.095859
         440     1.53906    0.665936   0.0956618
         441     1.54262    0.667924   0.0954655
         442      1.5471    0.669913   0.0952703
         443     1.55174    0.671903    0.095076
         444     1.55674    0.673896   0.0948828
         445      1.5623    0.675893   0.0946905
         446     1.56861    0.677894   0.0944994
         447      1.5749    0.679901   0.0943093
         448     1.58038    0.681911   0.0941202
         449     1.58717    0.683927   0.0939322
         450     1.59378    0.685949   0.0937452
         451     1.60014    0.687976   0.0935592
         452     1.60719     0.69001   0.0933743
         453      1.6132    0.692048   0.0931905
         454     1.61957    0.694091   0.0930076
         455     1.62507    0.696137   0.0928257
         456     1.63112    0.698187   0.0926447
         457     1.63674    0.700241   0.0924648
         458     1.64216    0.702298   0.0922858
         459     1.64639    0.704354   0.0921076
         460     1.65136    0.706413   0.0919304
         461     1.65633    0.708474   0.0917541
         462     1.66058    0.710535   0.0915786
         463     1.66433    0.712595    0.091404
         464     1.66902    0.714656   0.0912302
         465     1.67295    0.716717   0.0910573
         466     1.67611    0.718775   0.0908852
         467     1.67849    0.720831   0.0907138
         468     1.68076    0.722882   0.0905431
         469     1.68269    0.724928   0.0903732
         470     1.68472     0.72697    0.090204
         471     1.68635    0.729007   0.0900355
         472     1.68756    0.731038   0.0898676
         473     1.68832    0.733062   0.0897004
         474     1.68863    0.735078   0.0895338
         475     1.68849    0.737085   0.0893678
         476     1.68838    0.739084   0.0892024
         477     1.68734    0.741072   0.0890376
         478     1.68565    0.743048   0.0888732
         479     1.68407    0.745012   0.0887094
         480     1.68119    0.746963    0.088546
         481     1.67829    0.748899   0.0883831
         482     1.67566    0.750821   0.0882206
         483     1.67267     0.75273   0.0880586
         484      1.6694    0.754624   0.0878971
         485     1.66665    0.756505   0.0877359
         486     1.66428    0.758372   0.0875753
         487     1.66188    0.760228   0.0874151
         488     1.65931     0.76207   0.0872554
         489      1.6576    0.763901   0.0870962
         490      1.6554    0.765721   0.0869374
         491     1.65349    0.767529   0.0867792
         492     1.65387     0.76933   0.0866215
         493     1.65371    0.771124   0.0864644
         494     1.65498    0.772913   0.0863078
         495      1.6558    0.774697   0.0861519
         496     1.65788    0.776478   0.0859966
         497     1.66174    0.778259    0.085842
         498     1.66572    0.780041   0.0856882
         499     1.67006    0.781824    0.085535
         500     1.67574    0.783612   0.0853826
         501     1.68276    0.785407    0.085231
         502     1.69015    0.787209   0.0850803
         503     1.69862    0.789021   0.0849305
         504     1.70789    0.790844   0.0847815
         505     1.71772     0.79268   0.0846335
         506     1.72782    0.794528   0.0844864
         507     1.73911    0.796391   0.0843403
         508     1.75177    0.798272   0.0841953
         509     1.76359    0.800168   0.0840512
         510      1.7774    0.802084   0.0839082
         511     1.79118     0.80402   0.0837663
         512     1.80535    0.805976   0.0836256
         513     1.81958    0.807951   0.0834859
         514     1.83476    0.809949   0.0833474
         515     1.84936    0.811967     0.08321
         516       1.864    0.814006   0.0830737
         517     1.87982    0.816068   0.0829386
         518     1.89458     0.81815   0.0828046
         519     1.90941    0.820252   0.0826717
         520     1.92377    0.822374     0.08254
         521     1.93713    0.824514   0.0824093
         522     1.95064    0.826671   0.0822796
         523     1.96356    0.828845    0.082151
         524     1.97682    0.831036   0.0820235
         525     1.98945    0.833243   0.0818969
         526     2.00216    0.835465   0.0817713
         527     2.01424    0.837702   0.0816468
         528     2.02617    0.839952   0.0815231
         529     2.03723    0.842216   0.0814005
         530     2.04742     0.84449   0.0812786
         531     2.05796    0.846775   0.0811577
         532     2.06835    0.849071   0.0810376
         533     2.07787    0.851377   0.0809183
         534     2.08675     0.85369   0.0807999
         535     2.09521    0.856011   0.0806822
         536     2.10297    0.858337   0.0805652
         537     2.11121     0.86067   0.0804489
         538     2.11843    0.863008   0.0803333
         539     2.12507    0.865349   0.0802184
         540     2.13132    0.867694   0.0801041
         541     2.13711     0.87004   0.0799904
         542     2.14095    0.872385   0.0798772
         543     2.14518    0.874729   0.0797645
         544     2.14854    0.877071   0.0796522
         545     2.14952    0.879405   0.0795403
         546     2.15024    0.881733   0.0794286
         547     2.15042    0.884052   0.0793173
         548     2.15001    0.886363   0.0792062
         549     2.14802    0.888661   0.0790952
         550     2.14418    0.890943   0.0789844
         551     2.13944    0.893209   0.0788735
         552     2.13356    0.895456   0.0787626
         553       2.127    0.897683   0.0786517
         554     2.11857    0.899887   0.0785406
         555     2.10975    0.902067   0.0784293
         556     2.09909     0.90422   0.0783178
         557      2.0876    0.906344    0.078206
         558      2.0758     0.90844   0.0780939
         559     2.06323    0.910506   0.0779815
         560     2.04851    0.912538   0.0778688
         561     2.03361    0.914537   0.0777556
         562     2.01834    0.916501    0.077642
         563     2.00179    0.918428   0.0775281
         564     1.98378    0.920317   0.0774136
         565     1.96533    0.922167   0.0772987
         566     1.94625    0.923976   0.0771833
         567      1.9271    0.925745   0.0770674
         568      1.9072    0.927473   0.0769511
         569     1.88637    0.929158   0.0768343
         570     1.86466      0.9308   0.0767171
         571      1.8431    0.932397   0.0765993
         572     1.82195    0.933953   0.0764812
         573     1.80057    0.935465   0.0763627
         574     1.77801    0.936933   0.0762438
         575     1.75577    0.938357   0.0761245
         576     1.73339    0.939737   0.0760048
         577     1.71066    0.941073   0.0758848
         578     1.68833    0.942366   0.0757645
         579     1.66618    0.943616    0.075644
         580     1.64327    0.944823   0.0755232
         581     1.62032    0.945985   0.0754022
         582     1.59783    0.947105   0.0752809
         583     1.57461    0.948182   0.0751595
         584     1.55137    0.949214   0.0750379
         585     1.52886    0.950205   0.0749162
         586     1.50635    0.951154   0.0747943
         587     1.48289     0.95206   0.0746724
         588     1.46019    0.952924   0.0745504
         589     1.43826    0.953748   0.0744284
         590      1.4152     0.95453   0.0743063
         591     1.39271    0.955272   0.0741843
         592     1.37085    0.955974   0.0740623
         593     1.34843    0.956636   0.0739404
         594     1.32696    0.957259   0.0738185
         595     1.30528    0.957844   0.0736968
         596     1.28489    0.958393   0.0735752
         597     1.26345    0.958904   0.0734537
         598     1.24366     0.95938   0.0733324
         599     1.22416    0.959822   0.0732113
         600     1.20475     0.96023   0.0730905
         601     1.18623    0.960606   0.0729698
         602     1.16817    0.960951   0.0728494
         603     1.15158    0.961267   0.0727293
         604     1.13484    0.961554   0.0726094
         605     1.11896    0.961815   0.0724899
         606     1.10419     0.96205   0.0723706
         607     1.09059    0.962261   0.0722517
         608     1.07767    0.962451   0.0721331
         609     1.06594    0.962621   0.0720149
         610      1.0554    0.962773    0.071897
         611     1.04628     0.96291   0.0717795
         612     1.03808    0.963033   0.0716623
         613     1.03054    0.963143   0.0715455
         614     1.02338    0.963241    0.071429
         615      1.0173    0.963329   0.0713129
         616     1.01177    0.963407   0.0711972
         617     1.00698    0.963478   0.0710818
         618     1.00168     0.96354   0.0709668
         619    0.998451    0.963596   0.0708522
         620    0.995082    0.963647    0.070738
         621    0.992723    0.963694   0.0706241
         622    0.990357    0.963737   0.0705105
         623    0.988654    0.963777   0.0703974
         624    0.987814    0.963815   0.0702846
         625    0.986591    0.963852   0.0701721
         626    0.986633    0.963888     0.07006
         627    0.986705    0.963925   0.0699483
         628     0.98678    0.963961   0.0698369
         629    0.987084    0.963998   0.0697259
         630    0.987846    0.964036   0.0696152
         631    0.988335    0.964074   0.0695049
         632    0.988787    0.964113    0.069395
         633    0.989692    0.964154   0.0692853
         634    0.991299    0.964196   0.0691761
         635    0.992649    0.964241   0.0690671
         636    0.994477    0.964289   0.0689586
         637    0.995832    0.964338   0.0688503
         638     0.99841    0.964392   0.0687424
         639     1.00174     0.96445   0.0686349
         640     1.00486    0.964513   0.0685277
         641      1.0085    0.964582   0.0684208
         642     1.01241    0.964656   0.0683143
         643     1.01491    0.964735   0.0682081
         644     1.01887    0.964819   0.0681022
         645     1.02307    0.964909   0.0679967
         646     1.02725    0.965005   0.0678915
         647     1.03186    0.965109   0.0677866
         648     1.03663    0.965219   0.0676821
         649     1.04129    0.965336   0.0675779
         650     1.04627    0.965461   0.0674741
         651     1.05108    0.965592   0.0673706
         652     1.05614    0.965731   0.0672674
         653     1.06118    0.965877   0.0671645
         654     1.06689    0.966032    0.067062
         655     1.07229    0.966194   0.0669598
         656     1.07854    0.966365    0.066858
         657       1.083    0.966543   0.0667564
         658     1.08733    0.966726   0.0666552
         659     1.09177    0.966916   0.0665544
         660     1.09681    0.967113   0.0664538
         661     1.10102    0.967316   0.0663536
         662     1.10512    0.967524   0.0662537
         663     1.10867    0.967737   0.0661541
         664     1.11242    0.967954   0.0660548
         665     1.11614    0.968177   0.0659559
         666     1.12036    0.968406   0.0658572
         667     1.12461     0.96864   0.0657589
         668     1.12918     0.96888   0.0656609
         669     1.13334    0.969126   0.0655632
         670     1.13786    0.969378   0.0654658
         671     1.14179    0.969635   0.0653688
         672     1.14729    0.969899    0.065272
         673     1.15196     0.97017   0.0651756
         674     1.15701    0.970447   0.0650795
         675     1.16217    0.970731   0.0649837
         676     1.16744    0.971022   0.0648882
         677     1.17254     0.97132   0.0647931
         678     1.17769    0.971624   0.0646982
         679     1.18237    0.971934   0.0646037
         680     1.18727    0.972251   0.0645094
         681     1.19257    0.972575   0.0644155
         682     1.19704    0.972904   0.0643219
         683     1.20133    0.973238   0.0642286
         684     1.20565    0.973578   0.0641356
         685     1.21018    0.973923   0.0640429
         686     1.21439    0.974274   0.0639505
         687     1.21847    0.974629   0.0638584
         688     1.22166    0.974988   0.0637666
         689     1.22415     0.97535   0.0636751
         690      1.2259    0.975713   0.0635838
         691      1.2276    0.976078   0.0634929
         692     1.22898    0.976443   0.0634022
         693     1.22978    0.976809   0.0633117
         694      1.2295    0.977173   0.0632215
         695     1.22934    0.977536   0.0631316
         696     1.22856    0.977896   0.0630419
         697     1.22645    0.978253   0.0629525
         698     1.22423    0.978605   0.0628633
         699     1.22144    0.978953   0.0627743
         700     1.21737    0.979293   0.0626856
         701     1.21327    0.979627    0.062597
         702      1.2087    0.979954   0.0625087
         703     1.20371    0.980272   0.0624206
         704      1.1986    0.980582   0.0623327
         705     1.19269    0.980883    0.062245
         706     1.18726    0.981175   0.0621576
         707     1.18044    0.981457   0.0620703
         708     1.17425    0.981729   0.0619832
         709     1.16851    0.981993   0.0618963
         710     1.16329    0.982248   0.0618097
         711     1.15675    0.982493   0.0617232
         712     1.15136    0.982731    0.061637
         713     1.14528    0.982959    0.061551
         714     1.13952    0.983178   0.0614652
         715     1.13418    0.983389   0.0613796
         716     1.12978    0.983594   0.0612942
         717     1.12542    0.983791    0.061209
         718     1.12188    0.983984   0.0611241
         719     1.11871    0.984171   0.0610393
         720     1.11619    0.984354   0.0609548
         721     1.11435    0.984535   0.0608706
         722     1.11346    0.984713   0.0607865
         723     1.11353    0.984891   0.0607027
         724     1.11432     0.98507   0.0606191
         725     1.11607    0.985251   0.0605358
         726     1.11708    0.985432   0.0604527
         727     1.11998    0.985618   0.0603698
         728     1.12306    0.985806   0.0602872
         729     1.12749    0.986001   0.0602048
         730     1.13275    0.986202   0.0601226
         731     1.13856     0.98641   0.0600408
         732     1.14388    0.986625   0.0599591
         733     1.14965    0.986848   0.0598777
         734      1.1565    0.987079   0.0597966
         735     1.16319    0.987318   0.0597157
         736     1.17034    0.987567   0.0596351
         737     1.17766    0.987825   0.0595547
         738     1.18507    0.988092   0.0594747
         739     1.19105    0.988367   0.0593948
         740     1.19841    0.988651   0.0593152
         741     1.20538    0.988943   0.0592359
         742     1.21166    0.989243   0.0591568
         743     1.21884    0.989552    0.059078
         744     1.22542    0.989869   0.0589995
         745     1.23204    0.990195   0.0589212
         746     1.23768    0.990526   0.0588431
         747     1.24276    0.990864   0.0587653
         748     1.24626    0.991205   0.0586877
         749     1.25007    0.991551   0.0586104
         750     1.25293      0.9919   0.0585333
         751     1.25505     0.99225   0.0584564
         752     1.25546      0.9926   0.0583797
         753     1.25534    0.992949   0.0583032
         754     1.25564    0.993297   0.0582269
         755      1.2547    0.993643   0.0581508
         756     1.25301    0.993987   0.0580749
         757     1.25012    0.994325   0.0579992
         758      1.2475    0.994659   0.0579236
         759     1.24401    0.994987   0.0578483
         760     1.23969    0.995309    0.057773
         761     1.23485    0.995624    0.057698
         762      1.2298    0.995932   0.0576231
         763     1.22436    0.996231   0.0575483
         764     1.21837    0.996522   0.0574737
         765     1.21285    0.996804   0.0573993
         766     1.20693    0.997079    0.057325
         767     1.20018    0.997344   0.0572509
         768     1.19341    0.997599   0.0571769
         769     1.18692    0.997845   0.0571031
         770     1.18124    0.998083   0.0570294
         771     1.17498    0.998313   0.0569559
         772     1.16916    0.998534   0.0568826
         773     1.16333    0.998747   0.0568094
         774     1.15728    0.998952   0.0567364
         775     1.15224     0.99915   0.0566635
         776     1.14752    0.999341   0.0565908
         777     1.14288    0.999526   0.0565183
         778     1.13811    0.999704   0.0564459
         779     1.13415    0.999876   0.0563737
         780     1.13054     1.00004   0.0563017
         781     1.12654     1.00021   0.0562298
         782     1.12407     1.00036   0.0561582
         783     1.12096     1.00052   0.0560867
         784     1.11959     1.00067   0.0560153
         785     1.11705     1.00082   0.0559442
         786     1.11597     1.00096   0.0558732
         787      1.1144     1.00111   0.0558024
         788     1.11326     1.00125   0.0557317
         789     1.11228     1.00139   0.0556613
         790     1.11142     1.00153    0.055591
         791     1.11089     1.00167   0.0555209
         792     1.10993     1.00181   0.0554509
         793     1.10823     1.00194   0.0553812
         794     1.10698     1.00207   0.0553116
         795     1.10611      1.0022   0.0552422
         796     1.10462     1.00233   0.0551729
         797     1.10271     1.00246   0.0551038
         798     1.10104     1.00258   0.0550349
         799     1.10032      1.0027   0.0549662
         800     1.09736     1.00282   0.0548976
         801     1.09408     1.00294   0.0548292
         802     1.09141     1.00305   0.0547609
         803     1.08835     1.00315   0.0546928
         804     1.08443     1.00325   0.0546249
         805     1.08108     1.00335   0.0545571
         806     1.07711     1.00344   0.0544895
         807     1.07228     1.00353   0.0544221
         808      1.0666     1.00361   0.0543548
         809     1.06205     1.00368   0.0542876
         810     1.05695     1.00374   0.0542206
         811     1.05088      1.0038   0.0541538
         812     1.04435     1.00385   0.0540872
         813     1.03814     1.00389   0.0540206
         814     1.03086     1.00393   0.0539543
         815     1.02424     1.00395   0.0538881
         816     1.01761     1.00397   0.0538221
         817     1.01104     1.00398   0.0537562
         818     1.00456     1.00398   0.0536905
         819    0.998237     1.00397   0.0536249
         820    0.992345     1.00396   0.0535595
         821    0.987172     1.00394   0.0534943
         822    0.982027     1.00391   0.0534292
         823     0.97598     1.00388   0.0533643
         824      0.9717     1.00384   0.0532996
         825     0.96656     1.00379    0.053235
         826      0.9625     1.00374   0.0531705
         827    0.958807     1.00369   0.0531063
         828    0.954511     1.00363   0.0530422
         829    0.951054     1.00356   0.0529782
         830    0.948433      1.0035   0.0529144
         831     0.94591     1.00343   0.0528508
         832    0.943226     1.00336   0.0527873
         833    0.940837     1.00328    0.052724
         834    0.939442      1.0032   0.0526609
         835    0.938293     1.00313   0.0525978
         836    0.936399     1.00305    0.052535
         837    0.935413     1.00297   0.0524723
         838    0.934101     1.00288   0.0524097
         839    0.933154      1.0028   0.0523473
         840     0.93278     1.00272   0.0522851
         841    0.931744     1.00263    0.052223
         842    0.931941     1.00255    0.052161
         843    0.931412     1.00246   0.0520992
         844    0.931091     1.00238   0.0520376
         845    0.929985     1.00229    0.051976
         846    0.929511     1.00221   0.0519147
         847    0.929158     1.00212   0.0518535
         848    0.928423     1.00204   0.0517924
         849    0.927768     1.00195   0.0517315
         850    0.926441     1.00186   0.0516707
         851    0.924434     1.00177     0.05161
         852    0.923177     1.00168   0.0515495
         853    0.921691     1.00158   0.0514892
         854    0.919726     1.00149    0.051429
         855    0.917274     1.00139   0.0513689
         856    0.914821     1.00129    0.051309
         857    0.911407     1.00118   0.0512493
         858    0.908241     1.00107   0.0511896
         859    0.904615     1.00096   0.0511302
         860    0.901025     1.00085   0.0510708
         861    0.897973     1.00073   0.0510117
         862    0.894523      1.0006   0.0509526
         863    0.890465     1.00047   0.0508938
         864    0.885589     1.00034    0.050835
         865    0.881617      1.0002   0.0507764
         866    0.877874     1.00006    0.050718
         867     0.87344    0.999917   0.0506597
         868    0.869566    0.999767   0.0506016
         869     0.86534    0.999612   0.0505436
         870    0.861532    0.999454   0.0504857
         871    0.857957    0.999291    0.050428
         872    0.854425    0.999125   0.0503705
         873     0.85147    0.998956   0.0503131
         874    0.849383    0.998785   0.0502558
         875    0.847013    0.998611   0.0501987
         876     0.84489    0.998436   0.0501417
         877    0.843297    0.998259   0.0500848
         878    0.842758    0.998082   0.0500281
         879    0.842593    0.997905   0.0499715
         880    0.843557     0.99773    0.049915
         881      0.8452    0.997556   0.0498586
         882     0.84851    0.997387   0.0498024
         883     0.85134    0.997222   0.0497463
         884    0.855393    0.997062   0.0496902
         885    0.859722    0.996906   0.0496343
         886    0.865057    0.996758   0.0495785
         887    0.870195    0.996615   0.0495229
         888    0.876104    0.996479   0.0494673
         889    0.883262    0.996352   0.0494118
         890    0.891421    0.996234   0.0493564
         891    0.900335    0.996126   0.0493011
         892    0.909758    0.996029    0.049246
         893    0.920164    0.995945   0.0491909
         894    0.931057    0.995872   0.0491359
         895    0.942912    0.995813   0.0490811
         896    0.954996    0.995767   0.0490263
         897    0.968027    0.995736   0.0489716
         898    0.982721    0.995722   0.0489171
         899    0.996907    0.995723   0.0488627
         900     1.01203    0.995741   0.0488084
         901      1.0281    0.995777   0.0487543
         902      1.0456    0.995832   0.0487002
         903     1.06333    0.995907   0.0486464
         904     1.08252    0.996003   0.0485926
         905     1.10027    0.996118   0.0485391
         906     1.12023    0.996255   0.0484857
         907     1.14001    0.996414   0.0484325
         908     1.16155    0.996596   0.0483795
         909     1.18464    0.996802   0.0483267
         910     1.20785    0.997034   0.0482742
         911     1.23169    0.997292   0.0482219
         912     1.25643    0.997576   0.0481698
         913     1.28182    0.997887   0.0481181
         914     1.30839    0.998227   0.0480666
         915     1.33589    0.998596   0.0480155
         916     1.36409    0.998995   0.0479648
         917      1.3942    0.999426   0.0479144
         918       1.425     0.99989   0.0478644
         919     1.45648     1.00039   0.0478149
         920     1.48814     1.00092   0.0477659
         921      1.5209     1.00148   0.0477174
         922      1.5552     1.00208   0.0476694
         923     1.58979     1.00272    0.047622
         924      1.6258     1.00339   0.0475752
         925     1.66219     1.00411   0.0475291
         926      1.6979     1.00485   0.0474837
         927     1.73451     1.00564    0.047439
         928     1.77141     1.00647   0.0473951
         929      1.8092     1.00733   0.0473519
         930     1.84674     1.00823   0.0473096
         931      1.8822     1.00917   0.0472681
         932       1.919     1.01015   0.0472275
         933     1.95575     1.01116   0.0471877
         934     1.99057     1.01221   0.0471489
         935     2.02422     1.01329   0.0471109
         936     2.05746     1.01441   0.0470737
         937     2.09034     1.01556   0.0470375
         938     2.12145     1.01674   0.0470021
         939     2.15086     1.01794   0.0469676
         940     2.17839     1.01918   0.0469338
         941     2.20221     1.02044   0.0469008
         942     2.22509     1.02171   0.0468684
         943     2.24596     1.02301   0.0468367
         944     2.26306     1.02433   0.0468055
         945     2.27948     1.02565   0.0467748
         946     2.29253     1.02699   0.0467446
         947     2.30367     1.02834   0.0467146
         948     2.31218      1.0297    0.046685
         949      2.3181     1.03105   0.0466555
         950     2.32195     1.03241   0.0466262
         951     2.32402     1.03377   0.0465969
         952     2.32364     1.03513   0.0465677
         953     2.32134     1.03647   0.0465384
         954     2.31643     1.03782   0.0465089
         955     2.30993     1.03915   0.0464793
         956     2.30138     1.04047   0.0464494
         957     2.29032     1.04177   0.0464193
         958     2.27799     1.04307   0.0463887
         959     2.26246     1.04434   0.0463578
         960     2.24617     1.04559   0.0463264
         961     2.22816     1.04682   0.0462945
         962     2.20821     1.04803   0.0462621
         963     2.18635     1.04921   0.0462292
         964     2.16188     1.05036   0.0461957
         965     2.13534     1.05149   0.0461615
         966     2.10748     1.05258   0.0461266
         967     2.07766     1.05364   0.0460911
         968     2.04667     1.05467   0.0460549
         969     2.01341     1.05566    0.046018
         970     1.97944     1.05661   0.0459804
         971     1.94342     1.05752   0.0459421
         972     1.90573     1.05839   0.0459031
         973      1.8687     1.05923   0.0458635
         974     1.82935     1.06002   0.0458232
         975     1.79004     1.06077   0.0457824
         976      1.7502     1.06147   0.0457409
         977     1.71028     1.06214   0.0456989
         978     1.66975     1.06276   0.0456564
         979     1.62952     1.06334   0.0456134
         980     1.58907     1.06387   0.0455701
         981     1.54906     1.06437   0.0455263
         982     1.51018     1.06482   0.0454822
         983     1.47141     1.06524   0.0454378
         984     1.43363     1.06561   0.0453932
         985     1.39774     1.06595   0.0453483
         986     1.36294     1.06625   0.0453033
         987     1.32862     1.06651   0.0452582
         988     1.29662     1.06675    0.045213
         989     1.26607     1.06695   0.0451677
         990     1.23805     1.06712   0.0451224
         991      1.2107     1.06727   0.0450772
         992     1.18675     1.06739   0.0450319
         993     1.16432     1.06748   0.0449866
         994     1.14465     1.06756   0.0449414
         995     1.12705     1.06762   0.0448963
         996     1.11128     1.06767   0.0448513
         997     1.09687     1.06769   0.0448063
         998     1.08475     1.06771   0.0447614
         999     1.07491     1.06772   0.0447166
        1000     1.06681     1.06772   0.0446719
        1001      1.0609     1.06771   0.0446272
        1002     1.05663      1.0677   0.0445827
        1003     1.05418     1.06769   0.0445383
        1004     1.05227     1.06767   0.0444939
        1005     1.05348     1.06766   0.0444496
        1006     1.05627     1.06765   0.0444054
        1007     1.06081     1.06764   0.0443613
        1008     1.06701     1.06764   0.0443173
        1009     1.07382     1.06764   0.0442734
        1010     1.08308     1.06766   0.0442296
        1011     1.09159     1.06768   0.0441858
        1012     1.10192     1.06772   0.0441422
        1013     1.11303     1.06776   0.0440986
        1014     1.12509     1.06782   0.0440552
        1015     1.13829     1.06789   0.0440118
        1016     1.15231     1.06797   0.0439686
        1017     1.16616     1.06807   0.0439255
        1018     1.18169     1.06818   0.0438825
        1019      1.1984     1.06831   0.0438396
        1020      1.2155     1.06845   0.0437968
        1021      1.2332     1.06861   0.0437542
        1022     1.25146     1.06879   0.0437118
        1023     1.27071     1.06899   0.0436695
        1024     1.29018     1.06921   0.0436274
        1025      1.3096     1.06944   0.0435855
        1026     1.32985     1.06969   0.0435437
        1027     1.34921     1.06997   0.0435022
        1028     1.36999     1.07026   0.0434608
        1029     1.39094     1.07057   0.0434197
        1030     1.41172      1.0709   0.0433788
        1031     1.43153     1.07125   0.0433382
        1032     1.45099     1.07162   0.0432977
        1033      1.4712     1.07201   0.0432575
        1034     1.49109     1.07241   0.0432176
        1035     1.51006     1.07283   0.0431779
        1036     1.52896     1.07327   0.0431385
        1037     1.54645     1.07373   0.0430993
        1038     1.56434      1.0742   0.0430604
        1039     1.58082     1.07469   0.0430217
        1040     1.59767     1.07519   0.0429833
        1041     1.61165     1.07571   0.0429451
        1042     1.62433     1.07623   0.0429071
        1043     1.63583     1.07677   0.0428693
        1044     1.64557     1.07732   0.0428317
        1045     1.65442     1.07787   0.0427943
        1046     1.66157     1.07843    0.042757
        1047     1.66646     1.07899   0.0427198
        1048     1.66952     1.07955   0.0426828
        1049     1.67095     1.08012   0.0426458
        1050     1.67024     1.08068   0.0426089
        1051     1.66714     1.08124    0.042572
        1052     1.66215     1.08179   0.0425351
        1053       1.656     1.08233   0.0424982
        1054     1.64707     1.08287   0.0424613
        1055     1.63683     1.08339   0.0424243
        1056     1.62465     1.08391   0.0423872
        1057     1.61133     1.08441     0.04235
        1058       1.596     1.08489   0.0423128
        1059     1.58023     1.08536   0.0422754
        1060     1.56292     1.08581   0.0422379
        1061     1.54421     1.08624   0.0422003
        1062     1.52422     1.08665   0.0421626
        1063     1.50334     1.08704   0.0421248
        1064     1.48243     1.08742   0.0420868
        1065     1.46019     1.08777   0.0420488
        1066     1.43773     1.08809   0.0420106
        1067     1.41495      1.0884   0.0419723
        1068     1.39151     1.08868    0.041934
        1069     1.36827     1.08895   0.0418956
        1070     1.34561     1.08919   0.0418571
        1071      1.3227      1.0894   0.0418186
        1072     1.30015      1.0896     0.04178
        1073     1.27856     1.08978   0.0417415
        1074     1.25804     1.08993   0.0417029
        1075     1.23751     1.09007   0.0416643
        1076     1.21801     1.09019   0.0416258
        1077      1.1999     1.09029   0.0415873
        1078     1.18204     1.09038   0.0415488
        1079     1.16501     1.09044   0.0415103
        1080     1.14887      1.0905   0.0414719
        1081     1.13416     1.09054   0.0414336
        1082     1.12141     1.09057   0.0413953
        1083     1.10971     1.09059   0.0413571
        1084     1.09837     1.09059   0.0413189
        1085     1.08934     1.09059   0.0412808
        1086      1.0819     1.09058   0.0412428
        1087     1.07584     1.09057   0.0412049
        1088     1.07065     1.09055    0.041167
        1089     1.06585     1.09053   0.0411292
        1090      1.0636      1.0905   0.0410915
        1091     1.06312     1.09048   0.0410538
        1092      1.0632     1.09045   0.0410163
        1093     1.06426     1.09043   0.0409787
        1094     1.06625     1.09041   0.0409413
        1095     1.06985     1.09039   0.0409039
        1096     1.07476     1.09038   0.0408666
        1097     1.08091     1.09037   0.0408293
        1098     1.08798     1.09036   0.0407921
        1099     1.09495     1.09037    0.040755
        1100     1.10292     1.09038    0.040718
        1101     1.11208      1.0904    0.040681
        1102     1.12161     1.09043   0.0406441
        1103     1.13119     1.09046   0.0406073
        1104     1.14194     1.09051   0.0405705
        1105     1.15209     1.09057   0.0405338
        1106     1.16349     1.09063   0.0404972
        1107     1.17486     1.09071   0.0404607
        1108     1.18635      1.0908   0.0404243
        1109     1.19837     1.09089    0.040388
        1110     1.21038       1.091   0.0403517
        1111     1.22182     1.09112   0.0403156
        1112     1.23359     1.09125   0.0402795
        1113     1.24444     1.09138   0.0402436
        1114       1.256     1.09153   0.0402077
        1115     1.26656     1.09169    0.040172
        1116      1.2775     1.09185   0.0401363
        1117     1.28786     1.09203   0.0401008
        1118      1.2976     1.09221   0.0400653
        1119       1.306     1.09241     0.04003
        1120     1.31378      1.0926   0.0399947
        1121     1.32189     1.09281   0.0399596
        1122     1.32986     1.09302   0.0399245
        1123     1.33749     1.09324   0.0398895
        1124     1.34478     1.09346   0.0398547
        1125     1.35153     1.09369   0.0398199
        1126     1.35705     1.09392   0.0397852
        1127     1.36305     1.09416   0.0397507
        1128     1.36885     1.09441   0.0397162
        1129      1.3757     1.09466   0.0396818
        1130     1.38147     1.09491   0.0396475
        1131     1.38715     1.09517   0.0396132
        1132      1.3928     1.09543   0.0395791
        1133     1.39892      1.0957   0.0395451
        1134     1.40483     1.09597   0.0395112
        1135     1.41031     1.09625   0.0394773
        1136     1.41637     1.09653   0.0394436
        1137     1.42252     1.09682   0.0394099
        1138     1.42881     1.09711   0.0393764
        1139     1.43498      1.0974   0.0393429
        1140      1.4408     1.09771   0.0393096
        1141     1.44724     1.09801   0.0392763
        1142     1.45476     1.09832   0.0392432
        1143     1.46095     1.09864   0.0392101
        1144     1.46819     1.09896   0.0391772
        1145     1.47455     1.09929   0.0391443
        1146     1.48166     1.09963   0.0391116
        1147     1.48878     1.09997    0.039079
        1148     1.49562     1.10031   0.0390464
        1149     1.50263     1.10066    0.039014
        1150     1.50928     1.10102   0.0389817
        1151     1.51577     1.10138   0.0389495
        1152     1.52277     1.10174   0.0389174
        1153     1.52903     1.10211   0.0388854
        1154     1.53451     1.10249   0.0388535
        1155     1.53965     1.10287   0.0388217
        1156     1.54465     1.10325     0.03879
        1157     1.54994     1.10363   0.0387584
        1158     1.55454     1.10402   0.0387269
        1159     1.55867     1.10442   0.0386955
        1160     1.56157     1.10481   0.0386641
        1161     1.56468     1.10521   0.0386329
        1162     1.56704      1.1056   0.0386017
        1163     1.56887       1.106   0.0385705
        1164     1.57044      1.1064   0.0385395
        1165     1.57103      1.1068   0.0385084
        1166      1.5709      1.1072   0.0384775
        1167     1.57008     1.10759   0.0384465
        1168     1.56931     1.10799   0.0384157
        1169     1.56838     1.10838   0.0383848
        1170     1.56709     1.10878    0.038354
        1171     1.56571     1.10917   0.0383232
        1172     1.56429     1.10955   0.0382925
        1173     1.56262     1.10994   0.0382618
        1174     1.56001     1.11032   0.0382311
        1175     1.55794      1.1107   0.0382005
        1176     1.55572     1.11108   0.0381699
        1177     1.55292     1.11146   0.0381393
        1178     1.55003     1.11183   0.0381088
        1179     1.54781      1.1122   0.0380782
        1180     1.54483     1.11257   0.0380477
        1181     1.54232     1.11293   0.0380172
        1182     1.53909     1.11329   0.0379868
        1183     1.53586     1.11365   0.0379564
        1184     1.53265       1.114    0.037926
        1185     1.52873     1.11435   0.0378956
        1186     1.52602      1.1147   0.0378652
        1187     1.52307     1.11504   0.0378349
        1188     1.51962     1.11538   0.0378045
        1189      1.5171     1.11572   0.0377743
        1190     1.51403     1.11606    0.037744
        1191     1.51183     1.11639   0.0377138
        1192     1.50853     1.11672   0.0376836
        1193     1.50459     1.11704   0.0376534
        1194     1.50118     1.11736   0.0376232
        1195     1.49681     1.11768   0.0375931
        1196     1.49265       1.118    0.037563
        1197      1.4889     1.11831   0.0375329
        1198     1.48363     1.11861   0.0375028
        1199     1.47847     1.11891   0.0374727
        1200     1.47222     1.11921   0.0374426
        1201     1.46677     1.11949   0.0374126
        1202     1.46118     1.11978   0.0373825
        1203     1.45447     1.12006   0.0373525
        1204     1.44739     1.12033   0.0373224
        1205     1.43995     1.12059   0.0372924
        1206     1.43122     1.12085   0.0372624
        1207     1.42316      1.1211   0.0372323
        1208      1.4146     1.12135   0.0372023
        1209     1.40608     1.12158   0.0371723
        1210     1.39643     1.12181   0.0371423
        1211     1.38691     1.12203   0.0371122
        1212     1.37829     1.12224   0.0370822
        1213      1.3687     1.12244   0.0370522
        1214     1.35986     1.12264   0.0370222
        1215     1.35085     1.12282   0.0369922
        1216     1.34242     1.12301   0.0369622
        1217     1.33414     1.12318   0.0369323
        1218     1.32529     1.12334   0.0369023
        1219     1.31711      1.1235   0.0368724
        1220     1.30913     1.12366   0.0368425
        1221     1.30159      1.1238   0.0368126
        1222     1.29403     1.12394   0.0367827
        1223     1.28644     1.12407   0.0367529
        1224     1.27907      1.1242   0.0367231
        1225     1.27192     1.12432   0.0366933
        1226     1.26546     1.12444   0.0366636
        1227     1.25778     1.12454   0.0366338
        1228     1.25223     1.12465   0.0366041
        1229     1.24666     1.12475   0.0365745
        1230     1.24131     1.12484   0.0365449
        1231     1.23644     1.12493   0.0365153
        1232     1.23083     1.12502   0.0364858
        1233     1.22523      1.1251   0.0364563
        1234     1.21966     1.12518   0.0364268
        1235     1.21532     1.12525   0.0363974
        1236     1.21129     1.12532    0.036368
        1237     1.20709     1.12539   0.0363387
        1238     1.20347     1.12545   0.0363094
        1239     1.20022     1.12551   0.0362801
        1240     1.19857     1.12557   0.0362509
        1241      1.1966     1.12563   0.0362217
        1242     1.19508     1.12568   0.0361926
        1243     1.19379     1.12574   0.0361635
        1244     1.19394     1.12579   0.0361345
        1245     1.19388     1.12585   0.0361055
        1246     1.19337      1.1259   0.0360766
        1247     1.19437     1.12595   0.0360477
        1248     1.19544     1.12601   0.0360189
        1249     1.19683     1.12607   0.0359901
        1250     1.19926     1.12613   0.0359613
        1251     1.20226     1.12619   0.0359326
        1252     1.20607     1.12625    0.035904
        1253     1.20996     1.12632   0.0358754
        1254     1.21415     1.12639   0.0358469
        1255     1.21839     1.12646   0.0358184
        1256     1.22387     1.12654   0.0357899
        1257     1.23007     1.12662   0.0357616
        1258     1.23602     1.12671   0.0357332
        1259     1.24288      1.1268    0.035705
        1260     1.25014      1.1269   0.0356768
        1261     1.25776       1.127   0.0356486
        1262     1.26499     1.12711   0.0356205
        1263      1.2737     1.12723   0.0355925
        1264     1.28169     1.12735   0.0355646
        1265     1.29084     1.12748   0.0355367
        1266     1.29967     1.12761   0.0355089
        1267     1.30764     1.12776   0.0354812
        1268     1.31664     1.12791   0.0354535
        1269     1.32638     1.12806   0.0354259
        1270     1.33562     1.12823   0.0353984
        1271      1.3436     1.12839   0.0353709
        1272     1.35291     1.12857   0.0353436
        1273     1.36089     1.12875   0.0353163
        1274     1.36989     1.12894   0.0352891
        1275     1.37892     1.12914   0.0352619
        1276     1.38747     1.12934   0.0352349
        1277     1.39551     1.12955   0.0352079
        1278     1.40302     1.12976    0.035181
        1279     1.41045     1.12998   0.0351542
        1280     1.41683     1.13021   0.0351274
        1281     1.42309     1.13044   0.0351007
        1282     1.42875     1.13067   0.0350741
        1283     1.43404     1.13091   0.0350476
        1284     1.43943     1.13115   0.0350211
        1285     1.44395     1.13139   0.0349947
        1286     1.44882     1.13164   0.0349684
        1287     1.45306     1.13189   0.0349421
        1288      1.4567     1.13214   0.0349159
        1289     1.46021     1.13239   0.0348897
        1290     1.46361     1.13265   0.0348636
        1291     1.46691     1.13291   0.0348376
        1292     1.46964     1.13317   0.0348116
        1293     1.47158     1.13343   0.0347856
        1294     1.47419     1.13369   0.0347598
        1295     1.47557     1.13396   0.0347339
        1296     1.47647     1.13422   0.0347081
        1297     1.47786     1.13449   0.0346824
        1298     1.47954     1.13475   0.0346567
        1299      1.4808     1.13502    0.034631
        1300     1.48119     1.13529   0.0346054
        1301     1.48218     1.13555   0.0345798
        1302     1.48331     1.13582   0.0345543
        1303     1.48317     1.13609   0.0345288
        1304     1.48299     1.13635   0.0345034
        1305     1.48425     1.13662   0.0344779
        1306      1.4843     1.13688   0.0344526
        1307      1.4856     1.13715   0.0344272
        1308     1.48601     1.13742    0.034402
        1309     1.48675     1.13768   0.0343767
        1310     1.48736     1.13795   0.0343515
        1311     1.48859     1.13822   0.0343263
        1312     1.48949     1.13849   0.0343012
        1313     1.49081     1.13876   0.0342762
        1314     1.49184     1.13902   0.0342511
        1315     1.49331     1.13929   0.0342261
        1316     1.49524     1.13956   0.0342012
        1317     1.49714     1.13984   0.0341763
        1318     1.50022     1.14011   0.0341515
        1319      1.5028     1.14038   0.0341267
        1320     1.50488     1.14066   0.0341019
        1321     1.50764     1.14094   0.0340773
        1322     1.51107     1.14122   0.0340526
        1323     1.51395      1.1415   0.0340281
        1324      1.5165     1.14178   0.0340035
        1325     1.52013     1.14207   0.0339791
        1326     1.52313     1.14236   0.0339547
        1327     1.52595     1.14264   0.0339303
        1328     1.52925     1.14294    0.033906
        1329     1.53301     1.14323   0.0338818
        1330     1.53622     1.14352   0.0338576
        1331     1.53953     1.14382   0.0338334
        1332     1.54195     1.14412   0.0338094
        1333     1.54557     1.14442   0.0337853
        1334      1.5477     1.14472   0.0337614
        1335     1.54925     1.14503   0.0337374
        1336     1.55063     1.14533   0.0337136
        1337     1.55227     1.14564   0.0336897
        1338     1.55242     1.14594   0.0336659
        1339     1.55224     1.14624   0.0336421
        1340     1.55215     1.14655   0.0336184
        1341     1.54994     1.14685   0.0335947
        1342     1.54796     1.14715    0.033571
        1343     1.54496     1.14744   0.0335473
        1344     1.54163     1.14774   0.0335236
        1345     1.53746     1.14803   0.0334999
        1346     1.53241     1.14831   0.0334762
        1347     1.52743     1.14859   0.0334526
        1348     1.52034     1.14887   0.0334289
        1349      1.5121     1.14914   0.0334052
        1350     1.50367      1.1494   0.0333815
        1351     1.49387     1.14965   0.0333578
        1352      1.4827      1.1499    0.033334
        1353     1.47142     1.15014   0.0333102
        1354     1.45909     1.15037   0.0332864
        1355     1.44624     1.15059   0.0332625
        1356     1.43318     1.15079   0.0332387
        1357      1.4185     1.15099   0.0332147
        1358     1.40423     1.15118   0.0331908
        1359     1.38874     1.15135   0.0331668
        1360     1.37213     1.15151   0.0331429
        1361     1.35568     1.15166   0.0331188
        1362     1.33949      1.1518   0.0330948
        1363     1.32366     1.15193   0.0330708
        1364     1.30733     1.15204   0.0330467
        1365     1.29132     1.15214   0.0330227
        1366     1.27499     1.15223   0.0329986
        1367     1.25992     1.15231   0.0329746
        1368     1.24451     1.15238   0.0329505
        1369     1.22958     1.15244   0.0329265
        1370     1.21548     1.15248   0.0329025
        1371      1.2011     1.15252   0.0328785
        1372     1.18726     1.15254   0.0328546
        1373       1.175     1.15256   0.0328307
        1374     1.16417     1.15257   0.0328068
        1375     1.15366     1.15257   0.0327829
        1376     1.14499     1.15256   0.0327591
        1377     1.13798     1.15255   0.0327353
        1378      1.1315     1.15254   0.0327115
        1379     1.12658     1.15252   0.0326878
        1380     1.12278      1.1525   0.0326641
        1381     1.11993     1.15247   0.0326405
        1382     1.11854     1.15245   0.0326169
        1383      1.1196     1.15243   0.0325933
        1384     1.12195      1.1524   0.0325698
        1385     1.12511     1.15238   0.0325463
        1386     1.13055     1.15237   0.0325228
        1387     1.13827     1.15236   0.0324993
        1388     1.14681     1.15235   0.0324759
        1389     1.15688     1.15236   0.0324525
        1390      1.1675     1.15237   0.0324292
        1391     1.18033     1.15239   0.0324059
        1392     1.19483     1.15242   0.0323826
        1393     1.21001     1.15246   0.0323594
        1394     1.22675     1.15251   0.0323362
        1395       1.245     1.15258   0.0323131
        1396     1.26541     1.15266   0.0322901
        1397     1.28596     1.15276   0.0322671
        1398     1.30777     1.15287   0.0322442
        1399      1.3305     1.15299   0.0322214
        1400     1.35405     1.15314   0.0321987
        1401     1.37756      1.1533   0.0321761
        1402      1.4019     1.15348   0.0321537
        1403     1.42668     1.15367   0.0321313
        1404     1.45178     1.15388   0.0321092
        1405     1.47754     1.15411   0.0320871
        1406     1.50288     1.15436   0.0320653
        1407     1.52909     1.15463   0.0320436
        1408     1.55435     1.15491   0.0320221
        1409     1.57901     1.15521   0.0320008
        1410     1.60463     1.15553   0.0319797
        1411     1.62867     1.15587   0.0319588
        1412     1.65175     1.15622   0.0319381
        1413       1.674     1.15658   0.0319176
        1414     1.69508     1.15696   0.0318973
        1415     1.71587     1.15736   0.0318772
        1416     1.73557     1.15777   0.0318573
        1417     1.75389     1.15819   0.0318376
        1418     1.77127     1.15862    0.031818
        1419     1.78671     1.15906   0.0317987
        1420      1.8014     1.15952   0.0317795
        1421     1.81436     1.15998   0.0317605
        1422      1.8256     1.16044   0.0317416
        1423      1.8349     1.16092   0.0317228
        1424     1.84444      1.1614   0.0317042
        1425     1.85234     1.16188   0.0316857
        1426      1.8591     1.16237   0.0316672
        1427     1.86502     1.16286   0.0316488
        1428     1.86941     1.16336   0.0316306
        1429     1.87401     1.16386   0.0316123
        1430     1.87718     1.16436   0.0315942
        1431     1.87922     1.16486    0.031576
        1432     1.88088     1.16536   0.0315579
        1433     1.88101     1.16585   0.0315399
        1434     1.88086     1.16635   0.0315218
        1435     1.87951     1.16685   0.0315038
        1436     1.87795     1.16735   0.0314857
        1437     1.87577     1.16784   0.0314677
        1438     1.87298     1.16833   0.0314496
        1439     1.86986     1.16882   0.0314315
        1440     1.86598      1.1693   0.0314134
        1441     1.86234     1.16978   0.0313953
        1442     1.85775     1.17026   0.0313772
        1443     1.85298     1.17073    0.031359
        1444      1.8471      1.1712   0.0313408
        1445     1.84088     1.17166   0.0313225
        1446     1.83483     1.17212   0.0313042
        1447     1.82851     1.17258   0.0312858
        1448     1.82149     1.17302   0.0312675
        1449     1.81404     1.17347    0.031249
        1450     1.80646      1.1739   0.0312305
        1451     1.79951     1.17433    0.031212
        1452       1.793     1.17476   0.0311934
        1453      1.7865     1.17518   0.0311747
        1454     1.77956      1.1756   0.0311561
        1455     1.77298     1.17601   0.0311374
        1456     1.76606     1.17641   0.0311186
        1457      1.7591     1.17681   0.0310998
        1458     1.75287     1.17721    0.031081
        1459     1.74741      1.1776   0.0310622
        1460     1.74203     1.17798   0.0310433
        1461     1.73628     1.17837   0.0310244
        1462     1.72995     1.17874   0.0310055
        1463     1.72523     1.17912   0.0309865
        1464     1.72117     1.17949   0.0309676
        1465     1.71707     1.17986   0.0309486
        1466     1.71388     1.18022   0.0309296
        1467      1.7116     1.18058   0.0309107
        1468      1.7102     1.18094   0.0308917
        1469     1.70848      1.1813   0.0308728
        1470     1.70615     1.18166   0.0308538
        1471      1.7044     1.18201   0.0308349
        1472     1.70268     1.18237    0.030816
        1473     1.70216     1.18272   0.0307971
        1474     1.70158     1.18307   0.0307782
        1475     1.70112     1.18342   0.0307594
        1476     1.70096     1.18377   0.0307405
        1477     1.70103     1.18412   0.0307217
        1478      1.7008     1.18447   0.0307029
        1479      1.7002     1.18482   0.0306841
        1480     1.69917     1.18517   0.0306654
        1481     1.69815     1.18552   0.0306466
        1482     1.69733     1.18586   0.0306279
        1483     1.69474     1.18621   0.0306091
        1484     1.69277     1.18655   0.0305904
        1485     1.69116     1.18689   0.0305717
        1486     1.68773     1.18722    0.030553
        1487     1.68515     1.18756   0.0305343
        1488     1.68173     1.18789   0.0305156
        1489     1.67752     1.18822   0.0304968
        1490     1.67303     1.18854   0.0304781
        1491     1.66857     1.18887   0.0304594
        1492     1.66514     1.18919   0.0304406
        1493     1.65994      1.1895   0.0304219
        1494     1.65474     1.18981   0.0304031
        1495     1.64986     1.19012   0.0303843
        1496     1.64515     1.19042   0.0303655
        1497     1.64095     1.19073   0.0303467
        1498     1.63735     1.19102   0.0303279
        1499     1.63349     1.19132   0.0303091
        1500      1.6309     1.19161   0.0302904
        1501     1.62921      1.1919   0.0302716
        1502     1.62777     1.19219   0.0302528
        1503      1.6269     1.19248   0.0302341
        1504     1.62764     1.19277   0.0302154
        1505     1.62885     1.19306   0.0301967
        1506     1.63081     1.19335    0.030178
        1507     1.63503     1.19365   0.0301594
        1508     1.63911     1.19394   0.0301409
        1509     1.64428     1.19424   0.0301224
        1510     1.65007     1.19454   0.0301039
        1511     1.65718     1.19485   0.0300856
        1512     1.66608     1.19516   0.0300673
        1513      1.6748     1.19548   0.0300491
        1514     1.68524      1.1958    0.030031
        1515     1.69588     1.19613    0.030013
        1516     1.70859     1.19647   0.0299951
        1517     1.72161     1.19681   0.0299773
        1518     1.73557     1.19717   0.0299596
        1519     1.75085     1.19753   0.0299421
        1520     1.76593     1.19791   0.0299248
        1521     1.78166     1.19829   0.0299076
        1522     1.79744     1.19868   0.0298905
        1523     1.81318     1.19909   0.0298736
        1524     1.82923      1.1995   0.0298569
        1525     1.84501     1.19992   0.0298403
        1526     1.86185     1.20036   0.0298239
        1527     1.87699      1.2008   0.0298076
        1528     1.89274     1.20125   0.0297916
        1529     1.90683     1.20172   0.0297757
        1530     1.92086     1.20219   0.0297599
        1531     1.93473     1.20266   0.0297443
        1532     1.94643     1.20315   0.0297289
        1533     1.95855     1.20364   0.0297136
        1534     1.96956     1.20414   0.0296984
        1535      1.9794     1.20465   0.0296833
        1536     1.98901     1.20516   0.0296684
        1537     1.99712     1.20567   0.0296536
        1538     2.00444     1.20619   0.0296388
        1539     2.01069     1.20672   0.0296242
        1540     2.01586     1.20724   0.0296096
        1541     2.02044     1.20777   0.0295951
        1542     2.02249      1.2083   0.0295806
        1543     2.02491     1.20883   0.0295662
        1544     2.02605     1.20936   0.0295518
        1545     2.02593     1.20988   0.0295374
        1546     2.02434     1.21041    0.029523
        1547     2.02251     1.21094   0.0295085
        1548     2.01929     1.21146   0.0294941
        1549     2.01471     1.21198   0.0294796
        1550     2.01051     1.21249   0.0294651
        1551     2.00505       1.213   0.0294505
        1552      1.9991     1.21351   0.0294359
        1553     1.99247     1.21401   0.0294212
        1554     1.98497     1.21451   0.0294065
        1555      1.9769       1.215   0.0293917
        1556     1.96806     1.21548   0.0293768
        1557     1.95876     1.21596   0.0293618
        1558     1.94857     1.21643   0.0293467
        1559     1.93849     1.21689   0.0293315
        1560     1.92908     1.21735   0.0293163
        1561      1.9182      1.2178   0.0293009
        1562     1.90689     1.21824   0.0292855
        1563     1.89615     1.21867     0.02927
        1564     1.88556      1.2191   0.0292543
        1565     1.87517     1.21952   0.0292387
        1566     1.86431     1.21993   0.0292229
        1567     1.85349     1.22033    0.029207
        1568     1.84276     1.22073   0.0291911
        1569     1.83169     1.22112   0.0291751
        1570     1.82128      1.2215    0.029159
        1571     1.81131     1.22188   0.0291429
        1572     1.80158     1.22225   0.0291267
        1573     1.79187     1.22261   0.0291104
        1574     1.78269     1.22296   0.0290941
        1575     1.77382     1.22331   0.0290777
        1576     1.76527     1.22366   0.0290613
        1577     1.75657       1.224   0.0290448
        1578     1.74845     1.22433   0.0290283
        1579     1.74043     1.22466   0.0290118
        1580     1.73251     1.22498   0.0289952
        1581     1.72565     1.22529   0.0289786
        1582     1.71913     1.22561    0.028962
        1583     1.71316     1.22591   0.0289453
        1584     1.70678     1.22622   0.0289286
        1585     1.70044     1.22652   0.0289119
        1586      1.6946     1.22681   0.0288952
        1587       1.689      1.2271   0.0288784
        1588     1.68265     1.22739   0.0288617
        1589     1.67696     1.22767   0.0288449
        1590     1.67141     1.22795   0.0288281
        1591     1.66695     1.22823   0.0288113
        1592     1.66258      1.2285   0.0287945
        1593     1.65849     1.22877   0.0287777
        1594     1.65296     1.22904   0.0287609
        1595     1.64862      1.2293   0.0287441
        1596     1.64398     1.22956   0.0287272
        1597     1.63879     1.22982   0.0287104
        1598     1.63349     1.23007   0.0286935
        1599     1.62904     1.23032   0.0286767
        1600      1.6242     1.23056   0.0286598
        1601     1.61874     1.23081   0.0286429
        1602     1.61362     1.23105    0.028626
        1603     1.60789     1.23128   0.0286091
        1604     1.60277     1.23151   0.0285922
        1605     1.59684     1.23174   0.0285753
        1606      1.5911     1.23196   0.0285584
        1607     1.58607     1.23218   0.0285415
        1608     1.58013      1.2324   0.0285246
        1609     1.57406     1.23261   0.0285076
        1610     1.56863     1.23282   0.0284907
        1611     1.56344     1.23303   0.0284737
        1612     1.55881     1.23323   0.0284568
        1613      1.5536     1.23343   0.0284398
        1614     1.54958     1.23362   0.0284229
        1615     1.54681     1.23382    0.028406
        1616      1.5432     1.23401    0.028389
        1617     1.54051      1.2342   0.0283721
        1618     1.53905     1.23439   0.0283552
        1619     1.53862     1.23457   0.0283383
        1620     1.53904     1.23476   0.0283214
        1621     1.54034     1.23495   0.0283046
        1622     1.54231     1.23514   0.0282878
        1623      1.5452     1.23533    0.028271
        1624     1.54879     1.23552   0.0282542
        1625     1.55402     1.23572   0.0282375
        1626     1.55993     1.23592   0.0282209
        1627     1.56648     1.23612   0.0282043
        1628     1.57387     1.23633   0.0281877
        1629     1.58181     1.23654   0.0281712
        1630     1.59145     1.23676   0.0281547
        1631     1.60151     1.23698   0.0281384
        1632     1.61169     1.23721   0.0281221
        1633     1.62309     1.23745   0.0281058
        1634     1.63466     1.23769   0.0280897
        1635     1.64727     1.23794   0.0280736
        1636     1.65889      1.2382   0.0280576
        1637     1.66992     1.23846   0.0280417
        1638     1.68169     1.23873   0.0280259
        1639      1.6929     1.23901   0.0280102
        1640     1.70369      1.2393   0.0279946
        1641     1.71589     1.23959    0.027979
        1642     1.72701     1.23988   0.0279635
        1643     1.73744     1.24019   0.0279482
        1644     1.74735     1.24049   0.0279329
        1645      1.7569     1.24081   0.0279176
        1646     1.76506     1.24113   0.0279025
        1647     1.77276     1.24145   0.0278874
        1648     1.77945     1.24178   0.0278724
        1649     1.78606     1.24211   0.0278575
        1650      1.7916     1.24244   0.0278426
        1651     1.79508     1.24277   0.0278277
        1652     1.79817     1.24311   0.0278129
        1653     1.80111     1.24345   0.0277981
        1654     1.80318     1.24379   0.0277834
        1655      1.8039     1.24412   0.0277687
        1656     1.80426     1.24446   0.0277539
        1657     1.80355      1.2448   0.0277392
        1658     1.80204     1.24514   0.0277246
        1659     1.79952     1.24547   0.0277099
        1660     1.79698      1.2458   0.0276952
        1661     1.79327     1.24613   0.0276804
        1662     1.78939     1.24646   0.0276657
        1663     1.78489     1.24678    0.027651
        1664     1.77983      1.2471   0.0276362
        1665     1.77474     1.24742   0.0276214
        1666     1.76918     1.24773   0.0276066
        1667      1.7627     1.24804   0.0275918
        1668     1.75489     1.24835   0.0275769
        1669     1.74772     1.24864    0.027562
        1670     1.73977     1.24894   0.0275471
        1671     1.73181     1.24923   0.0275321
        1672      1.7239     1.24951   0.0275171
        1673     1.71557     1.24979   0.0275021
        1674     1.70663     1.25006    0.027487
        1675     1.69807     1.25033   0.0274719
        1676     1.68991     1.25059   0.0274568
        1677      1.6817     1.25085   0.0274416
        1678     1.67369      1.2511   0.0274264
        1679     1.66445     1.25135   0.0274112
        1680     1.65617     1.25159   0.0273959
        1681     1.64763     1.25182   0.0273806
        1682     1.63884     1.25205   0.0273653
        1683     1.63003     1.25228     0.02735
        1684      1.6207      1.2525   0.0273346
        1685     1.61156     1.25271   0.0273192
        1686     1.60258     1.25292   0.0273038
        1687     1.59373     1.25312   0.0272884
        1688     1.58426     1.25332   0.0272729
        1689     1.57483     1.25351   0.0272574
        1690     1.56445     1.25369   0.0272419
        1691     1.55501     1.25387   0.0272264
        1692     1.54476     1.25404   0.0272108
        1693     1.53535     1.25421   0.0271953
        1694     1.52434     1.25437   0.0271797
        1695     1.51288     1.25452   0.0271641
        1696     1.50119     1.25466   0.0271484
        1697       1.489      1.2548   0.0271328
        1698     1.47583     1.25493   0.0271171
        1699     1.46264     1.25506   0.0271014
        1700     1.44895     1.25517   0.0270857
        1701      1.4348     1.25528     0.02707
        1702      1.4207     1.25537   0.0270543
        1703     1.40599     1.25546   0.0270386
        1704     1.39074     1.25554   0.0270228
        1705     1.37526     1.25561    0.027007
        1706     1.35964     1.25567   0.0269913
        1707     1.34301     1.25572   0.0269755
        1708     1.32763     1.25576   0.0269598
        1709     1.31217      1.2558    0.026944
        1710     1.29696     1.25582   0.0269283
        1711     1.28162     1.25584   0.0269125
        1712     1.26698     1.25584   0.0268968
        1713     1.25289     1.25584   0.0268811
        1714     1.23871     1.25583   0.0268654
        1715     1.22621     1.25581   0.0268498
        1716     1.21473     1.25579   0.0268341
        1717     1.20312     1.25576   0.0268185
        1718     1.19314     1.25572   0.0268029
        1719     1.18337     1.25568   0.0267874
        1720     1.17481     1.25563   0.0267718
        1721     1.16774     1.25558   0.0267563
        1722     1.16167     1.25553   0.0267408
        1723     1.15567     1.25547   0.0267254
        1724     1.15141     1.25541     0.02671
        1725     1.14889     1.25535   0.0266945
        1726     1.14666     1.25529   0.0266792
        1727     1.14494     1.25522   0.0266638
        1728     1.14444     1.25516   0.0266484
        1729     1.14513     1.25509   0.0266331
        1730     1.14651     1.25503   0.0266178
        1731     1.14879     1.25497   0.0266025
        1732      1.1522     1.25491   0.0265872
        1733     1.15572     1.25485   0.0265719
        1734     1.16031      1.2548   0.0265566
        1735     1.16592     1.25475   0.0265414
        1736     1.17228      1.2547   0.0265261
        1737     1.17986     1.25466   0.0265109
        1738     1.18789     1.25462   0.0264957
        1739     1.19634     1.25458   0.0264804
        1740     1.20543     1.25456   0.0264652
        1741     1.21561     1.25453     0.02645
        1742     1.22589     1.25452   0.0264349
        1743     1.23721     1.25451   0.0264197
        1744     1.24809      1.2545   0.0264046
        1745     1.26068     1.25451   0.0263894
        1746     1.27302     1.25452   0.0263743
        1747     1.28605     1.25454   0.0263592
        1748     1.29998     1.25456   0.0263442
        1749     1.31383      1.2546   0.0263291
        1750     1.32758     1.25464   0.0263141
        1751     1.34263     1.25469   0.0262991
        1752     1.35753     1.25475   0.0262842
        1753       1.372     1.25481   0.0262693
        1754      1.3877     1.25489   0.0262544
        1755     1.40364     1.25497   0.0262396
        1756     1.41932     1.25507   0.0262248
        1757     1.43567     1.25517   0.0262101
        1758     1.45218     1.25528   0.0261954
        1759     1.46835      1.2554   0.0261808
        1760     1.48439     1.25553   0.0261662
        1761     1.50123     1.25567   0.0261518
        1762     1.51765     1.25582   0.0261373
        1763     1.53409     1.25598    0.026123
        1764     1.55102     1.25615   0.0261087
        1765     1.56816     1.25632   0.0260945
        1766     1.58477     1.25651   0.0260804
        1767     1.60083      1.2567   0.0260664
        1768     1.61726     1.25691   0.0260524
        1769     1.63283     1.25712   0.0260386
        1770     1.64848     1.25734   0.0260248
        1771     1.66515     1.25757   0.0260111
        1772     1.68064     1.25781   0.0259975
        1773     1.69588     1.25806    0.025984
        1774     1.71158     1.25831   0.0259707
        1775     1.72649     1.25858   0.0259574
        1776     1.74107     1.25885   0.0259442
        1777     1.75432     1.25913   0.0259311
        1778     1.76814     1.25941   0.0259181
        1779     1.78152     1.25971   0.0259052
        1780     1.79421     1.26001   0.0258923
        1781     1.80664     1.26032   0.0258796
        1782     1.81878     1.26063    0.025867
        1783     1.82987     1.26095   0.0258545
        1784     1.84059     1.26127    0.025842
        1785     1.85116      1.2616   0.0258297
        1786     1.85962     1.26194   0.0258174
        1787     1.86786     1.26228   0.0258051
        1788     1.87632     1.26262    0.025793
        1789     1.88379     1.26297   0.0257809
        1790     1.88999     1.26332   0.0257689
        1791      1.8961     1.26367   0.0257569
        1792     1.90163     1.26403    0.025745
        1793     1.90537     1.26439   0.0257331
        1794     1.90873     1.26474   0.0257213
        1795     1.91101      1.2651   0.0257095
        1796     1.91269     1.26546   0.0256977
        1797     1.91402     1.26583   0.0256859
        1798      1.9138     1.26619   0.0256742
        1799     1.91302     1.26655   0.0256624
        1800     1.91123      1.2669   0.0256507
        1801     1.90869     1.26726   0.0256389
        1802     1.90521     1.26761   0.0256271
        1803     1.90202     1.26797   0.0256153
        1804     1.89773     1.26832   0.0256035
        1805     1.89214     1.26866   0.0255916
        1806     1.88674       1.269   0.0255798
        1807     1.87967     1.26934   0.0255678
        1808     1.87362     1.26968   0.0255559
        1809     1.86672     1.27001   0.0255439
        1810     1.85926     1.27033   0.0255318
        1811     1.85227     1.27065   0.0255198
        1812     1.84482     1.27097   0.0255077
        1813     1.83649     1.27128   0.0254955
        1814       1.829     1.27159   0.0254833
        1815     1.82095     1.27189    0.025471
        1816      1.8131     1.27219   0.0254588
        1817      1.8043     1.27248   0.0254464
        1818     1.79625     1.27277   0.0254341
        1819     1.78778     1.27305   0.0254217
        1820     1.77988     1.27333   0.0254092
        1821     1.77161     1.27361   0.0253967
        1822     1.76491     1.27388   0.0253842
        1823      1.7574     1.27414   0.0253717
        1824     1.75076      1.2744   0.0253591
        1825     1.74284     1.27466   0.0253465
        1826     1.73582     1.27491   0.0253339
        1827     1.72968     1.27516   0.0253213
        1828     1.72324      1.2754   0.0253086
        1829      1.7172     1.27565   0.0252959
        1830     1.71132     1.27588   0.0252832
        1831     1.70534     1.27612   0.0252705
        1832     1.69973     1.27635   0.0252578
        1833     1.69327     1.27658    0.025245
        1834     1.68689      1.2768   0.0252322
        1835     1.68105     1.27702   0.0252194
        1836     1.67524     1.27724   0.0252066
        1837     1.66942     1.27745   0.0251938
        1838     1.66283     1.27766    0.025181
        1839     1.65734     1.27787   0.0251681
        1840     1.65171     1.27807   0.0251553
        1841     1.64516     1.27827   0.0251424
        1842     1.63884     1.27847   0.0251295
        1843     1.63148     1.27866   0.0251166
        1844     1.62446     1.27885   0.0251037
        1845     1.61628     1.27903   0.0250908
        1846      1.6076     1.27921   0.0250778
        1847     1.59883     1.27938   0.0250648
        1848     1.58967     1.27955   0.0250518
        1849     1.57983     1.27971   0.0250388
        1850     1.56901     1.27987   0.0250257
        1851      1.5579     1.28002   0.0250127
        1852      1.5455     1.28016   0.0249996
        1853     1.53227      1.2803   0.0249865
        1854      1.5182     1.28042   0.0249733
        1855     1.50377     1.28054   0.0249601
        1856     1.48852     1.28066   0.0249469
        1857     1.47151     1.28076   0.0249337
        1858     1.45423     1.28085   0.0249205
        1859     1.43649     1.28094   0.0249072
        1860     1.41764     1.28101   0.0248939
        1861     1.39847     1.28107   0.0248806
        1862     1.37907     1.28113   0.0248673
        1863     1.35882     1.28117    0.024854
        1864     1.33804      1.2812   0.0248407
        1865     1.31805     1.28122   0.0248274
        1866     1.29678     1.28123   0.0248141
        1867     1.27579     1.28122   0.0248008
        1868     1.25517     1.28121   0.0247875
        1869     1.23504     1.28118   0.0247743
        1870     1.21476     1.28115    0.024761
        1871     1.19517      1.2811   0.0247479
        1872     1.17683     1.28105   0.0247347
        1873     1.15815     1.28098   0.0247216
        1874     1.14113     1.28091   0.0247085
        1875     1.12465     1.28082   0.0246955
        1876     1.10878     1.28073   0.0246825
        1877     1.09382     1.28063   0.0246695
        1878     1.08008     1.28053   0.0246566
        1879     1.06737     1.28041   0.0246437
        1880     1.05574     1.28029   0.0246309
        1881     1.04523     1.28017   0.0246182
        1882     1.03636     1.28004   0.0246054
        1883     1.02795      1.2799   0.0245927
        1884     1.02051     1.27977     0.02458
        1885     1.01429     1.27963   0.0245674
        1886     1.00883     1.27948   0.0245548
        1887     1.00531     1.27934   0.0245422
        1888     1.00254     1.27919   0.0245297
        1889     1.00145     1.27904   0.0245171
        1890     1.00153      1.2789   0.0245046
        1891     1.00323     1.27875   0.0244921
        1892     1.00529     1.27861   0.0244795
        1893     1.00839     1.27846    0.024467
        1894     1.01318     1.27832   0.0244545
        1895     1.01885     1.27819    0.024442
        1896     1.02557     1.27805   0.0244295
        1897     1.03181     1.27792   0.0244169
        1898     1.03965      1.2778   0.0244044
        1899     1.04826     1.27768   0.0243918
        1900     1.05685     1.27756   0.0243793
        1901     1.06579     1.27745   0.0243667
        1902     1.07427     1.27734   0.0243541
        1903     1.08293     1.27724   0.0243415
        1904     1.09265     1.27714   0.0243289
        1905     1.10216     1.27705   0.0243163
        1906     1.11116     1.27696   0.0243037
        1907     1.12056     1.27688   0.0242911
        1908     1.12958     1.27681   0.0242785
        1909     1.13821     1.27673   0.0242659
        1910     1.14665     1.27666   0.0242533
        1911     1.15513      1.2766   0.0242407
        1912     1.16317     1.27654   0.0242281
        1913     1.17078     1.27649   0.0242155
        1914     1.17892     1.27644   0.0242029
        1915     1.18641     1.27639   0.0241903
        1916     1.19327     1.27635   0.0241777
        1917     1.20047     1.27631   0.0241651
        1918     1.20806     1.27627   0.0241526
        1919     1.21557     1.27624     0.02414
        1920     1.22328     1.27621   0.0241274
        1921     1.23071     1.27619   0.0241149
        1922     1.23767     1.27617   0.0241024
        1923      1.2456     1.27615   0.0240898
        1924      1.2531     1.27614   0.0240773
        1925     1.26018     1.27613   0.0240648
        1926     1.26829     1.27613   0.0240523
        1927     1.27697     1.27613   0.0240398
        1928     1.28454     1.27613   0.0240274
        1929     1.29247     1.27614   0.0240149
        1930     1.29929     1.27615   0.0240025
        1931     1.30694     1.27617     0.02399
        1932     1.31518     1.27619   0.0239776
        1933     1.32304     1.27621   0.0239652
        1934     1.33169     1.27624   0.0239529
        1935     1.33994     1.27627   0.0239405
        1936     1.34824     1.27631   0.0239282
        1937     1.35561     1.27635   0.0239159
        1938      1.3637      1.2764   0.0239036
        1939     1.37176     1.27645   0.0238913
        1940     1.37951      1.2765    0.023879
        1941     1.38813     1.27656   0.0238668
        1942     1.39589     1.27662   0.0238546
        1943     1.40369     1.27668   0.0238424
        1944     1.41151     1.27675   0.0238302
        1945     1.41833     1.27683   0.0238181
        1946     1.42554      1.2769    0.023806
        1947     1.43215     1.27698   0.0237939
        1948     1.43832     1.27706   0.0237818
        1949     1.44403     1.27715   0.0237698
        1950     1.44873     1.27724   0.0237577
        1951     1.45336     1.27733   0.0237457
        1952     1.45786     1.27742   0.0237337
        1953     1.46196     1.27752   0.0237218
        1954     1.46584     1.27761   0.0237098
        1955     1.46756     1.27771   0.0236979
        1956     1.46876     1.27781    0.023686
        1957     1.46916      1.2779   0.0236741
        1958      1.4685       1.278   0.0236622
        1959     1.46699      1.2781   0.0236503
        1960     1.46436     1.27819   0.0236384
        1961     1.46131     1.27829   0.0236266
        1962     1.45735     1.27838   0.0236147
        1963     1.45245     1.27847   0.0236028
        1964     1.44686     1.27855    0.023591
        1965     1.44034     1.27864   0.0235791
        1966      1.4336     1.27871   0.0235673
        1967     1.42498     1.27879   0.0235554
        1968     1.41595     1.27886   0.0235435
        1969     1.40559     1.27892   0.0235317
        1970     1.39418     1.27898   0.0235198
        1971      1.3825     1.27903   0.0235079
        1972     1.36966     1.27908    0.023496
        1973     1.35622     1.27912   0.0234842
        1974     1.34322     1.27915   0.0234723
        1975     1.32933     1.27918   0.0234604
        1976     1.31465     1.27919   0.0234485
        1977     1.30001      1.2792   0.0234367
        1978     1.28505     1.27921   0.0234248
        1979     1.27011      1.2792    0.023413
        1980     1.25578     1.27919   0.0234012
        1981     1.24121     1.27917   0.0233894
        1982     1.22674     1.27915   0.0233776
        1983     1.21318     1.27911   0.0233658
        1984     1.19991     1.27907   0.0233541
        1985     1.18698     1.27903   0.0233424
        1986     1.17544     1.27897   0.0233307
        1987     1.16388     1.27892    0.023319
        1988     1.15427     1.27885   0.0233074
        1989      1.1452     1.27879   0.0232957
        1990     1.13669     1.27871   0.0232841
        1991     1.12803     1.27864   0.0232726
        1992     1.12138     1.27856    0.023261
        1993     1.11458     1.27848   0.0232495
        1994     1.10834     1.27839    0.023238
        1995     1.10433     1.27831   0.0232265
        1996     1.09989     1.27822    0.023215
        1997     1.09669     1.27812   0.0232036
        1998     1.09496     1.27803   0.0231922
        1999     1.09323     1.27794   0.0231807
        2000     1.09198     1.27785   0.0231693
        2001     1.09168     1.27775   0.0231579
        2002     1.09161     1.27766   0.0231466
        2003     1.09272     1.27757   0.0231352
        2004     1.09454     1.27748   0.0231238
        2005     1.09683     1.27739   0.0231125
        2006     1.10155      1.2773   0.0231011
        2007      1.1051     1.27721   0.0230898
        2008     1.10966     1.27713   0.0230784
        2009     1.11503     1.27705   0.0230671
        2010     1.12147     1.27697   0.0230557
        2011     1.12806      1.2769   0.0230444
        2012       1.137     1.27683    0.023033
        2013     1.14615     1.27676   0.0230217
        2014     1.15604      1.2767   0.0230103
        2015     1.16717     1.27665    0.022999
        2016     1.17981      1.2766   0.0229876
        2017     1.19207     1.27656   0.0229762
        2018     1.20612     1.27653   0.0229649
        2019      1.2215      1.2765   0.0229535
        2020     1.23748     1.27648   0.0229422
        2021     1.25503     1.27647   0.0229308
        2022      1.2734     1.27647   0.0229195
        2023     1.29374     1.27648   0.0229082
        2024     1.31408     1.27649   0.0228968
        2025     1.33506     1.27652   0.0228856
        2026     1.35827     1.27656   0.0228743
        2027     1.38118     1.27661   0.0228631
        2028     1.40412     1.27668   0.0228519
        2029     1.42837     1.27675   0.0228407
        2030     1.45207     1.27684   0.0228297
        2031     1.47548     1.27694   0.0228186
        2032     1.49935     1.27705   0.0228077
        2033       1.522     1.27717   0.0227968
        2034     1.54416      1.2773   0.0227859
        2035      1.5656     1.27744   0.0227752
        2036     1.58609     1.27759   0.0227645
        2037     1.60447     1.27775   0.0227539
        2038     1.62177     1.27792   0.0227433
        2039     1.63689      1.2781   0.0227329
        2040     1.65044     1.27828   0.0227225
        2041     1.66213     1.27847   0.0227121
        2042     1.67242     1.27866   0.0227018
        2043     1.68062     1.27886   0.0226915
        2044     1.68679     1.27906   0.0226813
        2045     1.69151     1.27926   0.0226711
        2046     1.69444     1.27946   0.0226609
        2047     1.69669     1.27966   0.0226508
        2048     1.69745     1.27987   0.0226407
        2049     1.69665     1.28007   0.0226305
        2050     1.69566     1.28027   0.0226204
        2051     1.69369     1.28048   0.0226103
        2052     1.69087     1.28068   0.0226001
        2053     1.68831     1.28087     0.02259
        2054      1.6842     1.28107   0.0225798
        2055     1.68081     1.28127   0.0225697
        2056     1.67724     1.28146   0.0225595
        2057     1.67333     1.28165   0.0225494
        2058     1.66936     1.28184   0.0225392
        2059      1.6644     1.28202    0.022529
        2060     1.66038     1.28221   0.0225188
        2061     1.65612     1.28239   0.0225086
        2062     1.65256     1.28257   0.0224984
        2063     1.64899     1.28275   0.0224882
        2064     1.64514     1.28292    0.022478
        2065     1.64028     1.28309   0.0224678
        2066     1.63511     1.28326   0.0224576
        2067     1.63082     1.28343   0.0224473
        2068     1.62668      1.2836   0.0224371
        2069     1.62169     1.28376   0.0224269
        2070     1.61681     1.28392   0.0224166
        2071     1.61108     1.28408   0.0224063
        2072     1.60567     1.28424    0.022396
        2073     1.60084     1.28439   0.0223858
        2074     1.59563     1.28454   0.0223755
        2075     1.59028     1.28469   0.0223652
        2076     1.58455     1.28483   0.0223549
        2077      1.5787     1.28497   0.0223446
        2078     1.57275     1.28511   0.0223342
        2079     1.56695     1.28525   0.0223239
        2080     1.56132     1.28538   0.0223136
        2081     1.55515     1.28551   0.0223032
        2082     1.54871     1.28563   0.0222929
        2083      1.5425     1.28576   0.0222825
        2084     1.53654     1.28588   0.0222721
        2085     1.52988       1.286   0.0222618
        2086     1.52352     1.28611   0.0222514
        2087     1.51746     1.28622    0.022241
        2088     1.51172     1.28633   0.0222306
        2089     1.50584     1.28643   0.0222202
        2090     1.50079     1.28654   0.0222098
        2091      1.4949     1.28664   0.0221994
        2092     1.48891     1.28673    0.022189
        2093     1.48329     1.28683   0.0221786
        2094     1.47781     1.28692   0.0221682
        2095      1.4732     1.28701   0.0221578
        2096      1.4685     1.28709   0.0221474
        2097     1.46443     1.28718    0.022137
        2098      1.4593     1.28726   0.0221266
        2099     1.45503     1.28734   0.0221162
        2100     1.44921     1.28742   0.0221058
        2101     1.44592     1.28749   0.0220954
        2102     1.44131     1.28756    0.022085
        2103     1.43755     1.28764   0.0220746
        2104     1.43365     1.28771   0.0220643
        2105     1.42961     1.28777   0.0220539
        2106     1.42543     1.28784   0.0220435
        2107     1.42182      1.2879   0.0220331
        2108     1.41903     1.28796   0.0220228
        2109      1.4156     1.28802   0.0220124
        2110      1.4125     1.28808   0.0220021
        2111     1.40852     1.28814   0.0219917
        2112     1.40562      1.2882   0.0219814
        2113     1.40233     1.28825    0.021971
        2114     1.39965      1.2883   0.0219607
        2115      1.3959     1.28835   0.0219504
        2116     1.39206      1.2884   0.0219401
        2117      1.3896     1.28845   0.0219297
        2118     1.38757      1.2885   0.0219194
        2119     1.38552     1.28854   0.0219091
        2120     1.38349     1.28859   0.0218989
        2121     1.38222     1.28863   0.0218886
        2122     1.38054     1.28868   0.0218783
        2123      1.3792     1.28872    0.021868
        2124     1.37871     1.28876   0.0218578
        2125     1.37885      1.2888   0.0218475
        2126     1.37894     1.28885   0.0218373
        2127     1.37947     1.28889   0.0218271
        2128     1.38094     1.28893   0.0218169
        2129      1.3824     1.28898   0.0218067
        2130     1.38506     1.28902   0.0217965
        2131     1.38868     1.28907   0.0217863
        2132     1.39182     1.28912   0.0217761
        2133      1.3947     1.28916    0.021766
        2134     1.39875     1.28922   0.0217558
        2135     1.40348     1.28927   0.0217457
        2136      1.4086     1.28933   0.0217356
        2137     1.41431     1.28938   0.0217255
        2138      1.4201     1.28945   0.0217154
        2139     1.42567     1.28951   0.0217054
        2140     1.43097     1.28957   0.0216953
        2141     1.43738     1.28964   0.0216853
        2142     1.44339     1.28972   0.0216753
        2143     1.44918     1.28979   0.0216653
        2144     1.45564     1.28987   0.0216554
        2145     1.46271     1.28995   0.0216454
        2146     1.46791     1.29003   0.0216355
        2147     1.47309     1.29012   0.0216256
        2148     1.47843      1.2902   0.0216157
        2149     1.48315     1.29029   0.0216058
        2150     1.48791     1.29039    0.021596
        2151     1.49192     1.29048   0.0215861
        2152     1.49563     1.29057   0.0215763
        2153     1.49875     1.29067   0.0215665
        2154     1.50051     1.29077   0.0215567
        2155     1.50183     1.29087   0.0215469
        2156      1.5027     1.29096   0.0215371
        2157     1.50261     1.29106   0.0215274
        2158     1.50129     1.29116   0.0215176
        2159     1.49969     1.29126   0.0215079
        2160     1.49806     1.29135   0.0214981
        2161     1.49518     1.29145   0.0214884
        2162     1.49203     1.29154   0.0214787
        2163     1.48741     1.29163   0.0214689
        2164      1.4823     1.29172   0.0214592
        2165     1.47575      1.2918   0.0214494
        2166     1.46971     1.29189   0.0214397
        2167     1.46277     1.29196   0.0214299
        2168     1.45471     1.29204   0.0214202
        2169      1.4463     1.29211   0.0214104
        2170     1.43709     1.29218   0.0214007
        2171     1.42737     1.29224   0.0213909
        2172     1.41742      1.2923   0.0213811
        2173     1.40752     1.29235   0.0213714
        2174     1.39677      1.2924   0.0213616
        2175     1.38449     1.29244   0.0213518
        2176      1.3729     1.29248    0.021342
        2177     1.36207     1.29251   0.0213322
        2178     1.35012     1.29254   0.0213225
        2179     1.33856     1.29256   0.0213127
        2180     1.32647     1.29257   0.0213029
        2181      1.3149     1.29258   0.0212932
        2182     1.30341     1.29259   0.0212834
        2183      1.2916     1.29259   0.0212736
        2184     1.27999     1.29258   0.0212639
        2185     1.26865     1.29257   0.0212542
        2186     1.25739     1.29255   0.0212445
        2187     1.24749     1.29253   0.0212348
        2188     1.23754     1.29251   0.0212251
        2189     1.22856     1.29248   0.0212154
        2190     1.21964     1.29245   0.0212057
        2191     1.21178     1.29241   0.0211961
        2192     1.20479     1.29237   0.0211864
        2193     1.19725     1.29233   0.0211768
        2194     1.19112     1.29228   0.0211672
        2195     1.18522     1.29223   0.0211576
        2196     1.18003     1.29218   0.0211481
        2197     1.17484     1.29213   0.0211385
        2198     1.17111     1.29207    0.021129
        2199     1.16736     1.29202   0.0211194
        2200     1.16551     1.29196   0.0211099
        2201     1.16433      1.2919   0.0211004
        2202     1.16353     1.29184   0.0210909
        2203     1.16332     1.29178   0.0210814
        2204     1.16387     1.29173   0.0210719
        2205      1.1644     1.29167   0.0210624
        2206      1.1658     1.29161    0.021053
        2207     1.16775     1.29155   0.0210435
        2208     1.16943      1.2915    0.021034
        2209     1.17123     1.29144   0.0210246
        2210     1.17282     1.29139   0.0210152
        2211     1.17335     1.29134   0.0210057
        2212     1.17418     1.29128   0.0209963
        2213     1.17544     1.29123   0.0209869
        2214     1.17604     1.29118   0.0209774
        2215     1.17612     1.29113    0.020968
        2216     1.17534     1.29108   0.0209586
        2217     1.17456     1.29102   0.0209493
        2218     1.17199     1.29097   0.0209399
        2219      1.1685     1.29091   0.0209305
        2220      1.1645     1.29086   0.0209212
        2221     1.15945      1.2908   0.0209118
        2222     1.15376     1.29074   0.0209025
        2223     1.14739     1.29067   0.0208932
        2224     1.14007      1.2906   0.0208839
        2225     1.13083     1.29053   0.0208747
        2226     1.12038     1.29046   0.0208654
        2227     1.10827     1.29037   0.0208562
        2228       1.095     1.29029    0.020847
        2229     1.08112     1.29019   0.0208379
        2230     1.06598     1.29009   0.0208288
        2231      1.0494     1.28998   0.0208197
        2232     1.03294     1.28987   0.0208107
        2233     1.01575     1.28975   0.0208018
        2234    0.996493     1.28962   0.0207929
        2235    0.977237     1.28948    0.020784
        2236     0.95836     1.28933   0.0207753
        2237    0.939527     1.28917   0.0207666
        2238    0.920886     1.28901   0.0207579
        2239    0.901144     1.28883   0.0207494
        2240    0.881414     1.28865   0.0207409
        2241     0.86305     1.28846   0.0207325
        2242    0.844993     1.28826   0.0207242
        2243    0.827141     1.28806    0.020716
        2244     0.81107     1.28785   0.0207079
        2245    0.794738     1.28763   0.0206998
        2246    0.780186      1.2874   0.0206918
        2247    0.767272     1.28717   0.0206839
        2248    0.755366     1.28693   0.0206761
        2249    0.744545     1.28669   0.0206683
        2250    0.735592     1.28645   0.0206606
        2251    0.727116      1.2862   0.0206529
        2252     0.72036     1.28595   0.0206452
        2253    0.715351     1.28569   0.0206376
        2254    0.711621     1.28544     0.02063
        2255    0.709893     1.28518   0.0206225
        2256    0.709432     1.28493   0.0206149
        2257    0.711182     1.28467   0.0206073
        2258    0.713908     1.28442   0.0205998
        2259     0.71781     1.28417   0.0205922
        2260    0.723317     1.28392   0.0205846
        2261    0.729167     1.28368   0.0205769
        2262    0.737223     1.28343   0.0205692
        2263    0.746451      1.2832   0.0205615
        2264    0.756773     1.28297   0.0205537
        2265    0.768108     1.28274   0.0205459
        2266    0.780129     1.28252   0.0205381
        2267    0.793475      1.2823   0.0205301
        2268    0.807094     1.28209   0.0205221
        2269    0.820899     1.28189   0.0205141
        2270    0.836243     1.28169    0.020506
        2271    0.850393      1.2815   0.0204979
        2272    0.866149     1.28132   0.0204897
        2273    0.882221     1.28114   0.0204814
        2274    0.898288     1.28097   0.0204731
        2275    0.914269     1.28081   0.0204647
        2276    0.930565     1.28066   0.0204563
        2277     0.94734     1.28051   0.0204478
        2278    0.963318     1.28037   0.0204393
        2279    0.979153     1.28024   0.0204308
        2280    0.995017     1.28012   0.0204222
        2281     1.01109        1.28   0.0204136
        2282     1.02611     1.27989    0.020405
        2283     1.04122     1.27978   0.0203963
        2284      1.0566     1.27968   0.0203876
        2285     1.07029     1.27959   0.0203789
        2286     1.08416     1.27951   0.0203701
        2287     1.09697     1.27943   0.0203614
        2288     1.10964     1.27935   0.0203526
        2289     1.12046     1.27928   0.0203439
        2290     1.13108     1.27922   0.0203351
        2291     1.14245     1.27916   0.0203263
        2292     1.15214      1.2791   0.0203175
        2293     1.16087     1.27905   0.0203087
        2294     1.17009     1.27901   0.0202999
        2295     1.17764     1.27896   0.0202911
        2296     1.18473     1.27892   0.0202823
        2297      1.1914     1.27888   0.0202735
        2298     1.19671     1.27885   0.0202647
        2299     1.20118     1.27881   0.0202559
        2300     1.20583     1.27878   0.0202472
        2301     1.20998     1.27875   0.0202384
        2302      1.2137     1.27872   0.0202296
        2303     1.21656      1.2787   0.0202208
        2304     1.22055     1.27867   0.0202121
        2305     1.22237     1.27865   0.0202033
        2306     1.22593     1.27862   0.0201946
        2307     1.22841      1.2786   0.0201858
        2308     1.23084     1.27858   0.0201771
        2309     1.23351     1.27856   0.0201684
        2310     1.23622     1.27854   0.0201596
        2311     1.23902     1.27853   0.0201509
        2312      1.2417     1.27851   0.0201422
        2313     1.24429      1.2785   0.0201335
        2314     1.24656     1.27848   0.0201248
        2315     1.24899     1.27847   0.0201161
        2316     1.25157     1.27846   0.0201075
        2317      1.2543     1.27845   0.0200988
        2318     1.25762     1.27844   0.0200901
        2319     1.26079     1.27843   0.0200814
        2320      1.2645     1.27842   0.0200728
        2321     1.26796     1.27842   0.0200641
        2322     1.27235     1.27842   0.0200555
        2323     1.27686     1.27842   0.0200469
        2324     1.27954     1.27842   0.0200382
        2325     1.28272     1.27842   0.0200296
        2326     1.28539     1.27842    0.020021
        2327     1.28726     1.27843   0.0200124
        2328       1.289     1.27843   0.0200038
        2329     1.29009     1.27843   0.0199952
        2330     1.29146     1.27844   0.0199866
        2331     1.29187     1.27845   0.0199781
        2332     1.29226     1.27845   0.0199695
        2333     1.29191     1.27846   0.0199609
        2334     1.29058     1.27846   0.0199524
        2335     1.28947     1.27847   0.0199439
        2336     1.28765     1.27847   0.0199353
        2337     1.28538     1.27847   0.0199268
        2338     1.28342     1.27848   0.0199183
        2339     1.28061     1.27848   0.0199097
        2340     1.27676     1.27848   0.0199012
        2341      1.2729     1.27847   0.0198927
        2342     1.27004     1.27847   0.0198842
        2343     1.26632     1.27847   0.0198758
        2344     1.26158     1.27846   0.0198673
        2345     1.25733     1.27845   0.0198588
        2346     1.25338     1.27844   0.0198503
        2347     1.25006     1.27843   0.0198419
        2348     1.24645     1.27841   0.0198334
        2349     1.24286      1.2784    0.019825
        2350     1.23912     1.27838   0.0198166
        2351     1.23621     1.27836   0.0198082
        2352      1.2342     1.27834   0.0197997
        2353      1.2324     1.27833   0.0197913
        2354     1.23107      1.2783   0.0197829
        2355      1.2312     1.27828   0.0197746
        2356     1.23065     1.27826   0.0197662
        2357     1.23109     1.27824   0.0197578
        2358     1.23231     1.27823   0.0197494
        2359     1.23451     1.27821   0.0197411
        2360     1.23649     1.27819   0.0197327
        2361     1.23894     1.27817   0.0197244
        2362     1.24136     1.27816    0.019716
        2363     1.24419     1.27814   0.0197077
        2364     1.24739     1.27813   0.0196993
        2365     1.25117     1.27812    0.019691
        2366     1.25451     1.27811   0.0196827
        2367     1.25859      1.2781   0.0196744
        2368     1.26286     1.27809   0.0196661
        2369     1.26875     1.27809   0.0196578
        2370     1.27427     1.27809   0.0196495
        2371     1.28011     1.27809   0.0196412
        2372     1.28529     1.27809   0.0196329
        2373        1.29      1.2781   0.0196246
        2374     1.29423      1.2781   0.0196164
        2375     1.29939     1.27811   0.0196081
        2376     1.30426     1.27812   0.0195999
        2377     1.30956     1.27814   0.0195916
        2378     1.31526     1.27815   0.0195834
        2379     1.31968     1.27817   0.0195752
        2380     1.32474     1.27819   0.0195669
        2381     1.32923     1.27821   0.0195587
        2382     1.33339     1.27823   0.0195505
        2383     1.33745     1.27826   0.0195424
        2384     1.34214     1.27829   0.0195342
        2385     1.34674     1.27831    0.019526
        2386     1.35053     1.27834   0.0195178
        2387     1.35448     1.27838   0.0195097
        2388     1.35833     1.27841   0.0195016
        2389     1.36187     1.27844   0.0194934
        2390      1.3658     1.27848   0.0194853
        2391     1.36965     1.27852   0.0194772
        2392     1.37342     1.27856   0.0194691
        2393     1.37616      1.2786    0.019461
        2394     1.37955     1.27864   0.0194529
        2395     1.38264     1.27869   0.0194448
        2396     1.38592     1.27873   0.0194368
        2397     1.38939     1.27878   0.0194287
        2398     1.39258     1.27882   0.0194207
        2399     1.39622     1.27887   0.0194126
        2400     1.39911     1.27892   0.0194046
        2401     1.40173     1.27897   0.0193966
        2402     1.40482     1.27903   0.0193886
        2403     1.40813     1.27908   0.0193806
        2404      1.4112     1.27914   0.0193726
        2405     1.41474     1.27919   0.0193646
        2406     1.41659     1.27925   0.0193567
        2407      1.4201     1.27931   0.0193487
        2408     1.42264     1.27937   0.0193408
        2409     1.42563     1.27943   0.0193329
        2410     1.42785     1.27949   0.0193249
        2411      1.4305     1.27955    0.019317
        2412     1.43331     1.27962   0.0193091
        2413     1.43625     1.27968   0.0193012
        2414     1.43833     1.27975   0.0192933
        2415      1.4412     1.27981   0.0192855
        2416     1.44338     1.27988   0.0192776
        2417     1.44504     1.27995   0.0192697
        2418     1.44687     1.28002   0.0192619
        2419     1.44832     1.28009   0.0192541
        2420     1.44909     1.28016   0.0192462
        2421     1.44936     1.28023   0.0192384
        2422      1.4493      1.2803   0.0192306
        2423     1.44812     1.28037   0.0192228
        2424     1.44648     1.28043    0.019215
        2425     1.44407      1.2805   0.0192072
        2426     1.44033     1.28057   0.0191994
        2427     1.43641     1.28063   0.0191916
        2428      1.4313     1.28069   0.0191838
        2429     1.42493     1.28075    0.019176
        2430     1.41824     1.28081   0.0191681
        2431     1.41022     1.28086   0.0191603
        2432     1.40063     1.28091   0.0191525
        2433     1.38919     1.28096   0.0191447
        2434     1.37786       1.281   0.0191369
        2435     1.36566     1.28103    0.019129
        2436     1.35216     1.28106   0.0191212
        2437      1.3369     1.28108   0.0191134
        2438     1.32066      1.2811   0.0191055
        2439      1.3035     1.28111   0.0190977
        2440     1.28572     1.28111   0.0190899
        2441     1.26718     1.28111   0.0190821
        2442     1.24745     1.28109   0.0190743
        2443     1.22761     1.28107   0.0190665
        2444     1.20774     1.28104   0.0190587
        2445     1.18651       1.281   0.0190509
        2446     1.16616     1.28095   0.0190432
        2447     1.14538      1.2809   0.0190355
        2448     1.12352     1.28083   0.0190278
        2449     1.10189     1.28076   0.0190202
        2450     1.07987     1.28068   0.0190126
        2451     1.05875     1.28059   0.0190051
        2452     1.03766     1.28049   0.0189976
        2453     1.01741     1.28038   0.0189901
        2454    0.997363     1.28027   0.0189828
        2455    0.978558     1.28014   0.0189754
        2456    0.960584     1.28001   0.0189681
        2457    0.942072     1.27988   0.0189609
        2458    0.924532     1.27973   0.0189538
        2459    0.907536     1.27958   0.0189467
        2460    0.891145     1.27942   0.0189396
        2461    0.876374     1.27926   0.0189326
        2462    0.862069     1.27909   0.0189257
        2463    0.848511     1.27892   0.0189188
        2464     0.83622     1.27874    0.018912
        2465    0.824991     1.27855   0.0189052
        2466    0.815579     1.27836   0.0188985
        2467    0.807051     1.27817   0.0188918
        2468    0.800395     1.27798   0.0188851
        2469    0.795147     1.27778   0.0188785
        2470     0.79012     1.27759   0.0188719
        2471    0.785809     1.27739   0.0188653
        2472    0.784149     1.27719   0.0188587
        2473    0.783217     1.27699   0.0188521
        2474    0.783257     1.27679   0.0188456
        2475    0.784021     1.27659    0.018839
        2476    0.785015     1.27639   0.0188325
        2477    0.788153     1.27619   0.0188259
        2478    0.793171       1.276   0.0188193
        2479    0.798841     1.27581   0.0188127
        2480    0.806093     1.27562   0.0188061
        2481    0.814412     1.27543   0.0187994
        2482    0.823034     1.27525   0.0187927
        2483    0.832388     1.27507    0.018786
        2484    0.842905      1.2749   0.0187792
        2485    0.854526     1.27473   0.0187724
        2486    0.867181     1.27456   0.0187656
        2487    0.880798      1.2744   0.0187587
        2488    0.894584     1.27425   0.0187518
        2489    0.908456     1.27411   0.0187448
        2490     0.92305     1.27396   0.0187378
        2491    0.937556     1.27383   0.0187308
        2492     0.95261      1.2737   0.0187237
        2493    0.968357     1.27358   0.0187166
        2494    0.984706     1.27346   0.0187095
        2495     1.00084     1.27335   0.0187023
        2496     1.01667     1.27325   0.0186951
        2497     1.03186     1.27315   0.0186878
        2498     1.04658     1.27306   0.0186806
        2499     1.06194     1.27298   0.0186733
        2500     1.07667      1.2729    0.018666
        2501     1.09095     1.27283   0.0186587
        2502     1.10447     1.27276   0.0186513
        2503     1.11742      1.2727    0.018644
        2504      1.1305     1.27264   0.0186366
        2505     1.14198     1.27259   0.0186293
        2506     1.15354     1.27254   0.0186219
        2507     1.16396      1.2725   0.0186145
        2508     1.17302     1.27246   0.0186071
        2509     1.18311     1.27242   0.0185998
        2510     1.19139     1.27239   0.0185924
        2511     1.20004     1.27236    0.018585
        2512     1.20765     1.27234   0.0185776
        2513     1.21475     1.27231   0.0185702
        2514     1.22186     1.27229   0.0185629
        2515     1.22808     1.27227   0.0185555
        2516     1.23417     1.27226   0.0185481
        2517     1.23995     1.27225   0.0185407
        2518     1.24547     1.27224   0.0185334
        2519     1.25102     1.27223    0.018526
        2520     1.25545     1.27222   0.0185187
        2521     1.26073     1.27222   0.0185113
        2522     1.26594     1.27221    0.018504
        2523     1.27063     1.27221   0.0184967
        2524     1.27556     1.27221   0.0184893
        2525     1.27981     1.27222    0.018482
        2526     1.28434     1.27222   0.0184747
        2527     1.28968     1.27223   0.0184674
        2528     1.29462     1.27224   0.0184601
        2529     1.29918     1.27225   0.0184528
        2530     1.30409     1.27226   0.0184455
        2531     1.30887     1.27228   0.0184382
        2532     1.31473     1.27229   0.0184309
        2533     1.31996     1.27231   0.0184237
        2534     1.32554     1.27233   0.0184164
        2535     1.33194     1.27236   0.0184092
        2536      1.3377     1.27238   0.0184019
        2537     1.34425     1.27241   0.0183947
        2538     1.34991     1.27244   0.0183875
        2539     1.35586     1.27247   0.0183803
        2540     1.36162     1.27251   0.0183731
        2541     1.36885     1.27255   0.0183659
        2542     1.37515     1.27259   0.0183587
        2543     1.38124     1.27263   0.0183515
        2544     1.38686     1.27267   0.0183444
        2545     1.39273     1.27272   0.0183372
        2546     1.39958     1.27277   0.0183301
        2547     1.40572     1.27282   0.0183229
        2548     1.41164     1.27288   0.0183158
        2549     1.41758     1.27294   0.0183087
        2550     1.42404     1.27299   0.0183017
        2551     1.43077     1.27306   0.0182946
        2552      1.4373     1.27312   0.0182875
        2553     1.44316     1.27319   0.0182805
        2554     1.44908     1.27326   0.0182735
        2555     1.45532     1.27333   0.0182664
        2556     1.46212      1.2734   0.0182595
        2557     1.46901     1.27348   0.0182525
        2558       1.476     1.27356   0.0182455
        2559     1.48285     1.27364   0.0182386
        2560     1.49077     1.27372   0.0182316
        2561     1.49785     1.27381   0.0182247
        2562      1.5053      1.2739   0.0182178
        2563     1.51312     1.27399    0.018211
        2564     1.52132     1.27409   0.0182041
        2565     1.52894     1.27419   0.0181973
        2566     1.53622     1.27429   0.0181905
        2567     1.54414      1.2744   0.0181837
        2568     1.55199     1.27451   0.0181769
        2569     1.56098     1.27462   0.0181702
        2570     1.57014     1.27473   0.0181635
        2571     1.57975     1.27485   0.0181568
        2572     1.58908     1.27497   0.0181502
        2573     1.59815      1.2751   0.0181436
        2574     1.60746     1.27523    0.018137
        2575     1.61604     1.27536   0.0181304
        2576      1.6268      1.2755   0.0181239
        2577     1.63686     1.27564   0.0181174
        2578     1.64742     1.27578   0.0181109
        2579     1.65753     1.27593   0.0181045
        2580     1.66887     1.27608   0.0180981
        2581     1.68046     1.27624   0.0180918
        2582     1.69252      1.2764   0.0180855
        2583     1.70407     1.27656   0.0180793
        2584     1.71556     1.27673   0.0180731
        2585     1.72767     1.27691   0.0180669
        2586     1.73963     1.27709   0.0180608
        2587     1.75188     1.27727   0.0180548
        2588     1.76386     1.27746   0.0180488
        2589     1.77623     1.27765   0.0180428
        2590     1.78771     1.27785    0.018037
        2591     1.79919     1.27805   0.0180311
        2592     1.81082     1.27826   0.0180253
        2593     1.82106     1.27847   0.0180196
        2594     1.83032     1.27868   0.0180139
        2595     1.84114     1.27889   0.0180083
        2596     1.85033     1.27911   0.0180027
        2597      1.8585     1.27934   0.0179971
        2598     1.86607     1.27956   0.0179916
        2599     1.87176     1.27979   0.0179861
        2600     1.87741     1.28002   0.0179807
        2601     1.88177     1.28025   0.0179753
        2602     1.88551     1.28049   0.0179699
        2603     1.88665     1.28072   0.0179645
        2604     1.88781     1.28095   0.0179591
        2605     1.88726     1.28118   0.0179537
        2606     1.88499     1.28142   0.0179483
        2607     1.88293     1.28165   0.0179429
        2608     1.87938     1.28188   0.0179375
        2609     1.87387      1.2821    0.017932
        2610     1.86812     1.28233   0.0179266
        2611     1.86022     1.28255   0.0179211
        2612     1.85117     1.28277   0.0179155
        2613     1.84103     1.28298   0.0179099
        2614     1.83032     1.28319   0.0179043
        2615     1.81863     1.28339   0.0178986
        2616      1.8058     1.28359   0.0178929
        2617     1.79214     1.28379   0.0178871
        2618     1.77726     1.28398   0.0178813
        2619     1.76172     1.28416   0.0178754
        2620      1.7449     1.28433   0.0178694
        2621     1.72906      1.2845   0.0178634
        2622     1.71335     1.28467   0.0178574
        2623     1.69642     1.28483   0.0178512
        2624     1.67935     1.28498   0.0178451
        2625     1.66295     1.28512   0.0178389
        2626     1.64588     1.28526   0.0178326
        2627     1.62993     1.28539   0.0178263
        2628     1.61326     1.28551   0.0178199
        2629      1.5974     1.28563   0.0178136
        2630     1.58171     1.28574   0.0178071
        2631     1.56773     1.28585   0.0178007
        2632     1.55261     1.28595   0.0177942
        2633     1.53836     1.28605   0.0177877
        2634     1.52406     1.28614   0.0177812
        2635     1.51095     1.28622   0.0177747
        2636     1.49812      1.2863   0.0177681
        2637     1.48849     1.28638   0.0177615
        2638     1.47895     1.28645   0.0177549
        2639     1.46951     1.28652   0.0177483
        2640     1.46043     1.28659   0.0177417
        2641      1.4534     1.28665   0.0177351
        2642     1.44575     1.28671   0.0177285
        2643     1.43966     1.28677   0.0177219
        2644     1.43438     1.28683   0.0177153
        2645     1.43015     1.28688   0.0177087
        2646     1.42669     1.28693   0.0177021
        2647     1.42375     1.28699   0.0176955
        2648     1.42129     1.28704   0.0176889
        2649     1.42026     1.28709   0.0176822
        2650     1.41868     1.28714   0.0176756
        2651     1.41846     1.28719    0.017669
        2652     1.41859     1.28723   0.0176625
        2653     1.41977     1.28728   0.0176559
        2654     1.42147     1.28734   0.0176493
        2655     1.42438     1.28739   0.0176427
        2656     1.42699     1.28744   0.0176361
        2657     1.42953     1.28749   0.0176296
        2658     1.43219     1.28755    0.017623
        2659     1.43588      1.2876   0.0176165
        2660     1.43985     1.28766     0.01761
        2661     1.44428     1.28772   0.0176035
        2662     1.44794     1.28778   0.0175969
        2663     1.45125     1.28784   0.0175904
        2664     1.45515      1.2879    0.017584
        2665     1.45933     1.28797   0.0175775
        2666     1.46402     1.28803    0.017571
        2667     1.46843      1.2881   0.0175645
        2668     1.47204     1.28817   0.0175581
        2669     1.47651     1.28824   0.0175517
        2670     1.48107     1.28831   0.0175452
        2671     1.48472     1.28839   0.0175388
        2672      1.4884     1.28846   0.0175324
        2673     1.49159     1.28854    0.017526
        2674     1.49428     1.28861   0.0175196
        2675     1.49691     1.28869   0.0175133
        2676     1.49947     1.28877   0.0175069
        2677     1.50146     1.28885   0.0175005
        2678      1.5036     1.28893   0.0174942
        2679     1.50491     1.28901   0.0174878
        2680     1.50564     1.28909   0.0174815
        2681     1.50602     1.28917   0.0174752
        2682     1.50679     1.28925   0.0174688
        2683     1.50746     1.28934   0.0174625
        2684     1.50661     1.28942   0.0174562
        2685     1.50593      1.2895   0.0174499
        2686     1.50617     1.28958   0.0174436
        2687     1.50518     1.28966   0.0174373
        2688     1.50468     1.28974    0.017431
        2689     1.50298     1.28982   0.0174247
        2690     1.50134      1.2899   0.0174184
        2691     1.50002     1.28997   0.0174121
        2692     1.49832     1.29005   0.0174058
        2693     1.49627     1.29013   0.0173995
        2694     1.49293      1.2902   0.0173932
        2695     1.49027     1.29028   0.0173869
        2696     1.48855     1.29035   0.0173806
        2697     1.48612     1.29042   0.0173743
        2698     1.48396      1.2905    0.017368
        2699      1.4821     1.29057   0.0173617
        2700     1.48033     1.29064   0.0173554
        2701     1.47867     1.29071   0.0173491
        2702     1.47643     1.29078   0.0173429
        2703     1.47458     1.29084   0.0173366
        2704      1.4722     1.29091   0.0173303
        2705     1.47145     1.29098    0.017324
        2706     1.46948     1.29104   0.0173177
        2707     1.46823     1.29111   0.0173115
        2708     1.46794     1.29117   0.0173052
        2709     1.46839     1.29124   0.0172989
        2710     1.46888      1.2913   0.0172927
        2711     1.46867     1.29137   0.0172864
        2712     1.46947     1.29144   0.0172802
        2713     1.47007      1.2915   0.0172739
        2714     1.47167     1.29157   0.0172677
        2715     1.47306     1.29164   0.0172615
        2716     1.47494      1.2917   0.0172552
        2717     1.47779     1.29177    0.017249
        2718     1.47918     1.29184   0.0172428
        2719      1.4815     1.29191   0.0172366
        2720       1.484     1.29198   0.0172304
        2721     1.48617     1.29205   0.0172242
        2722     1.48918     1.29212   0.0172181
        2723     1.49179      1.2922   0.0172119
        2724      1.4942     1.29227   0.0172057
        2725     1.49783     1.29235   0.0171996
        2726     1.50069     1.29242   0.0171934
        2727     1.50324      1.2925   0.0171873
        2728     1.50689     1.29258   0.0171812
        2729     1.50966     1.29266   0.0171751
        2730     1.51178     1.29274    0.017169
        2731     1.51417     1.29282   0.0171629
        2732     1.51632      1.2929   0.0171568
        2733     1.51821     1.29298   0.0171507
        2734      1.5191     1.29307   0.0171446
        2735     1.52043     1.29315   0.0171386
        2736     1.52194     1.29323   0.0171325
        2737     1.52314     1.29332   0.0171265
        2738     1.52285      1.2934   0.0171204
        2739     1.52323     1.29349   0.0171144
        2740     1.52261     1.29357   0.0171083
        2741     1.52197     1.29365   0.0171023
        2742     1.52109     1.29374   0.0170962
        2743     1.51998     1.29382   0.0170902
        2744     1.51868      1.2939   0.0170842
        2745     1.51671     1.29398   0.0170781
        2746     1.51483     1.29406   0.0170721
        2747     1.51305     1.29414   0.0170661
        2748     1.51091     1.29422   0.0170601
        2749     1.50962      1.2943    0.017054
        2750     1.50705     1.29438    0.017048
        2751     1.50462     1.29445    0.017042
        2752     1.50234     1.29453    0.017036
        2753     1.49997      1.2946   0.0170299
        2754     1.49771     1.29468   0.0170239
        2755     1.49556     1.29475   0.0170179
        2756     1.49274     1.29482   0.0170119
        2757     1.48923     1.29489   0.0170058
        2758     1.48595     1.29496   0.0169998
        2759     1.48235     1.29503   0.0169938
        2760     1.47863      1.2951   0.0169878
        2761     1.47496     1.29516   0.0169817
        2762     1.47032     1.29522   0.0169757
        2763     1.46489     1.29529   0.0169697
        2764     1.45887     1.29534   0.0169636
        2765     1.45195      1.2954   0.0169576
        2766     1.44411     1.29545   0.0169515
        2767     1.43628     1.29551   0.0169455
        2768     1.42748     1.29555   0.0169394
        2769     1.41796      1.2956   0.0169334
        2770     1.40798     1.29564   0.0169273
        2771     1.39734     1.29567   0.0169212
        2772     1.38561     1.29571   0.0169152
        2773     1.37358     1.29574   0.0169091
        2774     1.36111     1.29576    0.016903
        2775     1.34852     1.29578   0.0168969
        2776     1.33689     1.29579   0.0168909
        2777      1.3237      1.2958   0.0168848
        2778     1.30981     1.29581   0.0168787
        2779     1.29702     1.29581   0.0168726
        2780     1.28474      1.2958   0.0168666
        2781     1.27215      1.2958   0.0168605
        2782     1.26032     1.29578   0.0168544
        2783     1.24962     1.29577   0.0168484
        2784     1.23895     1.29575   0.0168424
        2785     1.22938     1.29572   0.0168363
        2786     1.22052      1.2957   0.0168303
        2787     1.21315     1.29567   0.0168243
        2788     1.20664     1.29563   0.0168183
        2789     1.20006      1.2956   0.0168123
        2790     1.19612     1.29556   0.0168063
        2791     1.19339     1.29553   0.0168003
        2792      1.1919     1.29549   0.0167943
        2793     1.19189     1.29545   0.0167884
        2794     1.19265     1.29542   0.0167824
        2795     1.19489     1.29538   0.0167764
        2796     1.19836     1.29535   0.0167705
        2797     1.20208     1.29531   0.0167645
        2798     1.20793     1.29528   0.0167585
        2799     1.21444     1.29525   0.0167526
        2800     1.22134     1.29523   0.0167466
        2801     1.22954      1.2952   0.0167407
        2802     1.23923     1.29518   0.0167347
        2803     1.24941     1.29517   0.0167287
        2804     1.26026     1.29515   0.0167228
        2805     1.27365     1.29515   0.0167168
        2806     1.28711     1.29514   0.0167109
        2807     1.30059     1.29514   0.0167049
        2808     1.31546     1.29515    0.016699
        2809     1.33044     1.29516    0.016693
        2810      1.3462     1.29518   0.0166871
        2811     1.36241     1.29521   0.0166812
        2812     1.37924     1.29524   0.0166753
        2813     1.39612     1.29527   0.0166694
        2814      1.4132     1.29531   0.0166635
        2815      1.4304     1.29536   0.0166576
        2816     1.44785     1.29542   0.0166518
        2817      1.4657     1.29548    0.016646
        2818     1.48288     1.29554   0.0166402
        2819     1.50023     1.29562   0.0166345
        2820     1.51717     1.29569   0.0166288
        2821     1.53285     1.29578   0.0166231
        2822     1.54836     1.29587   0.0166175
        2823     1.56309     1.29596   0.0166118
        2824     1.57692     1.29606   0.0166063
        2825     1.58998     1.29617   0.0166007
        2826      1.6019     1.29627   0.0165952
        2827      1.6116     1.29639   0.0165897
        2828     1.62068      1.2965   0.0165842
        2829     1.62831     1.29662   0.0165788
        2830     1.63393     1.29674   0.0165733
        2831     1.63844     1.29686   0.0165679
        2832     1.64057     1.29698   0.0165625
        2833     1.64175      1.2971   0.0165571
        2834     1.64122     1.29722   0.0165517
        2835     1.63852     1.29734   0.0165463
        2836      1.6351     1.29746   0.0165409
        2837     1.62933     1.29758   0.0165355
        2838     1.62174     1.29769   0.0165301
        2839     1.61266      1.2978   0.0165246
        2840     1.60193     1.29791   0.0165191
        2841     1.59014     1.29801   0.0165137
        2842     1.57716     1.29811   0.0165081
        2843      1.5636     1.29821   0.0165026
        2844      1.5496     1.29829    0.016497
        2845     1.53382     1.29838   0.0164914
        2846     1.51762     1.29845   0.0164858
        2847     1.50063     1.29852   0.0164802
        2848     1.48419     1.29859   0.0164745
        2849     1.46745     1.29865   0.0164688
        2850     1.44932      1.2987   0.0164632
        2851     1.43111     1.29875   0.0164574
        2852     1.41364     1.29879   0.0164517
        2853     1.39555     1.29882    0.016446
        2854     1.37838     1.29885   0.0164403
        2855     1.36148     1.29887   0.0164345
        2856     1.34419     1.29889   0.0164288
        2857     1.32756      1.2989    0.016423
        2858     1.31163      1.2989   0.0164173
        2859     1.29622      1.2989   0.0164115
        2860      1.2814      1.2989   0.0164058
        2861     1.26721     1.29888   0.0164001
        2862     1.25322     1.29887   0.0163943
        2863     1.23973     1.29885   0.0163886
        2864     1.22678     1.29882   0.0163829
        2865     1.21588     1.29879   0.0163772
        2866     1.20586     1.29876   0.0163715
        2867     1.19678     1.29873   0.0163659
        2868     1.18747     1.29869   0.0163602
        2869     1.17918     1.29865   0.0163546
        2870     1.17292      1.2986   0.0163489
        2871     1.16798     1.29856   0.0163433
        2872     1.16394     1.29851   0.0163377
        2873     1.16031     1.29846   0.0163321
        2874     1.15881     1.29841   0.0163264
        2875     1.15896     1.29836   0.0163208
        2876     1.15955     1.29832   0.0163152
        2877     1.16154     1.29827   0.0163096
        2878     1.16419     1.29822    0.016304
        2879      1.1677     1.29818   0.0162984
        2880     1.17278     1.29813   0.0162928
        2881     1.17888     1.29809   0.0162872
        2882     1.18596     1.29805   0.0162816
        2883     1.19347     1.29802    0.016276
        2884     1.20159     1.29798   0.0162704
        2885     1.21169     1.29795   0.0162648
        2886     1.22079     1.29793   0.0162592
        2887     1.23218      1.2979   0.0162536
        2888     1.24434     1.29789   0.0162479
        2889     1.25692     1.29787   0.0162423
        2890     1.26888     1.29786   0.0162367
        2891     1.28133     1.29786   0.0162311
        2892     1.29489     1.29785   0.0162255
        2893      1.3078     1.29786   0.0162199
        2894     1.32021     1.29787   0.0162143
        2895     1.33251     1.29788   0.0162087
        2896     1.34488     1.29789   0.0162031
        2897     1.35747     1.29791   0.0161975
        2898     1.36974     1.29794   0.0161919
        2899     1.38067     1.29797   0.0161864
        2900     1.39166       1.298   0.0161808
        2901     1.40193     1.29804   0.0161753
        2902     1.41171     1.29807   0.0161698
        2903     1.42095     1.29812   0.0161642
        2904     1.42965     1.29816   0.0161587
        2905      1.4378     1.29821   0.0161533
        2906     1.44541     1.29826   0.0161478
        2907     1.45224     1.29831   0.0161423
        2908     1.45975     1.29837   0.0161369
        2909     1.46557     1.29843   0.0161314
        2910     1.47142     1.29849    0.016126
        2911     1.47662     1.29855   0.0161206
        2912     1.48169     1.29861   0.0161151
        2913     1.48621     1.29868   0.0161097
        2914     1.49048     1.29874   0.0161043
        2915     1.49478     1.29881    0.016099
        2916     1.49966     1.29888   0.0160936
        2917     1.50421     1.29895   0.0160882
        2918     1.50824     1.29902   0.0160829
        2919     1.51156     1.29909   0.0160775
        2920     1.51566     1.29917   0.0160722
        2921     1.51962     1.29924   0.0160669
        2922     1.52444     1.29932   0.0160615
        2923     1.52918      1.2994   0.0160562
        2924     1.53361     1.29948    0.016051
        2925      1.5392     1.29956   0.0160457
        2926     1.54497     1.29964   0.0160404
        2927     1.54924     1.29973   0.0160352
        2928     1.55464     1.29982   0.0160299
        2929     1.56019      1.2999   0.0160247
        2930     1.56611         1.3   0.0160195
        2931     1.57188     1.30009   0.0160143
        2932     1.57793     1.30018   0.0160091
        2933       1.584     1.30028   0.0160039
        2934     1.58979     1.30038   0.0159988
        2935     1.59502     1.30048   0.0159936
        2936     1.60109     1.30058   0.0159885
        2937     1.60673     1.30069   0.0159834
        2938     1.61168     1.30079   0.0159783
        2939     1.61683      1.3009   0.0159733
        2940     1.62143     1.30101   0.0159682
        2941     1.62521     1.30112   0.0159631
        2942     1.62933     1.30123   0.0159581
        2943     1.63208     1.30134   0.0159531
        2944     1.63537     1.30146   0.0159481
        2945     1.63747     1.30157   0.0159431
        2946     1.63887     1.30168   0.0159381
        2947     1.64122      1.3018   0.0159331
        2948     1.64285     1.30191   0.0159281
        2949     1.64326     1.30203   0.0159231
        2950     1.64317     1.30215   0.0159181
        2951     1.64305     1.30226   0.0159132
        2952     1.64243     1.30238   0.0159082
        2953     1.64082     1.30249   0.0159032
        2954     1.63845     1.30261   0.0158982
        2955     1.63702     1.30272   0.0158933
        2956     1.63315     1.30283   0.0158883
        2957     1.62948     1.30294   0.0158833
        2958     1.62579     1.30305   0.0158783
        2959     1.62133     1.30316   0.0158733
        2960     1.61709     1.30326   0.0158683
        2961     1.61186     1.30337   0.0158633
        2962     1.60638     1.30347   0.0158582
        2963     1.60042     1.30357   0.0158532
        2964     1.59327     1.30367   0.0158481
        2965     1.58618     1.30376   0.0158431
        2966     1.57822     1.30386    0.015838
        2967     1.57015     1.30395   0.0158329
        2968     1.56154     1.30403   0.0158278
        2969     1.55295     1.30412   0.0158227
        2970     1.54419      1.3042   0.0158176
        2971     1.53559     1.30427   0.0158125
        2972     1.52626     1.30435   0.0158073
        2973      1.5175     1.30442   0.0158022
        2974     1.50866     1.30449    0.015797
        2975     1.50009     1.30456   0.0157918
        2976     1.49211     1.30462   0.0157867
        2977     1.48504     1.30468   0.0157815
        2978     1.47825     1.30474   0.0157763
        2979     1.47108     1.30479   0.0157711
        2980     1.46578     1.30485   0.0157659
        2981     1.46096      1.3049   0.0157607
        2982     1.45692     1.30495   0.0157555
        2983     1.45441       1.305   0.0157503
        2984     1.45203     1.30505   0.0157451
        2985     1.45029      1.3051   0.0157399
        2986     1.44944     1.30515   0.0157347
        2987      1.4502      1.3052   0.0157295
        2988     1.45185     1.30524   0.0157243
        2989     1.45366     1.30529   0.0157191
        2990     1.45608     1.30534   0.0157139
        2991      1.4591      1.3054   0.0157088
        2992     1.46339     1.30545   0.0157036
        2993     1.46844      1.3055   0.0156985
        2994     1.47373     1.30556   0.0156933
        2995     1.48016     1.30562   0.0156882
        2996     1.48745     1.30568   0.0156831
        2997     1.49532     1.30574    0.015678
        2998     1.50297     1.30581   0.0156729
        2999      1.5118     1.30588   0.0156678
        3000     1.52079     1.30595   0.0156627
        3001     1.53085     1.30602   0.0156577
        3002     1.54048      1.3061   0.0156527
        3003     1.55083     1.30618   0.0156477
        3004     1.56113     1.30627   0.0156427
        3005     1.57157     1.30636   0.0156377
        3006     1.58162     1.30645   0.0156328
        3007     1.59243     1.30654   0.0156279
        3008     1.60131     1.30664    0.015623
        3009      1.6118     1.30674   0.0156181
        3010     1.62196     1.30685   0.0156133
        3011     1.63219     1.30695   0.0156085
        3012     1.64244     1.30707   0.0156037
        3013     1.65217     1.30718    0.015599
        3014     1.66204      1.3073   0.0155942
        3015     1.67077     1.30742   0.0155895
        3016     1.67853     1.30754   0.0155848
        3017     1.68619     1.30767   0.0155802
        3018     1.69247      1.3078   0.0155755
        3019     1.69896     1.30792   0.0155709
        3020     1.70387     1.30806   0.0155663
        3021     1.70854     1.30819   0.0155617
        3022     1.71193     1.30832   0.0155571
        3023     1.71417     1.30846   0.0155526
        3024      1.7154     1.30859    0.015548
        3025     1.71506     1.30873   0.0155435
        3026     1.71262     1.30886   0.0155389
        3027     1.71016     1.30899   0.0155343
        3028     1.70573     1.30912   0.0155297
        3029     1.69954     1.30925   0.0155252
        3030     1.69208     1.30938   0.0155205
        3031     1.68288      1.3095   0.0155159
        3032     1.67223     1.30962   0.0155113
        3033     1.66041     1.30974   0.0155066
        3034     1.64679     1.30985   0.0155019
        3035     1.63145     1.30995   0.0154971
        3036     1.61642     1.31005   0.0154923
        3037     1.59892     1.31015   0.0154875
        3038     1.58148     1.31024   0.0154827
        3039     1.56396     1.31032   0.0154778
        3040      1.5448      1.3104   0.0154729
        3041     1.52531     1.31047    0.015468
        3042     1.50585     1.31053    0.015463
        3043     1.48627     1.31059   0.0154581
        3044     1.46619     1.31064   0.0154531
        3045     1.44591     1.31069   0.0154481
        3046     1.42456     1.31072    0.015443
        3047     1.40388     1.31076    0.015438
        3048     1.38273     1.31078    0.015433
        3049     1.36188      1.3108   0.0154279
        3050     1.34112     1.31081   0.0154228
        3051     1.32026     1.31081   0.0154178
        3052     1.29907      1.3108   0.0154127
        3053     1.27905     1.31079   0.0154077
        3054     1.25781     1.31078   0.0154027
        3055     1.23826     1.31075   0.0153976
        3056     1.21852     1.31072   0.0153926
        3057     1.19908     1.31069   0.0153876
        3058     1.17952     1.31064   0.0153827
        3059     1.16105     1.31059   0.0153777
        3060     1.14325     1.31054   0.0153728
        3061     1.12494     1.31048   0.0153679
        3062     1.10714     1.31041    0.015363
        3063     1.09085     1.31034   0.0153582
        3064     1.07469     1.31026   0.0153533
        3065     1.05944     1.31018   0.0153485
        3066     1.04491      1.3101   0.0153438
        3067     1.03093        1.31    0.015339
        3068     1.01803     1.30991   0.0153343
        3069     1.00558     1.30981   0.0153297
        3070    0.995064     1.30971    0.015325
        3071    0.983915      1.3096   0.0153204
        3072     0.97509     1.30949   0.0153158
        3073    0.967216     1.30938   0.0153112
        3074     0.95988     1.30927   0.0153067
        3075    0.954109     1.30915   0.0153021
        3076    0.949727     1.30904   0.0152976
        3077    0.947519     1.30892   0.0152931
        3078    0.946578      1.3088   0.0152886
        3079    0.946237     1.30868    0.015284
        3080    0.947993     1.30857   0.0152795
        3081    0.952374     1.30845    0.015275
        3082    0.957972     1.30834   0.0152705
        3083      0.9653     1.30823   0.0152659
        3084    0.974382     1.30812   0.0152614
        3085    0.984987     1.30801   0.0152568
        3086    0.997117     1.30791   0.0152522
        3087     1.01149     1.30782   0.0152475
        3088     1.02807     1.30772   0.0152429
        3089     1.04489     1.30764   0.0152382
        3090     1.06407     1.30756   0.0152334
        3091     1.08552     1.30749   0.0152287
        3092     1.10816     1.30742   0.0152239
        3093     1.13141     1.30737   0.0152191
        3094     1.15534     1.30732   0.0152142
        3095     1.18145     1.30728   0.0152094
        3096     1.20859     1.30725   0.0152045
        3097     1.23603     1.30722   0.0151996
        3098     1.26353     1.30721   0.0151947
        3099     1.29106      1.3072   0.0151898
        3100     1.31808     1.30721   0.0151849
        3101     1.34503     1.30722     0.01518
        3102     1.37089     1.30724   0.0151751
        3103     1.39563     1.30727   0.0151703
        3104     1.41897      1.3073   0.0151654
        3105     1.44092     1.30735   0.0151606
        3106     1.46105      1.3074   0.0151558
        3107     1.47944     1.30745    0.015151
        3108     1.49548     1.30751   0.0151463
        3109     1.50914     1.30758   0.0151415
        3110      1.5204     1.30765   0.0151368
        3111     1.52954     1.30772   0.0151321
        3112     1.53737     1.30779   0.0151274
        3113     1.54255     1.30787   0.0151228
        3114     1.54694     1.30794   0.0151181
        3115     1.54949     1.30802   0.0151134
        3116     1.54989      1.3081   0.0151088
        3117     1.54882     1.30818   0.0151041
        3118     1.54789     1.30825   0.0150995
        3119     1.54463     1.30833   0.0150948
        3120     1.54184      1.3084   0.0150902
        3121     1.53821     1.30848   0.0150855
        3122      1.5341     1.30855   0.0150809
        3123     1.52961     1.30862   0.0150762
        3124     1.52505     1.30869   0.0150715
        3125     1.51974     1.30876   0.0150669
        3126     1.51398     1.30882   0.0150622
        3127     1.50824     1.30889   0.0150575
        3128     1.50206     1.30895   0.0150528
        3129     1.49567     1.30901   0.0150481
        3130     1.48881     1.30906   0.0150434
        3131     1.48218     1.30912   0.0150387
        3132     1.47502     1.30917    0.015034
        3133     1.46756     1.30922   0.0150293
        3134     1.46072     1.30927   0.0150246
        3135     1.45232     1.30932   0.0150199
        3136     1.44402     1.30936   0.0150151
        3137     1.43508      1.3094   0.0150104
        3138     1.42694     1.30944   0.0150057
        3139     1.41767     1.30947   0.0150009
        3140     1.40778      1.3095   0.0149962
        3141     1.39774     1.30953   0.0149914
        3142     1.38761     1.30956   0.0149867
        3143     1.37693     1.30958   0.0149819
        3144     1.36599      1.3096   0.0149772
        3145     1.35461     1.30961   0.0149724
        3146      1.3431     1.30962   0.0149677
        3147     1.33153     1.30963   0.0149629
        3148      1.3195     1.30963   0.0149582
        3149     1.30759     1.30963   0.0149534
        3150     1.29637     1.30963   0.0149487
        3151     1.28474     1.30962   0.0149439
        3152     1.27376     1.30961   0.0149392
        3153     1.26427     1.30959   0.0149345
        3154     1.25518     1.30958   0.0149297
        3155     1.24659     1.30956    0.014925
        3156     1.23931     1.30953   0.0149203
        3157     1.23227     1.30951   0.0149156
        3158     1.22676     1.30948   0.0149109
        3159      1.2224     1.30946   0.0149062
        3160     1.21926     1.30943   0.0149015
        3161      1.2167      1.3094   0.0148968
        3162     1.21648     1.30937   0.0148921
        3163     1.21673     1.30934   0.0148875
        3164     1.21941     1.30931   0.0148828
        3165     1.22312     1.30928   0.0148781
        3166     1.22788     1.30926   0.0148734
        3167     1.23466     1.30923   0.0148688
        3168     1.24322     1.30921   0.0148641
        3169      1.2533      1.3092   0.0148594
        3170     1.26416     1.30918   0.0148547
        3171     1.27718     1.30917     0.01485
        3172     1.29209     1.30917   0.0148454
        3173     1.30784     1.30917   0.0148407
        3174      1.3246     1.30917    0.014836
        3175     1.34205     1.30918   0.0148313
        3176     1.36176      1.3092   0.0148267
        3177     1.38146     1.30922    0.014822
        3178     1.40224     1.30925   0.0148174
        3179     1.42446     1.30929   0.0148128
        3180     1.44581     1.30933   0.0148082
        3181     1.46832     1.30938   0.0148036
        3182     1.49161     1.30944   0.0147991
        3183      1.5141      1.3095   0.0147945
        3184     1.53756     1.30957   0.0147901
        3185     1.55967     1.30965   0.0147856
        3186     1.58246     1.30974   0.0147812
        3187     1.60409     1.30983   0.0147769
        3188     1.62562     1.30993   0.0147726
        3189     1.64619     1.31003   0.0147683
        3190     1.66592     1.31014   0.0147641
        3191     1.68467     1.31026     0.01476
        3192     1.70257     1.31038   0.0147559
        3193     1.71905     1.31051   0.0147518
        3194     1.73449     1.31064   0.0147478
        3195     1.74905     1.31078   0.0147438
        3196     1.76051     1.31092   0.0147399
        3197     1.77217     1.31107   0.0147359
        3198     1.78211     1.31121   0.0147321
        3199     1.79029     1.31136   0.0147282
        3200     1.79672     1.31152   0.0147244
        3201     1.80214     1.31167   0.0147206
        3202     1.80586     1.31182   0.0147168
        3203     1.80792     1.31198    0.014713
        3204      1.8091     1.31213   0.0147093
        3205     1.80779     1.31229   0.0147055
        3206     1.80719     1.31244   0.0147017
        3207      1.8045      1.3126   0.0146979
        3208     1.79982     1.31275   0.0146941
        3209     1.79515      1.3129   0.0146903
        3210     1.78966     1.31305   0.0146865
        3211     1.78294     1.31319   0.0146826
        3212     1.77605     1.31334   0.0146788
        3213     1.76862     1.31348   0.0146749
        3214     1.76097     1.31362    0.014671
        3215     1.75248     1.31375   0.0146671
        3216     1.74418     1.31389   0.0146631
        3217     1.73592     1.31402   0.0146591
        3218      1.7268     1.31415   0.0146552
        3219     1.71809     1.31427   0.0146511
        3220     1.70936      1.3144   0.0146471
        3221     1.70018     1.31452    0.014643
        3222     1.69132     1.31463    0.014639
        3223     1.68208     1.31475   0.0146349
        3224     1.67393     1.31486   0.0146308
        3225     1.66571     1.31497   0.0146266
        3226     1.65764     1.31507   0.0146225
        3227     1.64879     1.31518   0.0146183
        3228     1.64106     1.31528   0.0146141
        3229      1.6335     1.31538   0.0146099
        3230     1.62537     1.31547   0.0146057
        3231     1.61737     1.31557   0.0146015
        3232     1.60971     1.31566   0.0145973
        3233     1.60261     1.31575    0.014593
        3234     1.59531     1.31583   0.0145888
        3235     1.58777     1.31592   0.0145845
        3236     1.57996       1.316   0.0145802
        3237     1.57183     1.31608   0.0145759
        3238     1.56431     1.31615   0.0145716
        3239     1.55686     1.31623   0.0145673
        3240     1.54848      1.3163    0.014563
        3241     1.54009     1.31637   0.0145587
        3242     1.53189     1.31643   0.0145543
        3243     1.52241      1.3165     0.01455
        3244     1.51329     1.31656   0.0145456
        3245     1.50378     1.31662   0.0145413
        3246     1.49433     1.31667   0.0145369
        3247     1.48348     1.31672   0.0145325
        3248     1.47314     1.31677   0.0145281
        3249     1.46186     1.31682   0.0145237
        3250     1.44962     1.31686   0.0145193
        3251     1.43787     1.31689   0.0145149
        3252     1.42565     1.31693   0.0145104
        3253      1.4132     1.31696    0.014506
        3254     1.39958     1.31698   0.0145016
        3255     1.38553       1.317   0.0144971
        3256     1.37058     1.31702   0.0144927
        3257     1.35574     1.31703   0.0144882
        3258     1.34009     1.31704   0.0144838
        3259     1.32557     1.31704   0.0144794
        3260     1.31009     1.31704   0.0144749
        3261     1.29441     1.31703   0.0144705
        3262     1.27787     1.31702    0.014466
        3263     1.26199       1.317   0.0144616
        3264     1.24539     1.31698   0.0144572
        3265     1.22959     1.31695   0.0144528
        3266     1.21348     1.31692   0.0144484
        3267      1.1981     1.31689    0.014444
        3268     1.18305     1.31685   0.0144397
        3269      1.1682      1.3168   0.0144353
        3270     1.15434     1.31675    0.014431
        3271     1.14133      1.3167   0.0144267
        3272     1.12829     1.31664   0.0144224
        3273     1.11604     1.31658   0.0144181
        3274     1.10394     1.31651   0.0144139
        3275     1.09228     1.31644   0.0144096
        3276     1.08235     1.31637   0.0144054
        3277     1.07325      1.3163   0.0144012
        3278     1.06646     1.31622    0.014397
        3279     1.05961     1.31614   0.0143928
        3280     1.05465     1.31606   0.0143887
        3281      1.0511     1.31598   0.0143845
        3282     1.04847      1.3159   0.0143804
        3283     1.04768     1.31582   0.0143762
        3284     1.04679     1.31574   0.0143721
        3285     1.04763     1.31566   0.0143679
        3286     1.04845     1.31558   0.0143638
        3287     1.05059     1.31549   0.0143596
        3288     1.05346     1.31542   0.0143555
        3289     1.05716     1.31534   0.0143513
        3290     1.06109     1.31526   0.0143472
        3291     1.06507     1.31518    0.014343
        3292     1.06993     1.31511   0.0143389
        3293     1.07406     1.31504   0.0143347
        3294     1.07947     1.31496   0.0143305
        3295     1.08334     1.31489   0.0143263
        3296     1.08675     1.31482   0.0143222
        3297     1.08907     1.31476    0.014318
        3298     1.09211     1.31469   0.0143138
        3299     1.09382     1.31462   0.0143096
        3300     1.09461     1.31456   0.0143054
        3301     1.09465     1.31449   0.0143013
        3302      1.0934     1.31442   0.0142971
        3303      1.0906     1.31435   0.0142929
        3304     1.08696     1.31428   0.0142888
        3305     1.08249     1.31421   0.0142846
        3306     1.07698     1.31414   0.0142805
        3307      1.0712     1.31407   0.0142763
        3308     1.06351     1.31399   0.0142722
        3309     1.05494     1.31392   0.0142681
        3310     1.04605     1.31383    0.014264
        3311     1.03523     1.31375     0.01426
        3312     1.02497     1.31366   0.0142559
        3313     1.01368     1.31357   0.0142519
        3314     1.00167     1.31348   0.0142479
        3315    0.989023     1.31338    0.014244
        3316     0.97655     1.31328     0.01424
        3317    0.963364     1.31317   0.0142361
        3318    0.950259     1.31306   0.0142323
        3319    0.937786     1.31295   0.0142284
        3320    0.924085     1.31283   0.0142246
        3321    0.911147     1.31271   0.0142209
        3322    0.898553     1.31259   0.0142171
        3323      0.8854     1.31246   0.0142134
        3324    0.872949     1.31233   0.0142098
        3325    0.861266     1.31219   0.0142061
        3326    0.849202     1.31205   0.0142025
        3327    0.838019     1.31191    0.014199
        3328    0.828257     1.31177   0.0141955
        3329    0.818051     1.31162    0.014192
        3330    0.808425     1.31147   0.0141885
        3331     0.79968     1.31131   0.0141851
        3332    0.790666     1.31116   0.0141817
        3333    0.782892       1.311   0.0141783
        3334    0.775697     1.31084    0.014175
        3335    0.769615     1.31067   0.0141717
        3336    0.764225     1.31051   0.0141684
        3337    0.759814     1.31035   0.0141651
        3338    0.756915     1.31018   0.0141618
        3339    0.754848     1.31001   0.0141585
        3340    0.754372     1.30985   0.0141553
        3341    0.754555     1.30968    0.014152
        3342    0.755422     1.30952   0.0141488
        3343    0.758194     1.30935   0.0141455
        3344    0.761679     1.30919   0.0141422
        3345    0.767079     1.30902   0.0141389
        3346    0.774144     1.30886   0.0141356
        3347    0.780931     1.30871   0.0141322
        3348    0.789339     1.30855   0.0141289
        3349    0.798847      1.3084   0.0141255
        3350    0.809173     1.30825    0.014122
        3351    0.821461     1.30811   0.0141186
        3352     0.83396     1.30796   0.0141151
        3353    0.846596     1.30783   0.0141115
        3354    0.859774     1.30769    0.014108
        3355    0.874851     1.30756   0.0141043
        3356    0.889082     1.30744   0.0141007
        3357    0.905491     1.30732    0.014097
        3358    0.922294      1.3072   0.0140933
        3359    0.937936     1.30709   0.0140895
        3360    0.955193     1.30699   0.0140857
        3361    0.973229     1.30689   0.0140819
        3362    0.989524      1.3068    0.014078
        3363      1.0059     1.30671   0.0140741
        3364     1.02224     1.30662   0.0140701
        3365     1.03771     1.30654   0.0140662
        3366     1.05247     1.30647   0.0140622
        3367     1.06785      1.3064   0.0140582
        3368     1.08232     1.30633   0.0140542
        3369      1.0963     1.30627   0.0140502
        3370     1.10874     1.30621   0.0140461
        3371     1.12055     1.30615   0.0140421
        3372     1.13192      1.3061    0.014038
        3373     1.14233     1.30605   0.0140339
        3374     1.15128     1.30601   0.0140298
        3375     1.15924     1.30596   0.0140257
        3376     1.16621     1.30592   0.0140216
        3377     1.17244     1.30588   0.0140176
        3378     1.17724     1.30584   0.0140135
        3379     1.18208     1.30581   0.0140094
        3380     1.18533     1.30577   0.0140053
        3381     1.18848     1.30574   0.0140012
        3382      1.1904      1.3057   0.0139971
        3383      1.1914     1.30567    0.013993
        3384     1.19155     1.30564   0.0139889
        3385     1.19069      1.3056   0.0139848
        3386     1.19012     1.30557   0.0139807
        3387      1.1887     1.30553   0.0139766
        3388     1.18725      1.3055   0.0139725
        3389     1.18609     1.30546   0.0139684
        3390     1.18531     1.30543   0.0139644
        3391     1.18377     1.30539   0.0139603
        3392     1.18178     1.30536   0.0139562
        3393     1.18039     1.30532   0.0139522
        3394      1.1794     1.30528   0.0139481
        3395     1.17816     1.30524    0.013944
        3396     1.17792     1.30521     0.01394
        3397     1.17678     1.30517   0.0139359
        3398     1.17672     1.30513   0.0139319
        3399     1.17703     1.30509   0.0139278
        3400     1.17799     1.30506   0.0139238
        3401     1.17816     1.30502   0.0139197
        3402     1.17971     1.30498   0.0139157
        3403     1.18073     1.30495   0.0139117
        3404     1.18217     1.30491   0.0139076
        3405     1.18524     1.30487   0.0139036
        3406     1.18943     1.30484   0.0138995
        3407     1.19355     1.30481   0.0138955
        3408     1.19804     1.30478   0.0138915
        3409     1.20241     1.30475   0.0138874
        3410     1.20809     1.30472   0.0138834
        3411      1.2124     1.30469   0.0138793
        3412      1.2175     1.30467   0.0138753
        3413     1.22312     1.30464   0.0138712
        3414     1.22876     1.30462   0.0138672
        3415     1.23537      1.3046   0.0138631
        3416     1.24198     1.30458   0.0138591
        3417     1.24906     1.30456   0.0138551
        3418     1.25514     1.30455    0.013851
        3419     1.26217     1.30454    0.013847
        3420     1.26894     1.30453   0.0138429
        3421     1.27665     1.30452   0.0138389
        3422     1.28461     1.30451   0.0138348
        3423     1.29281     1.30451   0.0138308
        3424     1.30128     1.30451   0.0138268
        3425     1.30907     1.30451   0.0138227
        3426     1.31691     1.30451   0.0138187
        3427     1.32675     1.30452   0.0138146
        3428     1.33644     1.30453   0.0138106
        3429     1.34648     1.30454   0.0138066
        3430     1.35686     1.30456   0.0138026
        3431      1.3664     1.30457   0.0137986
        3432     1.37701      1.3046   0.0137946
        3433     1.38868     1.30462   0.0137906
        3434      1.4002     1.30465   0.0137866
        3435     1.41226     1.30468   0.0137826
        3436     1.42387     1.30471   0.0137786
        3437     1.43594     1.30475   0.0137747
        3438     1.44892     1.30479   0.0137707
        3439     1.46058     1.30484   0.0137668
        3440     1.47327     1.30489   0.0137629
        3441       1.485     1.30494    0.013759
        3442     1.49692       1.305   0.0137551
        3443     1.50895     1.30506   0.0137512
        3444     1.52102     1.30512   0.0137474
        3445     1.53284     1.30518   0.0137436
        3446     1.54432     1.30525   0.0137397
        3447     1.55469     1.30533    0.013736
        3448     1.56557      1.3054   0.0137322
        3449     1.57642     1.30548   0.0137284
        3450     1.58696     1.30556   0.0137247
        3451     1.59593     1.30565    0.013721
        3452     1.60499     1.30573   0.0137173
        3453     1.61267     1.30582   0.0137136
        3454     1.62038     1.30591   0.0137099
        3455     1.62716     1.30601   0.0137063
        3456     1.63275      1.3061   0.0137026
        3457     1.63763      1.3062    0.013699
        3458     1.64206     1.30629   0.0136954
        3459      1.6458     1.30639   0.0136918
        3460     1.64888     1.30649   0.0136882
        3461      1.6506     1.30659   0.0136846
        3462     1.65243     1.30669    0.013681
        3463     1.65322     1.30679   0.0136774
        3464      1.6542     1.30689   0.0136738
        3465      1.6547     1.30699   0.0136702
        3466     1.65452     1.30709   0.0136667
        3467     1.65323     1.30719   0.0136631
        3468     1.65161     1.30729   0.0136595
        3469     1.65019     1.30739   0.0136559
        3470     1.64878     1.30749   0.0136523
        3471     1.64671     1.30759   0.0136488
        3472     1.64474     1.30768   0.0136452
        3473      1.6422     1.30778   0.0136416
        3474     1.64081     1.30787    0.013638
        3475     1.63796     1.30797   0.0136344
        3476     1.63585     1.30806   0.0136308
        3477     1.63401     1.30816   0.0136272
        3478     1.63246     1.30825   0.0136236
        3479     1.63099     1.30834     0.01362
        3480     1.62958     1.30844   0.0136164
        3481     1.62825     1.30853   0.0136128
        3482     1.62626     1.30862   0.0136092
        3483     1.62552     1.30871   0.0136056
        3484     1.62458      1.3088    0.013602
        3485     1.62414     1.30889   0.0135984
        3486     1.62248     1.30898   0.0135948
        3487     1.62126     1.30907   0.0135912
        3488     1.62022     1.30916   0.0135876
        3489     1.61885     1.30925    0.013584
        3490     1.61735     1.30934   0.0135804
        3491     1.61545     1.30942   0.0135768
        3492     1.61384     1.30951   0.0135732
        3493     1.61179      1.3096   0.0135695
        3494      1.6095     1.30968   0.0135659
        3495     1.60649     1.30977   0.0135623
        3496     1.60441     1.30985   0.0135587
        3497     1.60183     1.30994   0.0135551
        3498     1.59849     1.31002   0.0135515
        3499     1.59441      1.3101   0.0135478
        3500     1.59032     1.31018   0.0135442
        3501     1.58646     1.31026   0.0135406
        3502     1.58166     1.31034   0.0135369
        3503     1.57714     1.31041   0.0135333
        3504     1.57245     1.31049   0.0135296
        3505     1.56691     1.31056   0.0135259
        3506     1.56102     1.31063   0.0135223
        3507      1.5558      1.3107   0.0135186
        3508     1.55031     1.31077   0.0135149
        3509     1.54508     1.31084   0.0135112
        3510     1.54016      1.3109   0.0135075
        3511      1.5351     1.31097   0.0135038
        3512     1.52921     1.31103   0.0135001
        3513     1.52471     1.31109   0.0134964
        3514     1.51921     1.31115   0.0134927
        3515     1.51468     1.31121    0.013489
        3516     1.50995     1.31126   0.0134853
        3517     1.50575     1.31132   0.0134816
        3518     1.50309     1.31137   0.0134779
        3519     1.50005     1.31143   0.0134741
        3520     1.49713     1.31148   0.0134704
        3521     1.49507     1.31153   0.0134667
        3522     1.49292     1.31158    0.013463
        3523     1.49019     1.31163   0.0134592
        3524     1.48955     1.31168   0.0134555
        3525     1.48882     1.31173   0.0134518
        3526      1.4885     1.31178   0.0134481
        3527     1.48929     1.31184   0.0134443
        3528     1.48999     1.31189   0.0134406
        3529     1.49131     1.31194   0.0134369
        3530     1.49227     1.31199   0.0134332
        3531     1.49455     1.31204   0.0134295
        3532     1.49668     1.31209   0.0134258
        3533     1.49864     1.31214   0.0134221
        3534      1.5009      1.3122   0.0134184
        3535     1.50295     1.31225   0.0134147
        3536     1.50646     1.31231    0.013411
        3537     1.50947     1.31236   0.0134074
        3538     1.51291     1.31242   0.0134037
        3539      1.5163     1.31248      0.0134
        3540     1.52007     1.31254   0.0133964
        3541     1.52397     1.31259   0.0133927
        3542     1.52796     1.31266   0.0133891
        3543     1.53178     1.31272   0.0133854
        3544     1.53613     1.31278   0.0133818
        3545     1.53978     1.31284   0.0133782
        3546     1.54392     1.31291   0.0133746
        3547     1.54828     1.31298    0.013371
        3548      1.5526     1.31304   0.0133674
        3549      1.5564     1.31311   0.0133638
        3550     1.56086     1.31318   0.0133602
        3551     1.56477     1.31325   0.0133566
        3552     1.56835     1.31332   0.0133531
        3553     1.57185      1.3134   0.0133495
        3554      1.5755     1.31347   0.0133459
        3555      1.5793     1.31355   0.0133424
        3556     1.58228     1.31362   0.0133389
        3557     1.58588      1.3137   0.0133353
        3558     1.59011     1.31378   0.0133318
        3559     1.59376     1.31385   0.0133283
        3560     1.59708     1.31393   0.0133248
        3561     1.60079     1.31401   0.0133213
        3562     1.60345      1.3141   0.0133178
        3563     1.60651     1.31418   0.0133143
        3564     1.60925     1.31426   0.0133108
        3565     1.61193     1.31434   0.0133074
        3566     1.61456     1.31443   0.0133039
        3567     1.61714     1.31451   0.0133004
        3568     1.61969      1.3146    0.013297
        3569     1.62175     1.31468   0.0132935
        3570     1.62501     1.31477   0.0132901
        3571     1.62758     1.31486   0.0132867
        3572     1.62995     1.31495   0.0132832
        3573     1.63288     1.31504   0.0132798
        3574     1.63517     1.31513   0.0132764
        3575     1.63783     1.31522    0.013273
        3576     1.64111     1.31531   0.0132696
        3577     1.64528      1.3154   0.0132662
        3578     1.64819     1.31549   0.0132628
        3579     1.65155     1.31559   0.0132595
        3580     1.65562     1.31568   0.0132561
        3581     1.66041     1.31578   0.0132527
        3582     1.66472     1.31588   0.0132494
        3583     1.66929     1.31597   0.0132461
        3584     1.67435     1.31607   0.0132428
        3585     1.68014     1.31618   0.0132394
        3586     1.68592     1.31628   0.0132362
        3587     1.69097     1.31638   0.0132329
        3588      1.6967     1.31649   0.0132296
        3589     1.70261      1.3166   0.0132264
        3590      1.7089     1.31671   0.0132231
        3591     1.71554     1.31682   0.0132199
        3592     1.72224     1.31693   0.0132167
        3593       1.728     1.31704   0.0132135
        3594     1.73494     1.31716   0.0132104
        3595     1.74157     1.31728   0.0132072
        3596      1.7476      1.3174   0.0132041
        3597     1.75297     1.31752    0.013201
        3598     1.75934     1.31764   0.0131979
        3599     1.76496     1.31777   0.0131948
        3600      1.7703     1.31789   0.0131917
        3601     1.77508     1.31802   0.0131887
        3602     1.77975     1.31815   0.0131856
        3603     1.78359     1.31828   0.0131826
        3604     1.78707     1.31841   0.0131796
        3605     1.79044     1.31854   0.0131766
        3606     1.79444     1.31867   0.0131736
        3607     1.79765      1.3188   0.0131706
        3608     1.80037     1.31894   0.0131676
        3609     1.80336     1.31907   0.0131647
        3610     1.80571      1.3192   0.0131617
        3611     1.80727     1.31934   0.0131588
        3612     1.80953     1.31948   0.0131558
        3613     1.81162     1.31961   0.0131529
        3614     1.81314     1.31975     0.01315
        3615     1.81584     1.31989    0.013147
        3616     1.81788     1.32002   0.0131441
        3617     1.82079     1.32016   0.0131412
        3618     1.82438      1.3203   0.0131383
        3619     1.82849     1.32044   0.0131354
        3620      1.8334     1.32058   0.0131326
        3621     1.83869     1.32073   0.0131297
        3622     1.84464     1.32087   0.0131269
        3623     1.85054     1.32102   0.0131241
        3624     1.85812     1.32117   0.0131213
        3625      1.8657     1.32132   0.0131186
        3626     1.87425     1.32147   0.0131158
        3627     1.88375     1.32162   0.0131131
        3628     1.89348     1.32178   0.0131105
        3629     1.90414     1.32194   0.0131078
        3630     1.91544      1.3221   0.0131052
        3631      1.9276     1.32227   0.0131027
        3632     1.93913     1.32244   0.0131002
        3633     1.95214     1.32261   0.0130977
        3634     1.96632     1.32279   0.0130953
        3635      1.9804     1.32297    0.013093
        3636     1.99431     1.32316   0.0130907
        3637      2.0087     1.32335   0.0130884
        3638     2.02323     1.32354   0.0130862
        3639     2.03781     1.32373   0.0130841
        3640     2.05259     1.32393    0.013082
        3641     2.06699     1.32414     0.01308
        3642      2.0809     1.32435   0.0130781
        3643     2.09495     1.32456   0.0130762
        3644     2.10855     1.32477   0.0130744
        3645     2.12113     1.32499   0.0130726
        3646     2.13428     1.32521   0.0130709
        3647     2.14597     1.32544   0.0130693
        3648     2.15684     1.32567   0.0130677
        3649     2.16658      1.3259   0.0130662
        3650     2.17561     1.32613   0.0130646
        3651     2.18339     1.32636   0.0130632
        3652      2.1901      1.3266   0.0130617
        3653     2.19573     1.32684   0.0130603
        3654     2.20002     1.32708   0.0130589
        3655     2.20367     1.32732   0.0130576
        3656     2.20598     1.32756   0.0130562
        3657      2.2077      1.3278   0.0130549
        3658      2.2074     1.32804   0.0130535
        3659      2.2066     1.32828   0.0130521
        3660     2.20605     1.32852   0.0130508
        3661     2.20366     1.32876   0.0130494
        3662     2.20022       1.329    0.013048
        3663     2.19702     1.32923   0.0130466
        3664     2.19197     1.32947   0.0130452
        3665     2.18706      1.3297   0.0130437
        3666      2.1807     1.32994   0.0130422
        3667     2.17489     1.33017   0.0130407
        3668     2.16921     1.33039   0.0130391
        3669     2.16277     1.33062   0.0130376
        3670     2.15515     1.33085   0.0130359
        3671     2.14831     1.33107   0.0130343
        3672     2.14159     1.33129   0.0130326
        3673     2.13359     1.33151   0.0130309
        3674     2.12673     1.33172   0.0130292
        3675     2.11911     1.33194   0.0130274
        3676     2.11196     1.33215   0.0130256
        3677      2.1048     1.33236   0.0130237
        3678     2.09788     1.33257   0.0130218
        3679     2.09049     1.33277   0.0130199
        3680      2.0826     1.33298    0.013018
        3681     2.07591     1.33318    0.013016
        3682     2.06871     1.33338    0.013014
        3683     2.06049     1.33358    0.013012
        3684     2.05294     1.33377   0.0130099
        3685     2.04458     1.33397   0.0130078
        3686     2.03659     1.33416   0.0130057
        3687     2.02845     1.33434   0.0130035
        3688     2.02039     1.33453   0.0130013
        3689     2.01091     1.33471   0.0129991
        3690     2.00287      1.3349   0.0129968
        3691     1.99478     1.33507   0.0129945
        3692     1.98515     1.33525   0.0129922
        3693     1.97515     1.33542   0.0129898
        3694     1.96568     1.33559   0.0129874
        3695     1.95575     1.33576    0.012985
        3696     1.94555     1.33593   0.0129825
        3697     1.93285     1.33609     0.01298
        3698     1.92075     1.33625   0.0129775
        3699     1.90751      1.3364   0.0129749
        3700     1.89455     1.33655   0.0129723
        3701     1.88039      1.3367   0.0129696
        3702     1.86548     1.33684   0.0129669
        3703     1.85004     1.33698   0.0129641
        3704     1.83285     1.33711   0.0129613
        3705     1.81632     1.33724   0.0129584
        3706     1.79877     1.33737   0.0129556
        3707     1.77974     1.33749   0.0129526
        3708     1.76046      1.3376   0.0129496
        3709     1.74047     1.33771   0.0129466
        3710     1.71936     1.33781   0.0129435
        3711     1.69789     1.33791   0.0129404
        3712     1.67566       1.338   0.0129372
        3713      1.6525     1.33809    0.012934
        3714     1.62921     1.33816   0.0129308
        3715     1.60614     1.33824   0.0129275
        3716      1.5824      1.3383   0.0129242
        3717     1.55908     1.33836   0.0129208
        3718     1.53602     1.33841   0.0129175
        3719     1.51358     1.33846   0.0129141
        3720     1.49041      1.3385   0.0129107
        3721     1.46879     1.33854   0.0129072
        3722      1.4469     1.33857   0.0129038
        3723     1.42531     1.33859   0.0129004
        3724     1.40413     1.33861   0.0128969
        3725     1.38464     1.33862   0.0128935
        3726     1.36526     1.33863     0.01289
        3727     1.34678     1.33863   0.0128865
        3728     1.32976     1.33863   0.0128831
        3729      1.3126     1.33862   0.0128796
        3730     1.29776     1.33861   0.0128762
        3731     1.28265     1.33859   0.0128727
        3732     1.26998     1.33857   0.0128693
        3733     1.25787     1.33855   0.0128659
        3734      1.2478     1.33853   0.0128624
        3735     1.23813      1.3385    0.012859
        3736     1.22985     1.33847   0.0128556
        3737     1.22419     1.33844   0.0128522
        3738     1.21875     1.33841   0.0128488
        3739     1.21572     1.33838   0.0128454
        3740     1.21269     1.33834    0.012842
        3741     1.21231     1.33831   0.0128386
        3742     1.21337     1.33828   0.0128353
        3743     1.21512     1.33824   0.0128319
        3744     1.21923     1.33821   0.0128285
        3745     1.22301     1.33818   0.0128251
        3746     1.23028     1.33815   0.0128217
        3747     1.23881     1.33813   0.0128183
        3748     1.24807      1.3381   0.0128149
        3749     1.25799     1.33808   0.0128115
        3750     1.26992     1.33806   0.0128081
        3751     1.28211     1.33805   0.0128047
        3752     1.29542     1.33804   0.0128013
        3753     1.30973     1.33803   0.0127979
        3754     1.32445     1.33803   0.0127945
        3755     1.33923     1.33803   0.0127911
        3756     1.35465     1.33803   0.0127877
        3757     1.37009     1.33804   0.0127843
        3758     1.38542     1.33805   0.0127809
        3759      1.4017     1.33807   0.0127775
        3760     1.41782     1.33809   0.0127741
        3761     1.43363     1.33811   0.0127707
        3762     1.44804     1.33814   0.0127674
        3763     1.46187     1.33818    0.012764
        3764     1.47499     1.33821   0.0127607
        3765     1.48825     1.33825   0.0127574
        3766     1.49986      1.3383    0.012754
        3767     1.51141     1.33834   0.0127507
        3768     1.52139     1.33839   0.0127474
        3769     1.52997     1.33844   0.0127442
        3770     1.53785     1.33849   0.0127409
        3771     1.54428     1.33855   0.0127376
        3772     1.54904      1.3386   0.0127344
        3773     1.55334     1.33866   0.0127311
        3774     1.55604     1.33872   0.0127279
        3775     1.55817     1.33878   0.0127246
        3776     1.55861     1.33884   0.0127214
        3777     1.55843     1.33889   0.0127182
        3778     1.55703     1.33895   0.0127149
        3779     1.55552     1.33901   0.0127117
        3780     1.55354     1.33907   0.0127085
        3781     1.55102     1.33912   0.0127052
        3782     1.54835     1.33918    0.012702
        3783     1.54544     1.33923   0.0126987
        3784     1.54341     1.33929   0.0126955
        3785     1.54193     1.33934   0.0126923
        3786     1.54065     1.33939    0.012689
        3787     1.53994     1.33944   0.0126858
        3788     1.54088      1.3395   0.0126825
        3789     1.54091     1.33955   0.0126793
        3790     1.54279      1.3396   0.0126761
        3791     1.54559     1.33966   0.0126729
        3792     1.54888     1.33971   0.0126696
        3793     1.55269     1.33977   0.0126664
        3794     1.55823     1.33983   0.0126632
        3795     1.56474     1.33989     0.01266
        3796     1.57195     1.33995   0.0126568
        3797     1.58052     1.34001   0.0126536
        3798     1.58894     1.34008   0.0126505
        3799      1.5983     1.34015   0.0126473
        3800     1.60826     1.34022   0.0126442
        3801     1.61893     1.34029   0.0126411
        3802     1.62995     1.34037    0.012638
        3803     1.63946     1.34044   0.0126349
        3804     1.65094     1.34053   0.0126319
        3805     1.66157     1.34061   0.0126288
        3806     1.67289      1.3407   0.0126258
        3807     1.68327     1.34079   0.0126228
        3808     1.69305     1.34088   0.0126198
        3809     1.70206     1.34097   0.0126169
        3810     1.70942     1.34107   0.0126139
        3811     1.71618     1.34117    0.012611
        3812     1.72197     1.34127   0.0126081
        3813     1.72615     1.34137   0.0126052
        3814     1.72885     1.34147   0.0126023
        3815      1.7302     1.34157   0.0125994
        3816     1.72961     1.34168   0.0125965
        3817     1.72773     1.34178   0.0125936
        3818     1.72351     1.34188   0.0125907
        3819     1.71813     1.34198   0.0125878
        3820     1.71058     1.34207   0.0125849
        3821     1.70061     1.34217   0.0125819
        3822     1.68946     1.34226    0.012579
        3823     1.67595     1.34234    0.012576
        3824      1.6599     1.34243    0.012573
        3825     1.64309     1.34251   0.0125699
        3826     1.62393     1.34258   0.0125669
        3827     1.60398     1.34265   0.0125638
        3828     1.58218     1.34271   0.0125606
        3829     1.55866     1.34277   0.0125575
        3830     1.53528     1.34282   0.0125543
        3831     1.51027     1.34286   0.0125511
        3832     1.48451      1.3429   0.0125479
        3833     1.45865     1.34293   0.0125446
        3834     1.43236     1.34295   0.0125414
        3835     1.40605     1.34297   0.0125381
        3836     1.37962     1.34298   0.0125349
        3837     1.35297     1.34298   0.0125316
        3838     1.32598     1.34298   0.0125283
        3839     1.29949     1.34296   0.0125251
        3840     1.27338     1.34295   0.0125218
        3841      1.2475     1.34292   0.0125186
        3842     1.22193     1.34289   0.0125154
        3843      1.1977     1.34285   0.0125122
        3844      1.1744     1.34281    0.012509
        3845     1.15232     1.34276   0.0125058
        3846     1.13031      1.3427   0.0125027
        3847      1.1096     1.34264   0.0124996
        3848     1.08853     1.34258   0.0124965
        3849     1.06883     1.34251   0.0124935
        3850     1.05025     1.34243   0.0124905
        3851     1.03258     1.34235   0.0124875
        3852     1.01558     1.34226   0.0124845
        3853    0.999236     1.34217   0.0124816
        3854    0.984046     1.34208   0.0124787
        3855    0.970485     1.34199   0.0124759
        3856    0.956135     1.34189    0.012473
        3857    0.943156     1.34178   0.0124702
        3858    0.930809     1.34168   0.0124674
        3859    0.920285     1.34157   0.0124647
        3860    0.910129     1.34145    0.012462
        3861    0.901763     1.34134   0.0124593
        3862    0.893003     1.34122   0.0124566
        3863    0.885277     1.34111   0.0124539
        3864    0.878565     1.34099   0.0124513
        3865     0.87284     1.34087   0.0124486
        3866    0.867121     1.34074    0.012446
        3867    0.862588     1.34062   0.0124434
        3868    0.858494     1.34049   0.0124408
        3869    0.855294     1.34037   0.0124382
        3870    0.853687     1.34024   0.0124357
        3871    0.851958     1.34012   0.0124331
        3872    0.851043     1.33999   0.0124305
        3873    0.849224     1.33986   0.0124279
        3874    0.849359     1.33974   0.0124254
        3875    0.849488     1.33961   0.0124228
        3876    0.850058     1.33949   0.0124203
        3877    0.851513     1.33936   0.0124177
        3878    0.852366     1.33923   0.0124151
        3879    0.853294     1.33911   0.0124126
        3880    0.854978     1.33898     0.01241
        3881    0.857126     1.33886   0.0124074
        3882    0.859454     1.33874   0.0124048
        3883     0.86239     1.33861   0.0124022
        3884    0.864681     1.33849   0.0123996
        3885    0.866999     1.33837    0.012397
        3886    0.869781     1.33825   0.0123944
        3887    0.872015     1.33813   0.0123918
        3888    0.874618     1.33801   0.0123892
        3889     0.87635     1.33789   0.0123866
        3890    0.878624     1.33777    0.012384
        3891    0.880693     1.33766   0.0123814
        3892    0.881572     1.33754   0.0123787
        3893    0.883421     1.33742   0.0123761
        3894    0.884311     1.33731   0.0123735
        3895    0.885205     1.33719   0.0123708
        3896    0.885404     1.33707   0.0123682
        3897    0.885172     1.33696   0.0123656
        3898     0.88502     1.33684   0.0123629
        3899    0.886192     1.33673   0.0123603
        3900    0.885845     1.33661   0.0123577
        3901    0.886444      1.3365   0.0123551
        3902     0.88708     1.33638   0.0123524
        3903    0.886849     1.33626   0.0123498
        3904    0.887258     1.33615   0.0123472
        3905    0.888125     1.33604   0.0123445
        3906    0.888789     1.33592   0.0123419
        3907    0.890995     1.33581   0.0123393
        3908    0.892384     1.33569   0.0123366
        3909    0.894453     1.33558    0.012334
        3910    0.897485     1.33547   0.0123314
        3911    0.900792     1.33536   0.0123287
        3912    0.903919     1.33525    0.012326
        3913    0.907849     1.33514   0.0123234
        3914    0.912348     1.33503   0.0123207
        3915    0.917656     1.33492    0.012318
        3916    0.923042     1.33482   0.0123153
        3917    0.929453     1.33471   0.0123126
        3918    0.936379     1.33461   0.0123099
        3919    0.943542     1.33451   0.0123072
        3920    0.951382     1.33442   0.0123044
        3921    0.959849     1.33432   0.0123016
        3922    0.968402     1.33423   0.0122989
        3923    0.977222     1.33414   0.0122961
        3924    0.985756     1.33405   0.0122932
        3925    0.994411     1.33396   0.0122904
        3926     1.00336     1.33388   0.0122876
        3927     1.01227     1.33379   0.0122847
        3928     1.02155     1.33371   0.0122818
        3929     1.03042     1.33364    0.012279
        3930     1.03878     1.33356   0.0122761
        3931     1.04706     1.33349   0.0122732
        3932     1.05472     1.33342   0.0122702
        3933     1.06144     1.33335   0.0122673
        3934     1.06864     1.33328   0.0122644
        3935     1.07529     1.33322   0.0122614
        3936     1.08163     1.33315   0.0122585
        3937     1.08667     1.33309   0.0122555
        3938     1.09161     1.33303   0.0122526
        3939     1.09525     1.33297   0.0122496
        3940     1.09979     1.33291   0.0122467
        3941     1.10333     1.33285   0.0122437
        3942     1.10641     1.33279   0.0122407
        3943     1.10885     1.33274   0.0122377
        3944     1.11049     1.33268   0.0122348
        3945     1.11116     1.33262   0.0122318
        3946     1.11291     1.33257   0.0122288
        3947     1.11389     1.33251   0.0122259
        3948     1.11592     1.33246   0.0122229
        3949     1.11816      1.3324   0.0122199
        3950     1.11951     1.33235   0.0122169
        3951     1.12205      1.3323    0.012214
        3952     1.12516     1.33224    0.012211
        3953     1.12899     1.33219    0.012208
        3954     1.13317     1.33214    0.012205
        3955     1.13782     1.33209    0.012202
        3956     1.14425     1.33205    0.012199
        3957     1.15187       1.332    0.012196
        3958     1.16148     1.33196    0.012193
        3959     1.17197     1.33192     0.01219
        3960     1.18391     1.33188    0.012187
        3961     1.19782     1.33185    0.012184
        3962     1.21304     1.33182   0.0121809
        3963     1.22911     1.33179   0.0121779
        3964     1.24797     1.33177   0.0121748
        3965     1.26771     1.33175   0.0121718
        3966     1.28997     1.33174   0.0121687
        3967     1.31254     1.33174   0.0121656
        3968     1.33705     1.33174   0.0121626
        3969     1.36293     1.33175   0.0121595
        3970     1.39054     1.33176   0.0121565
        3971     1.41904     1.33178   0.0121534
        3972     1.44828     1.33181   0.0121504
        3973     1.47783     1.33185   0.0121474
        3974     1.50825     1.33189   0.0121444
        3975      1.5398     1.33195   0.0121415
        3976     1.57084     1.33201   0.0121386
        3977     1.60163     1.33207   0.0121357
        3978     1.63291     1.33215   0.0121329
        3979     1.66278     1.33223   0.0121301
        3980     1.69272     1.33232   0.0121274
        3981     1.72156     1.33242   0.0121248
        3982     1.74913     1.33253   0.0121222
        3983     1.77551     1.33264   0.0121196
        3984      1.8008     1.33275   0.0121172
        3985      1.8249     1.33288   0.0121147
        3986     1.84795     1.33301   0.0121124
        3987     1.86846     1.33314   0.0121101
        3988     1.88686     1.33328   0.0121079
        3989     1.90459     1.33342   0.0121057
        3990     1.92022     1.33357   0.0121035
        3991     1.93473     1.33372   0.0121014
        3992     1.94767     1.33387   0.0120994
        3993     1.95887     1.33403   0.0120974
        3994     1.96886     1.33419   0.0120954
        3995     1.97745     1.33435   0.0120934
        3996     1.98473     1.33451   0.0120915
        3997     1.99051     1.33468   0.0120896
        3998     1.99535     1.33484   0.0120877
        3999     1.99883     1.33501   0.0120858
        4000     2.00101     1.33518   0.0120839
        4001     2.00268     1.33534   0.0120821
        4002     2.00293     1.33551   0.0120802
        4003     2.00253     1.33568   0.0120783
        4004     2.00131     1.33584   0.0120765
        4005     1.99929     1.33601   0.0120746
        4006     1.99773     1.33617   0.0120727
        4007     1.99377     1.33634   0.0120708
        4008     1.98984      1.3365   0.0120689
        4009     1.98503     1.33666    0.012067
        4010      1.9791     1.33682    0.012065
        4011     1.97328     1.33698    0.012063
        4012     1.96663     1.33714   0.0120611
        4013     1.96037     1.33729   0.0120591
        4014     1.95257     1.33745    0.012057
        4015     1.94421      1.3376    0.012055
        4016     1.93601     1.33775   0.0120529
        4017     1.92703     1.33789   0.0120508
        4018     1.91749     1.33804   0.0120486
        4019     1.90693     1.33818   0.0120465
        4020      1.8956     1.33832   0.0120443
        4021     1.88374     1.33845    0.012042
        4022     1.87039     1.33859   0.0120398
        4023     1.85773     1.33871   0.0120375
        4024     1.84482     1.33884   0.0120351
        4025     1.83142     1.33896   0.0120328
        4026     1.81684     1.33908   0.0120304
        4027     1.80229      1.3392   0.0120279
        4028     1.78733     1.33931   0.0120255
        4029     1.77271     1.33942    0.012023
        4030     1.75677     1.33952   0.0120204
        4031       1.741     1.33962   0.0120179
        4032     1.72472     1.33971   0.0120153
        4033     1.70797     1.33981   0.0120126
        4034     1.69056     1.33989     0.01201
        4035     1.67325     1.33998   0.0120073
        4036     1.65659     1.34005   0.0120045
        4037     1.63991     1.34013   0.0120018
        4038     1.62399      1.3402    0.011999
        4039     1.60743     1.34026   0.0119962
        4040     1.59126     1.34033   0.0119934
        4041     1.57482     1.34038   0.0119906
        4042     1.55767     1.34044   0.0119878
        4043      1.5418     1.34049   0.0119849
        4044     1.52629     1.34053    0.011982
        4045     1.51097     1.34058   0.0119791
        4046     1.49611     1.34061   0.0119762
        4047     1.48274     1.34065   0.0119733
        4048     1.46872     1.34068   0.0119704
        4049     1.45554     1.34071   0.0119675
        4050     1.44396     1.34074   0.0119646
        4051     1.43208     1.34076   0.0119616
        4052     1.42065     1.34078   0.0119587
        4053     1.41043     1.34079   0.0119558
        4054     1.40118     1.34081   0.0119528
        4055     1.39221     1.34082   0.0119499
        4056     1.38376     1.34083   0.0119469
        4057     1.37681     1.34084    0.011944
        4058     1.37112     1.34085   0.0119411
        4059     1.36571     1.34086   0.0119381
        4060      1.3606     1.34086   0.0119352
        4061     1.35649     1.34086   0.0119322
        4062     1.35312     1.34087   0.0119293
        4063     1.35049     1.34087   0.0119264
        4064     1.34953     1.34087   0.0119234
        4065     1.34831     1.34087   0.0119205
        4066     1.34751     1.34087   0.0119176
        4067     1.34785     1.34088   0.0119146
        4068     1.34832     1.34088   0.0119117
        4069     1.34962     1.34088   0.0119088
        4070     1.35197     1.34088   0.0119059
        4071     1.35485     1.34089   0.0119029
        4072     1.35776     1.34089      0.0119
        4073     1.36162      1.3409   0.0118971
        4074     1.36545      1.3409   0.0118942
        4075      1.3697     1.34091   0.0118913
        4076     1.37556     1.34092   0.0118883
        4077     1.38083     1.34093   0.0118854
        4078     1.38668     1.34094   0.0118825
        4079     1.39263     1.34095   0.0118796
        4080     1.39791     1.34097   0.0118767
        4081     1.40397     1.34098   0.0118738
        4082     1.41029       1.341   0.0118709
        4083     1.41734     1.34102    0.011868
        4084     1.42486     1.34104   0.0118651
        4085     1.43283     1.34106   0.0118622
        4086     1.44002     1.34108   0.0118594
        4087     1.44761     1.34111   0.0118565
        4088     1.45389     1.34114   0.0118536
        4089     1.46195     1.34117   0.0118508
        4090     1.47057      1.3412   0.0118479
        4091     1.47803     1.34123   0.0118451
        4092      1.4862     1.34127   0.0118422
        4093     1.49361      1.3413   0.0118394
        4094     1.50045     1.34134   0.0118366
        4095     1.50859     1.34138   0.0118337
        4096     1.51654     1.34143   0.0118309
        4097     1.52423     1.34147   0.0118281
        4098      1.5309     1.34152   0.0118253
        4099     1.53744     1.34157   0.0118225
        4100     1.54356     1.34161   0.0118198
        4101     1.55041     1.34167    0.011817
        4102     1.55454     1.34172   0.0118142
        4103     1.55929     1.34177   0.0118115
        4104     1.56268     1.34182   0.0118087
        4105     1.56658     1.34188   0.0118059
        4106     1.56832     1.34193   0.0118032
        4107     1.56955     1.34199   0.0118005
        4108     1.57074     1.34205   0.0117977
        4109      1.5709      1.3421    0.011795
        4110     1.57076     1.34216   0.0117922
        4111     1.57008     1.34221   0.0117895
        4112     1.56816     1.34227   0.0117868
        4113     1.56574     1.34232    0.011784
        4114     1.56069     1.34237   0.0117813
        4115     1.55642     1.34243   0.0117785
        4116     1.55106     1.34248   0.0117758
        4117      1.5461     1.34253    0.011773
        4118     1.54065     1.34258   0.0117703
        4119     1.53404     1.34262   0.0117675
        4120     1.52708     1.34267   0.0117647
        4121     1.52103     1.34271   0.0117619
        4122     1.51332     1.34275   0.0117592
        4123     1.50547     1.34279   0.0117564
        4124     1.49803     1.34283   0.0117536
        4125      1.4901     1.34286   0.0117508
        4126     1.48271      1.3429    0.011748
        4127     1.47592     1.34293   0.0117452
        4128     1.46882     1.34296   0.0117424
        4129     1.46242     1.34299   0.0117396
        4130      1.4558     1.34302   0.0117368
        4131     1.44972     1.34304    0.011734
        4132     1.44349     1.34307   0.0117311
        4133     1.43831     1.34309   0.0117283
        4134     1.43278     1.34311   0.0117255
        4135     1.42713     1.34313   0.0117227
        4136     1.42258     1.34315   0.0117199
        4137     1.41816     1.34317   0.0117171
        4138      1.4141     1.34319   0.0117142
        4139      1.4111      1.3432   0.0117114
        4140     1.40843     1.34322   0.0117086
        4141     1.40533     1.34323   0.0117058
        4142     1.40323     1.34325    0.011703
        4143     1.40114     1.34326   0.0117001
        4144     1.39924     1.34328   0.0116973
        4145     1.39681     1.34329   0.0116945
        4146     1.39474      1.3433   0.0116917
        4147     1.39302     1.34331   0.0116889
        4148     1.39137     1.34332   0.0116861
        4149     1.38926     1.34334   0.0116833
        4150     1.38738     1.34335   0.0116805
        4151     1.38547     1.34336   0.0116776
        4152     1.38396     1.34337   0.0116748
        4153      1.3826     1.34338    0.011672
        4154     1.37919     1.34338   0.0116692
        4155     1.37683     1.34339   0.0116664
        4156     1.37455      1.3434   0.0116636
        4157     1.37209     1.34341   0.0116608
        4158     1.36944     1.34341    0.011658
        4159     1.36659     1.34342   0.0116552
        4160     1.36377     1.34342   0.0116524
        4161      1.3605     1.34343   0.0116496
        4162     1.35679     1.34343   0.0116468
        4163     1.35311     1.34343    0.011644
        4164     1.34828     1.34343   0.0116412
        4165     1.34351     1.34343   0.0116384
        4166     1.33904     1.34343   0.0116356
        4167     1.33491     1.34343   0.0116328
        4168     1.32991     1.34343     0.01163
        4169     1.32552     1.34342   0.0116273
        4170     1.32006     1.34342   0.0116245
        4171     1.31597     1.34341   0.0116217
        4172     1.31159      1.3434   0.0116189
        4173      1.3067     1.34339   0.0116161
        4174     1.30204     1.34338   0.0116133
        4175     1.29766     1.34337   0.0116106
        4176     1.29284     1.34336   0.0116078
        4177     1.28763     1.34335    0.011605
        4178     1.28302     1.34333   0.0116022
        4179     1.27808     1.34332   0.0115995
        4180     1.27381      1.3433   0.0115967
        4181     1.26953     1.34328    0.011594
        4182     1.26601     1.34327   0.0115912
        4183     1.26231     1.34325   0.0115884
        4184     1.25899     1.34323   0.0115857
        4185     1.25655     1.34321   0.0115829
        4186     1.25386     1.34318   0.0115802
        4187      1.2524     1.34316   0.0115774
        4188     1.25126     1.34314   0.0115747
        4189     1.24977     1.34312    0.011572
        4190     1.25063      1.3431   0.0115692
        4191     1.25148     1.34307   0.0115665
        4192     1.25213     1.34305   0.0115637
        4193     1.25526     1.34303    0.011561
        4194     1.25876     1.34301   0.0115583
        4195     1.26242     1.34299   0.0115555
        4196     1.26723     1.34297   0.0115528
        4197     1.27395     1.34296     0.01155
        4198     1.28139     1.34294   0.0115473
        4199     1.28932     1.34293   0.0115446
        4200     1.29678     1.34292   0.0115418
        4201     1.30618     1.34291   0.0115391
        4202     1.31704      1.3429   0.0115363
        4203     1.33006      1.3429   0.0115336
        4204     1.34233      1.3429   0.0115308
        4205     1.35552      1.3429   0.0115281
        4206     1.36981     1.34291   0.0115254
        4207     1.38565     1.34292   0.0115226
        4208     1.40178     1.34293   0.0115199
        4209     1.41911     1.34295   0.0115172
        4210     1.43686     1.34298   0.0115145
        4211     1.45448       1.343   0.0115118
        4212     1.47334     1.34303   0.0115091
        4213     1.49264     1.34307   0.0115064
        4214     1.51158     1.34311   0.0115037
        4215     1.53151     1.34315   0.0115011
        4216      1.5509      1.3432   0.0114985
        4217     1.57062     1.34326   0.0114959
        4218     1.58987     1.34331   0.0114933
        4219      1.6095     1.34338   0.0114907
        4220     1.62966     1.34345   0.0114882
        4221     1.64931     1.34352   0.0114857
        4222     1.66809     1.34359   0.0114833
        4223     1.68689     1.34368   0.0114808
        4224     1.70513     1.34376   0.0114784
        4225     1.72295     1.34385   0.0114761
        4226     1.74028     1.34395   0.0114737
        4227     1.75655     1.34404   0.0114714
        4228     1.77215     1.34414   0.0114692
        4229     1.78581     1.34425   0.0114669
        4230     1.79891     1.34436   0.0114647
        4231     1.81088     1.34447   0.0114625
        4232     1.82145     1.34458   0.0114604
        4233     1.83102     1.34469   0.0114582
        4234     1.83859     1.34481   0.0114561
        4235     1.84483     1.34493    0.011454
        4236     1.84972     1.34505    0.011452
        4237     1.85345     1.34517   0.0114499
        4238      1.8565     1.34529   0.0114478
        4239     1.85787     1.34541   0.0114458
        4240     1.85731     1.34553   0.0114437
        4241     1.85531     1.34565   0.0114416
        4242     1.85161     1.34577   0.0114395
        4243     1.84695     1.34589   0.0114375
        4244     1.84133       1.346   0.0114354
        4245     1.83357     1.34612   0.0114332
        4246     1.82489     1.34623   0.0114311
        4247     1.81485     1.34634    0.011429
        4248     1.80323     1.34645   0.0114268
        4249     1.78959     1.34655   0.0114246
        4250     1.77542     1.34666   0.0114223
        4251     1.75933     1.34675     0.01142
        4252     1.74209     1.34685   0.0114177
        4253     1.72378     1.34693   0.0114154
        4254     1.70471     1.34702    0.011413
        4255     1.68592      1.3471   0.0114106
        4256     1.66556     1.34717   0.0114082
        4257     1.64374     1.34724   0.0114057
        4258     1.62272     1.34731   0.0114032
        4259     1.60092     1.34737   0.0114007
        4260     1.57893     1.34742   0.0113981
        4261     1.55663     1.34747   0.0113956
        4262     1.53364     1.34751    0.011393
        4263      1.5108     1.34755   0.0113904
        4264     1.48752     1.34758   0.0113878
        4265      1.4644     1.34761   0.0113851
        4266     1.44226     1.34763   0.0113825
        4267     1.41905     1.34765   0.0113798
        4268     1.39705     1.34766   0.0113772
        4269     1.37613     1.34767   0.0113745
        4270     1.35612     1.34767   0.0113718
        4271     1.33617     1.34767   0.0113692
        4272     1.31731     1.34766   0.0113665
        4273     1.29914     1.34765   0.0113638
        4274     1.28147     1.34763   0.0113612
        4275     1.26531     1.34762   0.0113586
        4276     1.24976     1.34759   0.0113559
        4277      1.2358     1.34757   0.0113533
        4278     1.22274     1.34754   0.0113507
        4279     1.21157     1.34751   0.0113481
        4280     1.20083     1.34747   0.0113455
        4281     1.19222     1.34743   0.0113429
        4282     1.18355      1.3474   0.0113403
        4283     1.17529     1.34736   0.0113377
        4284     1.16911     1.34731   0.0113352
        4285     1.16376     1.34727   0.0113326
        4286     1.16066     1.34723     0.01133
        4287     1.15713     1.34718   0.0113275
        4288     1.15505     1.34714   0.0113249
        4289     1.15389     1.34709   0.0113224
        4290     1.15409     1.34705   0.0113198
        4291     1.15392       1.347   0.0113173
        4292     1.15574     1.34696   0.0113147
        4293     1.15733     1.34692   0.0113122
        4294     1.15987     1.34687   0.0113096
        4295     1.16353     1.34683   0.0113071
        4296     1.16805     1.34679   0.0113045
        4297     1.17194     1.34675    0.011302
        4298     1.17684     1.34671   0.0112994
        4299     1.18295     1.34667   0.0112968
        4300     1.18929     1.34663   0.0112943
        4301      1.1963      1.3466   0.0112917
        4302     1.20299     1.34656   0.0112891
        4303     1.21052     1.34653   0.0112865
        4304     1.21863      1.3465    0.011284
        4305     1.22704     1.34648   0.0112814
        4306     1.23524     1.34645   0.0112788
        4307     1.24392     1.34643   0.0112762
        4308     1.25329      1.3464   0.0112736
        4309     1.26187     1.34638    0.011271
        4310     1.27035     1.34637   0.0112684
        4311     1.28084     1.34635   0.0112658
        4312      1.2902     1.34634   0.0112632
        4313     1.29932     1.34633   0.0112606
        4314     1.30915     1.34632    0.011258
        4315     1.31818     1.34631   0.0112554
        4316     1.32734     1.34631   0.0112527
        4317     1.33707     1.34631   0.0112501
        4318     1.34562     1.34631   0.0112475
        4319     1.35439     1.34631   0.0112449
        4320     1.36287     1.34631   0.0112423
        4321     1.37027     1.34632   0.0112397
        4322       1.378     1.34632   0.0112371
        4323     1.38482     1.34633   0.0112345
        4324     1.39142     1.34634   0.0112319
        4325     1.39776     1.34636   0.0112294
        4326     1.40358     1.34637   0.0112268
        4327     1.40934     1.34638   0.0112242
        4328     1.41358      1.3464   0.0112216
        4329     1.41749     1.34642    0.011219
        4330     1.42107     1.34643   0.0112164
        4331     1.42408     1.34645   0.0112139
        4332     1.42676     1.34647   0.0112113
        4333     1.42865     1.34649   0.0112087
        4334     1.42976     1.34651   0.0112061
        4335      1.4301     1.34653   0.0112036
        4336      1.4297     1.34655    0.011201
        4337     1.42882     1.34656   0.0111984
        4338     1.42748     1.34658   0.0111959
        4339     1.42616      1.3466   0.0111933
        4340     1.42465     1.34662   0.0111908
        4341       1.422     1.34664   0.0111882
        4342     1.41989     1.34665   0.0111856
        4343     1.41639     1.34667   0.0111831
        4344     1.41198     1.34668   0.0111805
        4345     1.40809      1.3467   0.0111779
        4346     1.40351     1.34671   0.0111754
        4347     1.39891     1.34672   0.0111728
        4348     1.39308     1.34673   0.0111702
        4349     1.38717     1.34674   0.0111677
        4350     1.38019     1.34675   0.0111651
        4351     1.37256     1.34676   0.0111625
        4352     1.36425     1.34676     0.01116
        4353     1.35546     1.34676   0.0111574
        4354     1.34564     1.34676   0.0111549
        4355     1.33526     1.34676   0.0111523
        4356     1.32378     1.34676   0.0111497
        4357     1.31192     1.34675   0.0111472
        4358     1.29917     1.34674   0.0111446
        4359     1.28528     1.34672   0.0111421
        4360      1.2712     1.34671   0.0111395
        4361     1.25624     1.34668    0.011137
        4362     1.24016     1.34666   0.0111345
        4363     1.22324     1.34663    0.011132
        4364     1.20552      1.3466   0.0111295
        4365     1.18656     1.34656    0.011127
        4366     1.16811     1.34652   0.0111245
        4367     1.14806     1.34648    0.011122
        4368     1.12721     1.34643   0.0111196
        4369     1.10612     1.34637   0.0111172
        4370     1.08511     1.34631   0.0111148
        4371     1.06306     1.34625   0.0111125
        4372     1.04102     1.34618   0.0111101
        4373     1.01811      1.3461   0.0111078
        4374    0.995876     1.34602   0.0111056
        4375    0.973682     1.34594   0.0111034
        4376     0.95138     1.34585   0.0111012
        4377    0.929061     1.34575   0.0110991
        4378    0.907541     1.34565    0.011097
        4379    0.886428     1.34555    0.011095
        4380    0.864844     1.34544    0.011093
        4381    0.845048     1.34532    0.011091
        4382    0.825443      1.3452   0.0110891
        4383    0.805869     1.34508   0.0110873
        4384     0.78834     1.34495   0.0110855
        4385    0.770766     1.34482   0.0110837
        4386    0.755391     1.34469    0.011082
        4387    0.741087     1.34455   0.0110803
        4388    0.727681     1.34441   0.0110787
        4389     0.71451     1.34427   0.0110771
        4390    0.702837     1.34412   0.0110756
        4391    0.693437     1.34397    0.011074
        4392    0.684671     1.34382   0.0110725
        4393    0.676819     1.34367    0.011071
        4394    0.671599     1.34352   0.0110696
        4395    0.667356     1.34336   0.0110681
        4396    0.664592     1.34321   0.0110667
        4397    0.662839     1.34305   0.0110653
        4398    0.663314      1.3429   0.0110638
        4399    0.665299     1.34275   0.0110624
        4400    0.668793     1.34259   0.0110609
        4401    0.674037     1.34244   0.0110594
        4402    0.680302     1.34229    0.011058
        4403    0.687577     1.34214   0.0110564
        4404    0.696571     1.34199   0.0110549
        4405    0.706301     1.34185   0.0110533
        4406    0.718193     1.34171   0.0110517
        4407    0.731741     1.34157   0.0110501
        4408    0.747168     1.34144   0.0110484
        4409    0.763486      1.3413   0.0110467
        4410    0.781627     1.34118   0.0110449
        4411     0.80059     1.34106   0.0110431
        4412    0.820582     1.34094   0.0110412
        4413      0.8418     1.34082   0.0110393
        4414    0.864674     1.34072   0.0110373
        4415    0.889388     1.34061   0.0110353
        4416     0.91395     1.34052   0.0110332
        4417    0.939722     1.34043   0.0110311
        4418    0.966615     1.34034   0.0110289
        4419    0.993552     1.34026   0.0110267
        4420     1.02089     1.34019   0.0110244
        4421     1.04849     1.34013   0.0110221
        4422     1.07763     1.34007   0.0110198
        4423     1.10692     1.34001   0.0110174
        4424     1.13664     1.33997   0.0110151
        4425     1.16512     1.33993   0.0110126
        4426     1.19309     1.33989   0.0110102
        4427     1.21982     1.33987   0.0110077
        4428     1.24672     1.33985   0.0110053
        4429     1.27186     1.33983   0.0110028
        4430     1.29522     1.33982   0.0110003
        4431     1.31703     1.33982   0.0109978
        4432     1.33683     1.33982   0.0109954
        4433     1.35394     1.33982   0.0109929
        4434     1.36869     1.33983   0.0109904
        4435     1.38071     1.33983   0.0109879
        4436     1.39089     1.33985   0.0109855
        4437     1.39825     1.33986    0.010983
        4438      1.4033     1.33987   0.0109805
        4439     1.40658     1.33989   0.0109781
        4440     1.40677      1.3399   0.0109756
        4441     1.40548     1.33992   0.0109731
        4442     1.40216     1.33993   0.0109707
        4443     1.39678     1.33994   0.0109682
        4444     1.38933     1.33996   0.0109658
        4445       1.381     1.33997   0.0109633
        4446     1.37107     1.33997   0.0109608
        4447     1.36072     1.33998   0.0109584
        4448     1.34874     1.33998   0.0109559
        4449     1.33678     1.33998   0.0109534
        4450     1.32454     1.33997    0.010951
        4451      1.3122     1.33997   0.0109485
        4452     1.30015     1.33996   0.0109461
        4453     1.28755     1.33995   0.0109436
        4454     1.27476     1.33993   0.0109412
        4455     1.26331     1.33992   0.0109387
        4456     1.25256      1.3399   0.0109363
        4457     1.24183     1.33987   0.0109338
        4458     1.23287     1.33985   0.0109314
        4459     1.22377     1.33982    0.010929
        4460     1.21505      1.3398   0.0109266
        4461     1.20646     1.33977   0.0109242
        4462     1.19873     1.33973   0.0109218
        4463     1.19211      1.3397   0.0109194
        4464     1.18609     1.33967    0.010917
        4465     1.18067     1.33963   0.0109146
        4466     1.17583      1.3396   0.0109122
        4467     1.17156     1.33956   0.0109098
        4468     1.16664     1.33952   0.0109075
        4469     1.16274     1.33948   0.0109051
        4470     1.16106     1.33944   0.0109027
        4471     1.15821      1.3394   0.0109004
        4472     1.15635     1.33936    0.010898
        4473     1.15548     1.33932   0.0108956
        4474     1.15486     1.33928   0.0108933
        4475     1.15474     1.33923   0.0108909
        4476     1.15511     1.33919   0.0108886
        4477     1.15646     1.33915   0.0108862
        4478     1.15711     1.33911   0.0108839
        4479     1.15947     1.33907   0.0108815
        4480     1.16233     1.33903   0.0108792
        4481     1.16546     1.33899   0.0108768
        4482     1.16839     1.33896   0.0108744
        4483     1.17209     1.33892   0.0108721
        4484     1.17608     1.33888   0.0108697
        4485     1.18086     1.33885   0.0108673
        4486     1.18569     1.33881    0.010865
        4487     1.19133     1.33878   0.0108626
        4488     1.19848     1.33875   0.0108602
        4489     1.20572     1.33872   0.0108578
        4490     1.21377     1.33869   0.0108555
        4491     1.22118     1.33866   0.0108531
        4492     1.23061     1.33864   0.0108507
        4493     1.23965     1.33862   0.0108483
        4494     1.24925      1.3386   0.0108459
        4495      1.2594     1.33858   0.0108435
        4496     1.27082     1.33857   0.0108411
        4497     1.28228     1.33855   0.0108387
        4498     1.29448     1.33854   0.0108363
        4499     1.30666     1.33854   0.0108339
        4500     1.31951     1.33853   0.0108315
        4501     1.33344     1.33853   0.0108291
        4502     1.34695     1.33853   0.0108267
        4503     1.36167     1.33854   0.0108243
        4504     1.37581     1.33855   0.0108219
        4505      1.3893     1.33856   0.0108195
        4506      1.4037     1.33857   0.0108171
        4507     1.41699     1.33859   0.0108147
        4508     1.42928     1.33861   0.0108123
        4509     1.44214     1.33863   0.0108099
        4510     1.45546     1.33866   0.0108076
        4511     1.46764     1.33869   0.0108052
        4512     1.47905     1.33872   0.0108029
        4513      1.4898     1.33875   0.0108005
        4514      1.4993     1.33879   0.0107982
        4515     1.50744     1.33882   0.0107959
        4516      1.5146     1.33886   0.0107935
        4517     1.51925      1.3389   0.0107912
        4518      1.5242     1.33894   0.0107889
        4519     1.52627     1.33899   0.0107866
        4520     1.52759     1.33903   0.0107843
        4521     1.52742     1.33907    0.010782
        4522      1.5255     1.33911   0.0107797
        4523     1.52257     1.33915   0.0107774
        4524     1.51793     1.33919   0.0107751
        4525     1.51089     1.33923   0.0107728
        4526     1.50439     1.33927   0.0107704
        4527     1.49535      1.3393   0.0107681
        4528     1.48505     1.33933   0.0107658
        4529     1.47355     1.33936   0.0107635
        4530     1.46165     1.33939   0.0107611
        4531     1.44797     1.33941   0.0107588
        4532     1.43357     1.33943   0.0107564
        4533     1.41874     1.33945    0.010754
        4534     1.40309     1.33946   0.0107517
        4535     1.38572     1.33947   0.0107493
        4536     1.36839     1.33948    0.010747
        4537     1.35092     1.33948   0.0107446
        4538     1.33314     1.33948   0.0107422
        4539      1.3139     1.33948   0.0107399
        4540     1.29446     1.33947   0.0107375
        4541     1.27368     1.33945   0.0107351
        4542     1.25378     1.33943   0.0107328
        4543     1.23313     1.33941   0.0107305
        4544     1.21177     1.33938   0.0107281
        4545     1.19169     1.33935   0.0107258
        4546       1.171     1.33931   0.0107235
        4547      1.1512     1.33927   0.0107212
        4548     1.12968     1.33922    0.010719
        4549     1.10817     1.33917   0.0107167
        4550     1.08648     1.33912   0.0107145
        4551     1.06464     1.33906   0.0107124
        4552     1.04343     1.33899   0.0107102
        4553     1.02191     1.33892   0.0107081
        4554     1.00085     1.33885    0.010706
        4555     0.98075     1.33877   0.0107039
        4556    0.960449     1.33869   0.0107019
        4557    0.940941      1.3386   0.0106999
        4558    0.922255     1.33851   0.0106979
        4559    0.903208     1.33841    0.010696
        4560    0.884307     1.33831   0.0106941
        4561    0.865572     1.33821   0.0106923
        4562    0.847741      1.3381   0.0106905
        4563    0.830349     1.33799   0.0106887
        4564    0.813654     1.33788    0.010687
        4565    0.797181     1.33776   0.0106853
        4566    0.781191     1.33764   0.0106837
        4567    0.766176     1.33751   0.0106821
        4568    0.751425     1.33738   0.0106805
        4569    0.736713     1.33725    0.010679
        4570    0.722537     1.33712   0.0106775
        4571     0.70746     1.33698    0.010676
        4572    0.694872     1.33684   0.0106746
        4573    0.683104      1.3367   0.0106732
        4574    0.671939     1.33655   0.0106719
        4575    0.661399      1.3364   0.0106706
        4576    0.651267     1.33625   0.0106693
        4577    0.641092      1.3361   0.0106681
        4578    0.632108     1.33595   0.0106668
        4579    0.624588     1.33579   0.0106656
        4580    0.616398     1.33564   0.0106645
        4581    0.610226     1.33548   0.0106633
        4582    0.604909     1.33532   0.0106622
        4583    0.600007     1.33516   0.0106611
        4584    0.595326       1.335   0.0106599
        4585    0.591871     1.33483   0.0106589
        4586    0.589692     1.33467   0.0106578
        4587    0.588595     1.33451   0.0106567
        4588    0.588388     1.33435   0.0106556
        4589    0.589842     1.33418   0.0106545
        4590    0.593001     1.33402   0.0106534
        4591    0.597189     1.33386   0.0106523
        4592    0.602932      1.3337   0.0106512
        4593    0.608821     1.33354     0.01065
        4594    0.616817     1.33339   0.0106489
        4595    0.626704     1.33323   0.0106476
        4596    0.637304     1.33308   0.0106464
        4597    0.648384     1.33293   0.0106451
        4598    0.662115     1.33279   0.0106438
        4599    0.677765     1.33265   0.0106425
        4600    0.694599     1.33251    0.010641
        4601     0.71258     1.33237   0.0106396
        4602    0.731415     1.33224   0.0106381
        4603    0.752244     1.33212   0.0106365
        4604     0.77401     1.33199   0.0106349
        4605    0.796609     1.33188   0.0106332
        4606    0.820165     1.33177   0.0106315
        4607    0.844295     1.33166   0.0106297
        4608    0.869567     1.33156   0.0106279
        4609    0.895323     1.33147    0.010626
        4610    0.921856     1.33138   0.0106241
        4611    0.948006     1.33129   0.0106221
        4612     0.97333     1.33122   0.0106201
        4613    0.999067     1.33115    0.010618
        4614     1.02381     1.33108   0.0106159
        4615     1.04809     1.33102   0.0106138
        4616     1.07125     1.33096   0.0106116
        4617     1.09434     1.33091   0.0106095
        4618     1.11553     1.33086   0.0106073
        4619     1.13521     1.33082   0.0106051
        4620     1.15473     1.33078   0.0106028
        4621     1.17116     1.33075   0.0106006
        4622      1.1869     1.33072   0.0105983
        4623     1.20145     1.33069   0.0105961
        4624     1.21511     1.33066   0.0105938
        4625     1.22696     1.33064   0.0105916
        4626     1.23706     1.33062   0.0105893
        4627     1.24671      1.3306    0.010587
        4628     1.25551     1.33059   0.0105847
        4629     1.26308     1.33057   0.0105825
        4630     1.26973     1.33056   0.0105802
        4631     1.27484     1.33055   0.0105779
        4632     1.27969     1.33054   0.0105756
        4633     1.28411     1.33053   0.0105733
        4634     1.28767     1.33052   0.0105711
        4635     1.29067     1.33051   0.0105688
        4636     1.29411      1.3305   0.0105665
        4637     1.29537     1.33049   0.0105642
        4638     1.29713     1.33049    0.010562
        4639     1.29819     1.33048   0.0105597
        4640     1.29856     1.33047   0.0105574
        4641     1.29922     1.33047   0.0105551
        4642     1.29825     1.33046   0.0105529
        4643     1.29804     1.33045   0.0105506
        4644     1.29787     1.33044   0.0105483
        4645     1.29727     1.33044   0.0105461
        4646     1.29527     1.33043   0.0105438
        4647     1.29236     1.33042   0.0105415
        4648     1.28925     1.33041   0.0105393
        4649     1.28596      1.3304    0.010537
        4650     1.28249     1.33039   0.0105347
        4651     1.27908     1.33038   0.0105325
        4652     1.27575     1.33037   0.0105302
        4653     1.27034     1.33036    0.010528
        4654     1.26528     1.33034   0.0105257
        4655      1.2601     1.33033   0.0105235
        4656     1.25384     1.33031   0.0105212
        4657     1.24702     1.33029    0.010519
        4658     1.24037     1.33027   0.0105167
        4659     1.23367     1.33025   0.0105145
        4660     1.22621     1.33023   0.0105123
        4661     1.21875     1.33021     0.01051
        4662     1.21106     1.33018   0.0105078
        4663      1.2034     1.33015   0.0105056
        4664     1.19485     1.33013   0.0105034
        4665     1.18686     1.33009   0.0105012
        4666     1.17827     1.33006    0.010499
        4667     1.17006     1.33003   0.0104968
        4668     1.16107     1.32999   0.0104946
        4669     1.15325     1.32995   0.0104924
        4670     1.14471     1.32991   0.0104902
        4671     1.13573     1.32987   0.0104881
        4672     1.12779     1.32983   0.0104859
        4673     1.11948     1.32978   0.0104838
        4674     1.11131     1.32974   0.0104816
        4675     1.10405     1.32969   0.0104795
        4676     1.09605     1.32964   0.0104774
        4677     1.08879     1.32959   0.0104753
        4678     1.08157     1.32953   0.0104732
        4679     1.07516     1.32948   0.0104711
        4680     1.06909     1.32942    0.010469
        4681     1.06268     1.32937   0.0104669
        4682     1.05689     1.32931   0.0104648
        4683     1.05247     1.32925   0.0104628
        4684     1.04726     1.32919   0.0104607
        4685     1.04319     1.32913   0.0104586
        4686     1.03928     1.32907   0.0104566
        4687     1.03624       1.329   0.0104546
        4688     1.03285     1.32894   0.0104525
        4689     1.02957     1.32888   0.0104505
        4690     1.02684     1.32881   0.0104484
        4691     1.02464     1.32875   0.0104464
        4692     1.02194     1.32868   0.0104444
        4693      1.0204     1.32862   0.0104424
        4694       1.019     1.32855   0.0104404
        4695     1.01745     1.32849   0.0104384
        4696     1.01546     1.32842   0.0104363
        4697     1.01322     1.32835   0.0104343
        4698     1.01166     1.32828   0.0104323
        4699        1.01     1.32822   0.0104303
        4700     1.00822     1.32815   0.0104283
        4701     1.00532     1.32808   0.0104263
        4702       1.003     1.32801   0.0104244
        4703     1.00052     1.32794   0.0104224
        4704    0.997644     1.32787   0.0104204
        4705    0.995376      1.3278   0.0104184
        4706    0.992306     1.32773   0.0104164
        4707     0.98945     1.32766   0.0104145
        4708    0.986875     1.32758   0.0104125
        4709     0.98394     1.32751   0.0104106
        4710     0.98122     1.32744   0.0104086
        4711    0.979775     1.32736   0.0104067
        4712    0.977313     1.32729   0.0104047
        4713    0.976359     1.32722   0.0104028
        4714     0.97559     1.32714   0.0104008
        4715    0.975858     1.32707   0.0103989
        4716    0.976809     1.32699    0.010397
        4717     0.97881     1.32692    0.010395
        4718     0.98198     1.32685   0.0103931
        4719    0.986675     1.32677   0.0103911
        4720     0.99276      1.3267   0.0103892
        4721     1.00129     1.32663   0.0103872
        4722     1.01043     1.32657   0.0103852
        4723     1.02168      1.3265   0.0103832
        4724     1.03414     1.32644   0.0103812
        4725     1.04833     1.32638   0.0103792
        4726      1.0645     1.32633   0.0103771
        4727      1.0817     1.32627   0.0103751
        4728     1.10062     1.32623    0.010373
        4729     1.12148     1.32618   0.0103709
        4730     1.14374     1.32614   0.0103687
        4731     1.16803     1.32611   0.0103666
        4732      1.1938     1.32608   0.0103645
        4733      1.2214     1.32606   0.0103623
        4734     1.25048     1.32604   0.0103601
        4735      1.2792     1.32604   0.0103579
        4736     1.31005     1.32603   0.0103557
        4737     1.34166     1.32603   0.0103536
        4738     1.37337     1.32604   0.0103514
        4739     1.40499     1.32606   0.0103492
        4740     1.43752     1.32609    0.010347
        4741     1.47005     1.32612   0.0103449
        4742     1.50141     1.32615   0.0103428
        4743      1.5326      1.3262   0.0103407
        4744     1.56366     1.32625   0.0103386
        4745     1.59343      1.3263   0.0103366
        4746     1.62198     1.32636   0.0103346
        4747     1.65034     1.32643   0.0103327
        4748     1.67712     1.32651   0.0103308
        4749     1.70244     1.32659   0.0103289
        4750     1.72638     1.32667   0.0103271
        4751     1.74813     1.32676   0.0103253
        4752     1.76781     1.32685   0.0103235
        4753     1.78607     1.32695   0.0103218
        4754     1.80214     1.32705   0.0103201
        4755     1.81644     1.32715   0.0103184
        4756     1.82992     1.32726   0.0103168
        4757      1.8409     1.32736   0.0103152
        4758     1.85036     1.32747   0.0103136
        4759     1.85641     1.32759   0.0103121
        4760     1.86151      1.3277   0.0103105
        4761     1.86453     1.32781    0.010309
        4762     1.86555     1.32792   0.0103074
        4763     1.86467     1.32804   0.0103059
        4764     1.86226     1.32815   0.0103043
        4765     1.85915     1.32826   0.0103028
        4766     1.85378     1.32837   0.0103012
        4767     1.84703     1.32848   0.0102996
        4768     1.83999     1.32859    0.010298
        4769     1.83162     1.32869   0.0102964
        4770     1.82351      1.3288   0.0102947
        4771     1.81412      1.3289   0.0102931
        4772     1.80505       1.329   0.0102914
        4773     1.79498     1.32909   0.0102897
        4774     1.78455     1.32919    0.010288
        4775     1.77485     1.32928   0.0102863
        4776     1.76454     1.32937   0.0102845
        4777     1.75422     1.32946   0.0102828
        4778     1.74447     1.32955    0.010281
        4779     1.73489     1.32964   0.0102792
        4780     1.72627     1.32972   0.0102774
        4781     1.71748      1.3298   0.0102755
        4782     1.71047     1.32988   0.0102737
        4783     1.70383     1.32996   0.0102718
        4784     1.69806     1.33003     0.01027
        4785     1.69268     1.33011   0.0102681
        4786      1.6884     1.33018   0.0102662
        4787     1.68469     1.33026   0.0102644
        4788     1.68082     1.33033   0.0102625
        4789     1.67743      1.3304   0.0102606
        4790     1.67449     1.33048   0.0102587
        4791      1.6719     1.33055   0.0102568
        4792     1.66959     1.33062   0.0102549
        4793     1.66725     1.33069    0.010253
        4794     1.66525     1.33076   0.0102511
        4795     1.66302     1.33083   0.0102492
        4796     1.66094      1.3309   0.0102473
        4797     1.65868     1.33096   0.0102454
        4798     1.65565     1.33103   0.0102435
        4799      1.6532      1.3311   0.0102416
        4800     1.64955     1.33117   0.0102396
        4801     1.64533     1.33123   0.0102377
        4802     1.64118      1.3313   0.0102358
        4803     1.63557     1.33136   0.0102339
        4804     1.62917     1.33142   0.0102319
        4805     1.62189     1.33148     0.01023
        4806     1.61419     1.33154    0.010228
        4807     1.60504      1.3316    0.010226
        4808     1.59441     1.33165   0.0102241
        4809     1.58372      1.3317   0.0102221
        4810     1.57177     1.33175   0.0102201
        4811     1.55829      1.3318    0.010218
        4812     1.54428     1.33185    0.010216
        4813     1.52903     1.33189    0.010214
        4814     1.51256     1.33192   0.0102119
        4815     1.49565     1.33196   0.0102099
        4816     1.47787     1.33199   0.0102078
        4817     1.45952     1.33201   0.0102057
        4818     1.44018     1.33204   0.0102036
        4819     1.41994     1.33206   0.0102015
        4820     1.39889     1.33207   0.0101994
        4821     1.37735     1.33208   0.0101973
        4822     1.35592     1.33208   0.0101952
        4823     1.33373     1.33208   0.0101931
        4824     1.31138     1.33208   0.0101909
        4825     1.28874     1.33207   0.0101888
        4826     1.26687     1.33206   0.0101867
        4827     1.24566     1.33204   0.0101846
        4828     1.22304     1.33202   0.0101826
        4829     1.20226     1.33199   0.0101805
        4830     1.18101     1.33196   0.0101784
        4831     1.16132     1.33192   0.0101764
        4832     1.14209     1.33188   0.0101743
        4833     1.12438     1.33184   0.0101723
        4834     1.10728     1.33179   0.0101703
        4835     1.09018     1.33174   0.0101684
        4836     1.07362     1.33169   0.0101664
        4837     1.05959     1.33164   0.0101644
        4838     1.04623     1.33158   0.0101625
        4839     1.03407     1.33151   0.0101606
        4840     1.02363     1.33145   0.0101587
        4841     1.01446     1.33139   0.0101568
        4842     1.00565     1.33132   0.0101549
        4843    0.999378     1.33125   0.0101531
        4844    0.993739     1.33118   0.0101512
        4845     0.98875     1.33111   0.0101494
        4846     0.98514     1.33104   0.0101475
        4847    0.983391     1.33097   0.0101457
        4848    0.984226     1.33089   0.0101438
        4849    0.985952     1.33082    0.010142
        4850    0.988557     1.33075   0.0101402
        4851    0.992504     1.33068   0.0101383
        4852    0.997533     1.33061   0.0101364
        4853     1.00337     1.33055   0.0101346
        4854     1.01047     1.33048   0.0101327
        4855     1.01904     1.33042   0.0101308
        4856     1.02999     1.33036   0.0101289
        4857      1.0416      1.3303    0.010127
        4858     1.05381     1.33024   0.0101251
        4859     1.06681     1.33018   0.0101232
        4860     1.08103     1.33013   0.0101212
        4861     1.09638     1.33009   0.0101192
        4862     1.11209     1.33004   0.0101172
        4863     1.12881        1.33   0.0101153
        4864     1.14574     1.32996   0.0101132
        4865     1.16399     1.32993   0.0101112
        4866     1.18276      1.3299   0.0101092
        4867      1.2015     1.32987   0.0101071
        4868     1.22083     1.32985   0.0101051
        4869     1.24067     1.32983    0.010103
        4870     1.26068     1.32982    0.010101
        4871     1.28078     1.32981   0.0100989
        4872      1.3004      1.3298   0.0100968
        4873      1.3204      1.3298   0.0100948
        4874     1.34023      1.3298   0.0100927
        4875     1.35931     1.32981   0.0100906
        4876      1.3778     1.32982   0.0100886
        4877     1.39585     1.32983   0.0100865
        4878     1.41458     1.32985   0.0100844
        4879     1.43273     1.32987   0.0100824
        4880      1.4502     1.32989   0.0100804
        4881      1.4662     1.32992   0.0100783
        4882     1.48212     1.32995   0.0100763
        4883     1.49692     1.32999   0.0100743
        4884     1.51102     1.33002   0.0100723
        4885     1.52341     1.33006   0.0100703
        4886     1.53474      1.3301   0.0100684
        4887     1.54546     1.33015   0.0100664
        4888     1.55383     1.33019   0.0100644
        4889     1.56127     1.33024   0.0100625
        4890     1.56726     1.33029   0.0100606
        4891     1.57371     1.33034   0.0100586
        4892     1.57938     1.33039   0.0100567
        4893     1.58257     1.33044   0.0100548
        4894     1.58451     1.33049   0.0100529
        4895     1.58517     1.33055   0.0100509
        4896     1.58433      1.3306    0.010049
        4897     1.58224     1.33065   0.0100471
        4898     1.57893      1.3307   0.0100452
        4899     1.57491     1.33075   0.0100432
        4900     1.56948      1.3308   0.0100413
        4901     1.56341     1.33085   0.0100394
        4902     1.55601     1.33089   0.0100374
        4903     1.54735     1.33094   0.0100355
        4904     1.53796     1.33098   0.0100335
        4905     1.52719     1.33102   0.0100316
        4906     1.51652     1.33106   0.0100296
        4907     1.50436     1.33109   0.0100276
        4908     1.49196     1.33112   0.0100256
        4909     1.47869     1.33115   0.0100236
        4910     1.46436     1.33118   0.0100216
        4911     1.45002     1.33121   0.0100196
        4912     1.43525     1.33123   0.0100176
        4913     1.42059     1.33124   0.0100156
        4914     1.40468     1.33126   0.0100135
        4915     1.38876     1.33127   0.0100115
        4916     1.37268     1.33128   0.0100095
        4917     1.35623     1.33128   0.0100074
        4918     1.34043     1.33129   0.0100054
        4919     1.32411     1.33129   0.0100034
        4920     1.30851     1.33128   0.0100013
        4921     1.29271     1.33127   0.0099993
        4922      1.2772     1.33126  0.00999728
        4923     1.26032     1.33125  0.00999526
        4924     1.24449     1.33123  0.00999324
        4925     1.22875     1.33121  0.00999124
        4926     1.21358     1.33119  0.00998924
        4927     1.19778     1.33116  0.00998725
        4928      1.1823     1.33113  0.00998526
        4929     1.16688     1.33109  0.00998329
        4930     1.15129     1.33106  0.00998134
        4931     1.13598     1.33102  0.00997939
        4932     1.12045     1.33098  0.00997746
        4933     1.10374     1.33093  0.00997554
        4934     1.08752     1.33088  0.00997364
        4935     1.07225     1.33083  0.00997176
        4936     1.05721     1.33077  0.00996989
        4937     1.04193     1.33071  0.00996804
        4938     1.02664     1.33065  0.00996622
        4939     1.01112     1.33059  0.00996441
        4940    0.995384     1.33052  0.00996262
        4941    0.979463     1.33045  0.00996086
        4942     0.96363     1.33037  0.00995912
        4943     0.94889      1.3303   0.0099574
        4944    0.933363     1.33022  0.00995571
        4945    0.918067     1.33013  0.00995405
        4946    0.903546     1.33005  0.00995241
        4947    0.889385     1.32996   0.0099508
        4948    0.875654     1.32987  0.00994921
        4949    0.862667     1.32977  0.00994765
        4950    0.850748     1.32968  0.00994611
        4951     0.83877     1.32958  0.00994459
        4952    0.827537     1.32947   0.0099431
        4953    0.816896     1.32937  0.00994163
        4954    0.807405     1.32927  0.00994018
        4955    0.799627     1.32916  0.00993875
        4956    0.792441     1.32905  0.00993734
        4957    0.787362     1.32894  0.00993593
        4958    0.782052     1.32883  0.00993454
        4959     0.77851     1.32872  0.00993316
        4960    0.777033     1.32861  0.00993178
        4961    0.775508      1.3285   0.0099304
        4962    0.776149     1.32839  0.00992903
        4963    0.778278     1.32828  0.00992764
        4964    0.781443     1.32817  0.00992625
        4965    0.785666     1.32806  0.00992486
        4966    0.792408     1.32795  0.00992344
        4967    0.800468     1.32784  0.00992201
        4968    0.811042     1.32774  0.00992056
        4969    0.822436     1.32764  0.00991909
        4970     0.83559     1.32754  0.00991759
        4971    0.850464     1.32744  0.00991606
        4972     0.86557     1.32735   0.0099145
        4973    0.882296     1.32726  0.00991291
        4974    0.900822     1.32717  0.00991128
        4975    0.920593     1.32709  0.00990963
        4976    0.941764     1.32701  0.00990794
        4977    0.963519     1.32694  0.00990622
        4978    0.986482     1.32687  0.00990446
        4979     1.00983     1.32681  0.00990268
        4980     1.03464     1.32675  0.00990086
        4981     1.05937      1.3267  0.00989902
        4982     1.08436     1.32665  0.00989716
        4983     1.11047      1.3266  0.00989526
        4984     1.13731     1.32657  0.00989335
        4985     1.16333     1.32653  0.00989142
        4986     1.18937     1.32651  0.00988948
        4987     1.21458     1.32648  0.00988752
        4988      1.2403     1.32647  0.00988555
        4989     1.26616     1.32645  0.00988358
        4990     1.29086     1.32645   0.0098816
        4991     1.31503     1.32645  0.00987962
        4992     1.33905     1.32645  0.00987764
        4993     1.36165     1.32645  0.00987566
        4994     1.38466     1.32647  0.00987369
        4995     1.40635     1.32648  0.00987173
        4996      1.4269      1.3265  0.00986977
        4997     1.44626     1.32653  0.00986783
        4998     1.46558     1.32655  0.00986589
        4999     1.48317     1.32659  0.00986397
        5000     1.49971     1.32662  0.00986206
        5001     1.51566     1.32666  0.00986016
        5002     1.52981      1.3267  0.00985827
        5003     1.54335     1.32674   0.0098564
        5004     1.55533     1.32679  0.00985453
        5005     1.56669     1.32684  0.00985268
        5006     1.57746     1.32689  0.00985084
        5007     1.58643     1.32694  0.00984901
        5008     1.59434     1.32699  0.00984718
        5009     1.60146     1.32705  0.00984537
        5010      1.6073      1.3271  0.00984357
        5011     1.61215     1.32716  0.00984177
        5012     1.61602     1.32722  0.00983997
        5013     1.61845     1.32727  0.00983818
        5014     1.62021     1.32733  0.00983639
        5015     1.62158     1.32739   0.0098346
        5016     1.62185     1.32745  0.00983282
        5017     1.62156     1.32751  0.00983103
        5018     1.62003     1.32757  0.00982925
        5019     1.61779     1.32762  0.00982746
        5020     1.61538     1.32768  0.00982567
        5021     1.61115     1.32774  0.00982387
        5022     1.60756     1.32779  0.00982208
        5023     1.60324     1.32785  0.00982027
        5024     1.59824      1.3279  0.00981847
        5025     1.59334     1.32796  0.00981665
        5026     1.58812     1.32801  0.00981484
        5027     1.58216     1.32806  0.00981302
        5028     1.57718     1.32811  0.00981119
        5029     1.57133     1.32816  0.00980936
        5030     1.56514      1.3282  0.00980752
        5031      1.5589     1.32825  0.00980568
        5032     1.55337     1.32829  0.00980383
        5033     1.54717     1.32834  0.00980198
        5034     1.54106     1.32838  0.00980012
        5035      1.5353     1.32842  0.00979826
        5036     1.52947     1.32846   0.0097964
        5037     1.52456      1.3285  0.00979453
        5038     1.51963     1.32854  0.00979266
        5039     1.51472     1.32857  0.00979079
        5040     1.51105     1.32861  0.00978891
        5041     1.50625     1.32865  0.00978703
        5042     1.50227     1.32868  0.00978515
        5043     1.49816     1.32871  0.00978327
        5044     1.49492     1.32875  0.00978139
        5045     1.49136     1.32878   0.0097795
        5046     1.48894     1.32881  0.00977761
        5047     1.48625     1.32884  0.00977573
        5048     1.48499     1.32887  0.00977384
        5049     1.48422      1.3289  0.00977195
        5050     1.48444     1.32893  0.00977006
        5051     1.48423     1.32896  0.00976818
        5052     1.48458       1.329  0.00976629
        5053     1.48575     1.32903  0.00976441
        5054     1.48751     1.32906  0.00976253
        5055     1.49014     1.32909  0.00976065
        5056     1.49316     1.32912  0.00975877
        5057     1.49733     1.32916   0.0097569
        5058     1.50169     1.32919  0.00975503
        5059     1.50674     1.32922  0.00975316
        5060     1.51275     1.32926   0.0097513
        5061     1.51996      1.3293  0.00974945
        5062     1.52694     1.32934   0.0097476
        5063     1.53491     1.32938  0.00974576
        5064     1.54315     1.32942  0.00974393
        5065      1.5531     1.32946  0.00974211
        5066     1.56285     1.32951  0.00974029
        5067     1.57408     1.32956  0.00973849
        5068     1.58606     1.32961   0.0097367
        5069      1.5983     1.32966  0.00973492
        5070     1.61104     1.32972  0.00973316
        5071      1.6245     1.32978  0.00973141
        5072     1.63891     1.32984  0.00972969
        5073     1.65329      1.3299  0.00972798
        5074     1.66929     1.32997  0.00972629
        5075      1.6857     1.33004  0.00972463
        5076     1.70295     1.33011  0.00972299
        5077     1.72055     1.33019  0.00972138
        5078     1.73892     1.33027   0.0097198
        5079     1.75803     1.33035  0.00971825
        5080     1.77736     1.33044  0.00971673
        5081     1.79732     1.33053  0.00971525
        5082     1.81762     1.33063  0.00971382
        5083     1.83821     1.33073  0.00971242
        5084     1.85829     1.33083  0.00971106
        5085     1.87923     1.33094  0.00970975
        5086     1.90047     1.33105  0.00970849
        5087     1.92096     1.33117  0.00970727
        5088     1.94108     1.33129   0.0097061
        5089     1.96195     1.33141  0.00970499
        5090     1.98224     1.33154  0.00970392
        5091     2.00257     1.33167  0.00970291
        5092     2.02186     1.33181  0.00970195
        5093     2.04069     1.33195  0.00970105
        5094     2.05799     1.33209  0.00970019
        5095     2.07457     1.33223  0.00969938
        5096     2.09008     1.33238  0.00969862
        5097     2.10462     1.33254   0.0096979
        5098     2.11638     1.33269  0.00969721
        5099     2.12814     1.33284  0.00969657
        5100     2.13834       1.333  0.00969595
        5101      2.1469     1.33316  0.00969536
        5102     2.15373     1.33332   0.0096948
        5103     2.15901     1.33348  0.00969425
        5104     2.16223     1.33365  0.00969371
        5105     2.16385     1.33381  0.00969317
        5106     2.16338     1.33397  0.00969264
        5107      2.1606     1.33413  0.00969209
        5108     2.15652      1.3343  0.00969153
        5109     2.15021     1.33446  0.00969095
        5110     2.14151     1.33461  0.00969034
        5111     2.13218     1.33477   0.0096897
        5112     2.12183     1.33492  0.00968903
        5113     2.10983     1.33507  0.00968832
        5114     2.09603     1.33522  0.00968756
        5115     2.08102     1.33537  0.00968677
        5116     2.06441     1.33551  0.00968592
        5117     2.04822     1.33565  0.00968503
        5118     2.02989     1.33579  0.00968409
        5119     2.01142     1.33592   0.0096831
        5120      1.9929     1.33605  0.00968206
        5121     1.97296     1.33617  0.00968096
        5122      1.9519     1.33629  0.00967982
        5123     1.93026     1.33641  0.00967862
        5124     1.90811     1.33652  0.00967738
        5125     1.88574     1.33663  0.00967608
        5126     1.86344     1.33673  0.00967474
        5127     1.84055     1.33683  0.00967335
        5128      1.8171     1.33692  0.00967192
        5129     1.79363     1.33701  0.00967045
        5130     1.76947     1.33709  0.00966893
        5131     1.74562     1.33717  0.00966737
        5132     1.72143     1.33725  0.00966578
        5133     1.69646     1.33732  0.00966415
        5134     1.67246     1.33738  0.00966249
        5135     1.64778     1.33744  0.00966079
        5136     1.62396      1.3375  0.00965907
        5137     1.60032     1.33755  0.00965733
        5138     1.57645      1.3376  0.00965556
        5139     1.55314     1.33764  0.00965377
        5140     1.53021     1.33768  0.00965197
        5141      1.5075     1.33771  0.00965015
        5142     1.48651     1.33774  0.00964831
        5143     1.46515     1.33776  0.00964647
        5144     1.44396     1.33778  0.00964462
        5145     1.42468      1.3378  0.00964276
        5146     1.40473     1.33781  0.00964089
        5147     1.38633     1.33782  0.00963902
        5148     1.36879     1.33783  0.00963715
        5149     1.35287     1.33783  0.00963528
        5150     1.33717     1.33783  0.00963341
        5151     1.32266     1.33783  0.00963154
        5152     1.30887     1.33782  0.00962967
        5153      1.2963     1.33782  0.00962781
        5154     1.28397     1.33781  0.00962594
        5155     1.27331     1.33779  0.00962409
        5156     1.26333     1.33778  0.00962223
        5157     1.25472     1.33776  0.00962038
        5158     1.24576     1.33774  0.00961853
        5159     1.23808     1.33773  0.00961668
        5160      1.2314      1.3377  0.00961484
        5161      1.2259     1.33768    0.009613
        5162     1.21985     1.33766  0.00961117
        5163     1.21486     1.33764  0.00960934
        5164     1.21089     1.33761  0.00960751
        5165     1.20715     1.33759  0.00960568
        5166     1.20409     1.33756  0.00960385
        5167     1.20069     1.33753  0.00960203
        5168     1.19861     1.33751  0.00960021
        5169      1.1966     1.33748  0.00959839
        5170     1.19465     1.33745  0.00959658
        5171     1.19299     1.33742  0.00959476
        5172     1.19256      1.3374  0.00959295
        5173     1.19168     1.33737  0.00959113
        5174     1.19085     1.33734  0.00958932
        5175     1.19105     1.33731  0.00958751
        5176     1.19158     1.33728   0.0095857
        5177       1.192     1.33726  0.00958389
        5178     1.19234     1.33723  0.00958208
        5179     1.19337      1.3372  0.00958027
        5180     1.19491     1.33717  0.00957846
        5181     1.19676     1.33715  0.00957665
        5182     1.19947     1.33712  0.00957484
        5183     1.20357     1.33709  0.00957303
        5184     1.20766     1.33707  0.00957121
        5185     1.21277     1.33704   0.0095694
        5186     1.21895     1.33702  0.00956758
        5187     1.22574       1.337  0.00956576
        5188      1.2332     1.33698  0.00956393
        5189     1.24133     1.33696  0.00956211
        5190     1.25041     1.33694  0.00956028
        5191     1.26043     1.33693  0.00955845
        5192     1.27163     1.33692  0.00955662
        5193     1.28377     1.33691  0.00955478
        5194     1.29706      1.3369  0.00955295
        5195     1.31027     1.33689  0.00955111
        5196     1.32504     1.33689  0.00954927
        5197     1.34036     1.33689  0.00954743
        5198     1.35666      1.3369   0.0095456
        5199     1.37339      1.3369  0.00954376
        5200     1.39098     1.33691  0.00954193
        5201     1.40911     1.33693  0.00954011
        5202     1.42747     1.33695  0.00953829
        5203     1.44622     1.33697  0.00953648
        5204     1.46505     1.33699  0.00953468
        5205     1.48459     1.33702  0.00953289
        5206     1.50428     1.33705  0.00953111
        5207     1.52332     1.33709  0.00952935
        5208      1.5428     1.33713   0.0095276
        5209     1.56168     1.33717  0.00952587
        5210     1.58105     1.33722  0.00952416
        5211      1.6008     1.33727  0.00952246
        5212     1.61937     1.33732  0.00952079
        5213     1.63808     1.33738  0.00951914
        5214     1.65629     1.33744  0.00951751
        5215      1.6729      1.3375   0.0095159
        5216     1.68848     1.33757  0.00951432
        5217     1.70236     1.33764  0.00951275
        5218     1.71512     1.33771   0.0095112
        5219     1.72656     1.33779  0.00950967
        5220     1.73702     1.33787  0.00950816
        5221     1.74488     1.33794  0.00950666
        5222     1.75073     1.33802  0.00950516
        5223     1.75301      1.3381  0.00950368
        5224     1.75429     1.33818  0.00950219
        5225     1.75331     1.33826   0.0095007
        5226     1.74958     1.33834  0.00949921
        5227     1.74432     1.33842  0.00949771
        5228     1.73715     1.33849   0.0094962
        5229     1.72744     1.33857  0.00949468
        5230     1.71656     1.33864  0.00949314
        5231     1.70326     1.33871  0.00949158
        5232      1.6892     1.33878     0.00949
        5233     1.67292     1.33884   0.0094884
        5234     1.65589      1.3389  0.00948678
        5235     1.63788     1.33896  0.00948514
        5236     1.61964     1.33901  0.00948348
        5237     1.60092     1.33906   0.0094818
        5238     1.58219     1.33911  0.00948011
        5239      1.5644     1.33915  0.00947839
        5240     1.54655     1.33919  0.00947667
        5241     1.52952     1.33923  0.00947493
        5242     1.51322     1.33926  0.00947318
        5243     1.49803     1.33929  0.00947142
        5244     1.48332     1.33932  0.00946966
        5245     1.46966     1.33934  0.00946788
        5246     1.45832     1.33937   0.0094661
        5247     1.44693     1.33939  0.00946432
        5248     1.43696      1.3394  0.00946254
        5249     1.42818     1.33942  0.00946075
        5250     1.41987     1.33944  0.00945896
        5251     1.41273     1.33945  0.00945717
        5252     1.40722     1.33946  0.00945538
        5253      1.4033     1.33948  0.00945359
        5254     1.39973     1.33949  0.00945179
        5255     1.39767      1.3395     0.00945
        5256     1.39683     1.33951  0.00944821
        5257     1.39643     1.33952  0.00944642
        5258     1.39689     1.33953  0.00944463
        5259     1.39791     1.33954  0.00944284
        5260     1.40016     1.33955  0.00944105
        5261     1.40262     1.33957  0.00943926
        5262     1.40644     1.33958  0.00943748
        5263     1.41058     1.33959  0.00943569
        5264     1.41501     1.33961  0.00943391
        5265     1.41967     1.33962  0.00943213
        5266     1.42571     1.33964  0.00943036
        5267     1.43189     1.33966  0.00942858
        5268     1.43792     1.33967  0.00942681
        5269       1.444     1.33969  0.00942504
        5270     1.45033     1.33971  0.00942328
        5271     1.45734     1.33974  0.00942152
        5272     1.46453     1.33976  0.00941976
        5273     1.47135     1.33979  0.00941801
        5274     1.47825     1.33981  0.00941626
        5275     1.48542     1.33984  0.00941451
        5276      1.4928     1.33987  0.00941277
        5277     1.50059      1.3399  0.00941104
        5278     1.50777     1.33993  0.00940931
        5279     1.51548     1.33996  0.00940758
        5280      1.5227        1.34  0.00940587
        5281     1.52865     1.34003  0.00940415
        5282     1.53401     1.34007  0.00940244
        5283      1.5392     1.34011  0.00940074
        5284     1.54417     1.34015  0.00939904
        5285      1.5484     1.34019  0.00939734
        5286     1.55233     1.34023  0.00939565
        5287     1.55545     1.34027  0.00939396
        5288     1.55749     1.34031  0.00939228
        5289     1.55987     1.34035  0.00939059
        5290     1.56187     1.34039  0.00938891
        5291       1.563     1.34043  0.00938723
        5292      1.5628     1.34048  0.00938555
        5293     1.56247     1.34052  0.00938387
        5294     1.56132     1.34056  0.00938219
        5295     1.55962      1.3406  0.00938051
        5296     1.55835     1.34064  0.00937883
        5297      1.5561     1.34068  0.00937715
        5298     1.55315     1.34072  0.00937546
        5299     1.55002     1.34076  0.00937378
        5300     1.54603      1.3408  0.00937209
        5301     1.54289     1.34084   0.0093704
        5302     1.53825     1.34088   0.0093687
        5303     1.53407     1.34091  0.00936701
        5304     1.52966     1.34095  0.00936531
        5305     1.52508     1.34098  0.00936361
        5306     1.52034     1.34102  0.00936191
        5307     1.51527     1.34105   0.0093602
        5308     1.50987     1.34108  0.00935849
        5309     1.50444     1.34111  0.00935678
        5310     1.49877     1.34114  0.00935506
        5311     1.49314     1.34117  0.00935334
        5312     1.48829      1.3412  0.00935163
        5313     1.48306     1.34123   0.0093499
        5314     1.47771     1.34125  0.00934818
        5315     1.47178     1.34128  0.00934645
        5316     1.46724      1.3413  0.00934472
        5317     1.46168     1.34132  0.00934299
        5318     1.45875     1.34134  0.00934126
        5319     1.45437     1.34137  0.00933953
        5320     1.44999     1.34139   0.0093378
        5321     1.44635     1.34141  0.00933606
        5322      1.4425     1.34142  0.00933433
        5323     1.43867     1.34144  0.00933259
        5324     1.43583     1.34146  0.00933086
        5325      1.4335     1.34148  0.00932912
        5326     1.43072     1.34149  0.00932738
        5327      1.4282     1.34151  0.00932565
        5328     1.42617     1.34153  0.00932391
        5329     1.42437     1.34154  0.00932217
        5330      1.4228     1.34156  0.00932044
        5331     1.42122     1.34157   0.0093187
        5332     1.42032     1.34159  0.00931697
        5333     1.41987      1.3416  0.00931523
        5334     1.41937     1.34162  0.00931349
        5335     1.41907     1.34163  0.00931176
        5336     1.41896     1.34165  0.00931003
        5337     1.41881     1.34166  0.00930829
        5338     1.41958     1.34167  0.00930656
        5339     1.41984     1.34169  0.00930483
        5340     1.42083      1.3417   0.0093031
        5341      1.4223     1.34172  0.00930137
        5342     1.42333     1.34173  0.00929964
        5343     1.42466     1.34175  0.00929791
        5344     1.42657     1.34177  0.00929619
        5345     1.42908     1.34178  0.00929446
        5346     1.43078      1.3418  0.00929274
        5347     1.43434     1.34182  0.00929102
        5348     1.43763     1.34183   0.0092893
        5349     1.44018     1.34185  0.00928758
        5350      1.4442     1.34187  0.00928586
        5351     1.44896     1.34189  0.00928415
        5352     1.45495     1.34191  0.00928244
        5353     1.46122     1.34193  0.00928073
        5354     1.46823     1.34196  0.00927903
        5355     1.47549     1.34198  0.00927733
        5356     1.48274     1.34201  0.00927563
        5357     1.49115     1.34204  0.00927394
        5358     1.49875     1.34207  0.00927226
        5359     1.50743      1.3421  0.00927058
        5360     1.51664     1.34213  0.00926891
        5361     1.52586     1.34216  0.00926724
        5362     1.53527      1.3422  0.00926558
        5363     1.54504     1.34224  0.00926393
        5364     1.55367     1.34228  0.00926229
        5365     1.56398     1.34232  0.00926065
        5366     1.57374     1.34236  0.00925903
        5367     1.58265     1.34241  0.00925741
        5368     1.59211     1.34245   0.0092558
        5369     1.60108      1.3425  0.00925421
        5370     1.60928     1.34255  0.00925262
        5371     1.61715      1.3426  0.00925103
        5372      1.6244     1.34265  0.00924946
        5373     1.63195     1.34271   0.0092479
        5374     1.63881     1.34276  0.00924634
        5375      1.6471     1.34282  0.00924479
        5376     1.65368     1.34288  0.00924325
        5377      1.6602     1.34294  0.00924172
        5378     1.66591       1.343   0.0092402
        5379     1.66958     1.34306  0.00923868
        5380     1.67288     1.34312  0.00923717
        5381     1.67553     1.34318  0.00923566
        5382     1.67776     1.34324  0.00923415
        5383     1.67931     1.34331  0.00923265
        5384     1.68015     1.34337  0.00923114
        5385     1.67953     1.34343  0.00922964
        5386     1.68034     1.34349  0.00922814
        5387     1.67871     1.34356  0.00922664
        5388     1.67654     1.34362  0.00922513
        5389     1.67456     1.34368  0.00922362
        5390     1.67107     1.34374  0.00922211
        5391     1.66657      1.3438   0.0092206
        5392      1.6613     1.34386  0.00921907
        5393     1.65553     1.34392  0.00921754
        5394     1.64832     1.34397  0.00921601
        5395     1.64067     1.34403  0.00921446
        5396     1.63333     1.34408  0.00921291
        5397     1.62467     1.34413  0.00921135
        5398      1.6157     1.34418  0.00920978
        5399     1.60722     1.34423  0.00920821
        5400     1.59688     1.34428  0.00920662
        5401     1.58619     1.34432  0.00920502
        5402     1.57547     1.34437  0.00920342
        5403     1.56455     1.34441  0.00920181
        5404     1.55351     1.34445  0.00920019
        5405     1.54291     1.34448  0.00919856
        5406     1.53234     1.34452  0.00919692
        5407     1.52187     1.34455  0.00919528
        5408     1.51181     1.34458  0.00919363
        5409     1.50199     1.34461  0.00919198
        5410     1.49148     1.34464  0.00919032
        5411     1.48228     1.34466  0.00918865
        5412     1.47345     1.34469  0.00918699
        5413     1.46529     1.34471  0.00918532
        5414     1.45733     1.34473  0.00918364
        5415     1.45007     1.34475  0.00918197
        5416     1.44161     1.34477  0.00918029
        5417     1.43459     1.34478  0.00917861
        5418     1.42806      1.3448  0.00917693
        5419       1.422     1.34481  0.00917525
        5420      1.4164     1.34483  0.00917356
        5421     1.41051     1.34484  0.00917188
        5422     1.40552     1.34485  0.00917019
        5423     1.40091     1.34486  0.00916851
        5424     1.39688     1.34487  0.00916682
        5425     1.39317     1.34488  0.00916514
        5426      1.3902     1.34489  0.00916345
        5427     1.38794     1.34489  0.00916177
        5428     1.38539      1.3449  0.00916008
        5429     1.38224     1.34491   0.0091584
        5430     1.38016     1.34492  0.00915671
        5431     1.37741     1.34492  0.00915503
        5432     1.37586     1.34493  0.00915335
        5433     1.37237     1.34493  0.00915166
        5434      1.3693     1.34494  0.00914998
        5435     1.36663     1.34494   0.0091483
        5436      1.3648     1.34494  0.00914662
        5437     1.36189     1.34495  0.00914493
        5438     1.35907     1.34495  0.00914325
        5439     1.35563     1.34495  0.00914157
        5440     1.35301     1.34495  0.00913989
        5441     1.34834     1.34495  0.00913821
        5442     1.34478     1.34495  0.00913653
        5443     1.34043     1.34495  0.00913485
        5444     1.33676     1.34495  0.00913318
        5445     1.33312     1.34495   0.0091315
        5446     1.32955     1.34495  0.00912982
        5447     1.32588     1.34494  0.00912815
        5448     1.32192     1.34494  0.00912647
        5449     1.31824     1.34493   0.0091248
        5450     1.31466     1.34493  0.00912313
        5451      1.3132     1.34492  0.00912145
        5452     1.31104     1.34492  0.00911978
        5453     1.31045     1.34491  0.00911811
        5454     1.30884      1.3449  0.00911644
        5455     1.30966      1.3449  0.00911478
        5456     1.31058     1.34489  0.00911311
        5457     1.31238     1.34489  0.00911144
        5458     1.31442     1.34488  0.00910977
        5459     1.31842     1.34487   0.0091081
        5460     1.32397     1.34487  0.00910644
        5461     1.32941     1.34487  0.00910477
        5462      1.3367     1.34487   0.0091031
        5463     1.34538     1.34487  0.00910144
        5464     1.35523     1.34487  0.00909977
        5465     1.36505     1.34487  0.00909811
        5466     1.37675     1.34488  0.00909644
        5467     1.38962     1.34489  0.00909478
        5468     1.40362      1.3449  0.00909313
        5469     1.41825     1.34491  0.00909147
        5470     1.43419     1.34493  0.00908983
        5471     1.45116     1.34495  0.00908819
        5472     1.46936     1.34497  0.00908655
        5473       1.488     1.34499  0.00908493
        5474     1.50823     1.34502  0.00908332
        5475     1.52927     1.34506  0.00908172
        5476     1.55103      1.3451  0.00908014
        5477     1.57296     1.34514  0.00907858
        5478     1.59619     1.34518  0.00907704
        5479     1.61966     1.34523  0.00907552
        5480     1.64304     1.34529  0.00907403
        5481     1.66647     1.34535  0.00907256
        5482      1.6906     1.34541  0.00907112
        5483     1.71481     1.34548  0.00906972
        5484     1.73878     1.34555  0.00906835
        5485     1.76239     1.34562  0.00906701
        5486       1.786      1.3457  0.00906572
        5487     1.80999     1.34579  0.00906446
        5488     1.83375     1.34588  0.00906324
        5489     1.85645     1.34597  0.00906207
        5490     1.87869     1.34607  0.00906094
        5491     1.89963     1.34617  0.00905985
        5492     1.91892     1.34627   0.0090588
        5493     1.93814     1.34638  0.00905779
        5494      1.9555     1.34649  0.00905682
        5495     1.97211     1.34661  0.00905589
        5496     1.98717     1.34672  0.00905499
        5497     2.00084     1.34684  0.00905413
        5498     2.01402     1.34696  0.00905329
        5499     2.02522     1.34709  0.00905249
        5500     2.03487     1.34721   0.0090517
        5501     2.04272     1.34734  0.00905094
        5502     2.04898     1.34747  0.00905019
        5503     2.05389     1.34759  0.00904946
        5504     2.05747     1.34772  0.00904874
        5505     2.05901     1.34785  0.00904801
        5506     2.05854     1.34798  0.00904729
        5507     2.05681     1.34811  0.00904656
        5508     2.05433     1.34824  0.00904583
        5509     2.05069     1.34837  0.00904509
        5510     2.04545     1.34849  0.00904433
        5511      2.0389     1.34862  0.00904356
        5512     2.03038     1.34874  0.00904276
        5513     2.02067     1.34886  0.00904194
        5514     2.00982     1.34898   0.0090411
        5515     1.99766      1.3491  0.00904022
        5516     1.98447     1.34922  0.00903932
        5517     1.97105     1.34933  0.00903838
        5518     1.95624     1.34944  0.00903741
        5519     1.94057     1.34955  0.00903641
        5520      1.9246     1.34965  0.00903537
        5521     1.90789     1.34975   0.0090343
        5522     1.88979     1.34985   0.0090332
        5523      1.8713     1.34994  0.00903205
        5524     1.85179     1.35003  0.00903088
        5525      1.8325     1.35012  0.00902966
        5526     1.81255      1.3502  0.00902842
        5527     1.79248     1.35028  0.00902714
        5528     1.77164     1.35036  0.00902583
        5529     1.75131     1.35043  0.00902449
        5530     1.73108      1.3505  0.00902312
        5531     1.71029     1.35057  0.00902172
        5532     1.68927     1.35063   0.0090203
        5533     1.66857     1.35069  0.00901885
        5534     1.64754     1.35074  0.00901738
        5535     1.62746     1.35079  0.00901589
        5536      1.6072     1.35084  0.00901438
        5537     1.58755     1.35088  0.00901285
        5538     1.56761     1.35092  0.00901131
        5539     1.54914     1.35095  0.00900975
        5540       1.531     1.35099  0.00900819
        5541      1.5125     1.35102  0.00900661
        5542     1.49491     1.35104  0.00900502
        5543     1.47804     1.35106  0.00900342
        5544     1.46288     1.35108  0.00900182
        5545     1.44753      1.3511  0.00900022
        5546     1.43372     1.35112  0.00899861
        5547     1.42075     1.35113  0.00899699
        5548      1.4091     1.35114  0.00899538
        5549     1.39782     1.35115  0.00899376
        5550     1.38764     1.35115  0.00899214
        5551     1.37782     1.35116  0.00899052
        5552     1.36957     1.35116   0.0089889
        5553     1.36167     1.35116  0.00898729
        5554     1.35458     1.35117  0.00898567
        5555     1.34803     1.35116  0.00898405
        5556      1.3425     1.35116  0.00898243
        5557     1.33843     1.35116  0.00898082
        5558     1.33434     1.35116   0.0089792
        5559     1.33071     1.35115  0.00897759
        5560     1.32821     1.35115  0.00897597
        5561     1.32587     1.35115  0.00897436
        5562     1.32463     1.35114  0.00897275
        5563     1.32373     1.35114  0.00897114
        5564     1.32292     1.35113  0.00896953
        5565     1.32315     1.35113  0.00896792
        5566     1.32369     1.35112  0.00896631
        5567     1.32476     1.35112   0.0089647
        5568     1.32637     1.35111  0.00896309
        5569     1.32924     1.35111  0.00896148
        5570     1.33242      1.3511  0.00895987
        5571     1.33591      1.3511  0.00895826
        5572     1.34021      1.3511  0.00895666
        5573     1.34509      1.3511  0.00895505
        5574     1.35106      1.3511  0.00895344
        5575      1.3567      1.3511  0.00895184
        5576      1.3637      1.3511  0.00895023
        5577     1.37138     1.35111  0.00894863
        5578     1.37927     1.35111  0.00894702
        5579     1.38738     1.35112  0.00894542
        5580      1.3967     1.35112  0.00894382
        5581     1.40701     1.35113  0.00894223
        5582     1.41782     1.35115  0.00894063
        5583     1.42841     1.35116  0.00893904
        5584     1.44168     1.35118  0.00893746
        5585     1.45398      1.3512  0.00893587
        5586     1.46724     1.35122   0.0089343
        5587      1.4819     1.35124  0.00893273
        5588     1.49671     1.35127  0.00893117
        5589     1.51283     1.35129  0.00892962
        5590     1.52874     1.35133  0.00892808
        5591     1.54534     1.35136  0.00892655
        5592     1.56182      1.3514  0.00892503
        5593     1.57832     1.35144  0.00892353
        5594     1.59569     1.35148  0.00892204
        5595     1.61237     1.35153  0.00892057
        5596     1.62991     1.35158  0.00891911
        5597     1.64699     1.35163  0.00891767
        5598     1.66392     1.35169  0.00891625
        5599     1.67985     1.35175  0.00891485
        5600     1.69533     1.35181  0.00891347
        5601     1.70924     1.35187  0.00891211
        5602     1.72289     1.35194  0.00891077
        5603     1.73589     1.35201  0.00890944
        5604     1.74714     1.35208  0.00890813
        5605     1.75723     1.35215  0.00890683
        5606     1.76557     1.35222  0.00890555
        5607     1.77256      1.3523  0.00890428
        5608     1.77763     1.35237  0.00890301
        5609     1.78171     1.35245  0.00890175
        5610     1.78355     1.35253   0.0089005
        5611     1.78365      1.3526  0.00889924
        5612     1.78226     1.35268  0.00889799
        5613     1.77872     1.35276  0.00889673
        5614      1.7743     1.35283  0.00889546
        5615      1.7679     1.35291  0.00889418
        5616     1.75987     1.35298  0.00889289
        5617     1.75084     1.35305  0.00889159
        5618     1.74023     1.35312  0.00889028
        5619     1.72916     1.35318  0.00888895
        5620     1.71661     1.35325   0.0088876
        5621     1.70299     1.35331  0.00888624
        5622     1.68944     1.35337  0.00888486
        5623     1.67565     1.35343  0.00888346
        5624     1.66275     1.35348  0.00888205
        5625     1.64995     1.35354  0.00888063
        5626     1.63645     1.35359  0.00887919
        5627     1.62358     1.35363  0.00887774
        5628     1.61149     1.35368  0.00887628
        5629     1.60053     1.35372  0.00887482
        5630     1.58961     1.35377  0.00887334
        5631     1.58003     1.35381  0.00887185
        5632     1.57138     1.35384  0.00887036
        5633     1.56254     1.35388  0.00886887
        5634     1.55571     1.35392  0.00886736
        5635      1.5495     1.35395  0.00886586
        5636     1.54393     1.35399  0.00886435
        5637     1.54167     1.35402  0.00886284
        5638     1.53983     1.35405  0.00886133
        5639     1.53912     1.35409  0.00885982
        5640     1.53858     1.35412  0.00885831
        5641     1.53961     1.35415   0.0088568
        5642      1.5422     1.35418  0.00885529
        5643     1.54605     1.35422  0.00885379
        5644     1.54944     1.35425  0.00885229
        5645     1.55473     1.35429  0.00885079
        5646     1.55993     1.35432   0.0088493
        5647     1.56618     1.35436  0.00884781
        5648     1.57415      1.3544  0.00884633
        5649     1.58184     1.35444  0.00884485
        5650     1.59062     1.35448  0.00884339
        5651     1.60065     1.35453  0.00884193
        5652     1.61041     1.35457  0.00884048
        5653     1.61959     1.35462  0.00883904
        5654     1.63002     1.35467  0.00883761
        5655     1.64042     1.35472  0.00883619
        5656     1.65191     1.35477  0.00883479
        5657      1.6632     1.35483  0.00883339
        5658     1.67324     1.35488  0.00883201
        5659     1.68388     1.35494  0.00883064
        5660     1.69433       1.355  0.00882929
        5661     1.70426     1.35506  0.00882794
        5662     1.71457     1.35512  0.00882661
        5663     1.72352     1.35519  0.00882529
        5664     1.73274     1.35526  0.00882399
        5665     1.73978     1.35532  0.00882269
        5666     1.74798     1.35539   0.0088214
        5667      1.7554     1.35546  0.00882013
        5668     1.76202     1.35554  0.00881887
        5669     1.76883     1.35561  0.00881761
        5670     1.77415     1.35568  0.00881636
        5671     1.78067     1.35576  0.00881513
        5672     1.78578     1.35583   0.0088139
        5673     1.79052     1.35591  0.00881268
        5674      1.7947     1.35599  0.00881147
        5675     1.79793     1.35607  0.00881026
        5676     1.80173     1.35614  0.00880906
        5677       1.805     1.35622  0.00880786
        5678     1.80925      1.3563  0.00880667
        5679     1.81387     1.35638  0.00880549
        5680     1.81703     1.35646  0.00880431
        5681     1.82096     1.35655  0.00880314
        5682     1.82601     1.35663  0.00880198
        5683     1.83152     1.35671  0.00880083
        5684     1.83731      1.3568  0.00879968
        5685     1.84343     1.35688  0.00879855
        5686     1.84968     1.35697  0.00879743
        5687     1.85705     1.35706  0.00879632
        5688     1.86555     1.35715  0.00879523
        5689     1.87446     1.35724  0.00879416
        5690     1.88519     1.35733   0.0087931
        5691     1.89603     1.35742  0.00879206
        5692     1.90597     1.35752  0.00879105
        5693      1.9171     1.35762  0.00879005
        5694      1.9291     1.35772  0.00878908
        5695     1.94091     1.35782  0.00878814
        5696     1.95313     1.35793  0.00878721
        5697     1.96518     1.35803  0.00878632
        5698     1.97667     1.35814  0.00878545
        5699     1.98841     1.35825   0.0087846
        5700     2.00026     1.35837  0.00878378
        5701     2.01111     1.35848  0.00878299
        5702      2.0215      1.3586  0.00878222
        5703     2.03105     1.35871  0.00878147
        5704     2.03814     1.35883  0.00878074
        5705     2.04503     1.35895  0.00878002
        5706     2.05063     1.35907  0.00877932
        5707     2.05527      1.3592  0.00877863
        5708     2.05788     1.35932  0.00877794
        5709     2.05812     1.35944  0.00877726
        5710     2.05759     1.35956  0.00877657
        5711     2.05456     1.35969  0.00877588
        5712     2.04971     1.35981  0.00877518
        5713     2.04376     1.35993  0.00877446
        5714     2.03648     1.36004  0.00877372
        5715     2.02671     1.36016  0.00877296
        5716     2.01597     1.36028  0.00877218
        5717     2.00312     1.36039  0.00877136
        5718     1.98852      1.3605  0.00877052
        5719     1.97301      1.3606  0.00876964
        5720     1.95624     1.36071  0.00876872
        5721     1.93788     1.36081  0.00876777
        5722      1.9183     1.36091  0.00876678
        5723     1.89815       1.361  0.00876575
        5724     1.87732     1.36109  0.00876468
        5725     1.85692     1.36118  0.00876358
        5726     1.83469     1.36126  0.00876244
        5727      1.8122     1.36134  0.00876126
        5728     1.78982     1.36141  0.00876005
        5729     1.76838     1.36149  0.00875881
        5730     1.74606     1.36155  0.00875754
        5731     1.72489     1.36162  0.00875624
        5732     1.70327     1.36168  0.00875492
        5733     1.68272     1.36173  0.00875357
        5734     1.66306     1.36178   0.0087522
        5735     1.64317     1.36183  0.00875081
        5736     1.62358     1.36188   0.0087494
        5737     1.60433     1.36192  0.00874798
        5738     1.58597     1.36196  0.00874654
        5739     1.56876       1.362  0.00874509
        5740     1.55153     1.36203  0.00874363
        5741     1.53503     1.36206  0.00874216
        5742     1.52001     1.36209  0.00874068
        5743     1.50552     1.36211   0.0087392
        5744     1.49181     1.36213   0.0087377
        5745     1.47863     1.36215  0.00873621
        5746     1.46672     1.36217   0.0087347
        5747     1.45486     1.36219   0.0087332
        5748     1.44497      1.3622  0.00873169
        5749     1.43462     1.36222  0.00873018
        5750     1.42452     1.36223  0.00872867
        5751     1.41562     1.36224  0.00872716
        5752      1.4074     1.36224  0.00872564
        5753     1.39961     1.36225  0.00872413
        5754     1.39367     1.36226  0.00872262
        5755     1.38762     1.36226   0.0087211
        5756     1.38218     1.36226  0.00871959
        5757     1.37781     1.36227  0.00871807
        5758     1.37353     1.36227  0.00871656
        5759      1.3698     1.36227  0.00871504
        5760     1.36567     1.36227  0.00871353
        5761     1.36256     1.36227  0.00871202
        5762     1.36072     1.36227  0.00871051
        5763     1.35848     1.36227    0.008709
        5764     1.35726     1.36227  0.00870748
        5765     1.35684     1.36227  0.00870597
        5766     1.35698     1.36227  0.00870446
        5767     1.35816     1.36227  0.00870296
        5768     1.35941     1.36227  0.00870145
        5769     1.36097     1.36227  0.00869994
        5770     1.36378     1.36227  0.00869843
        5771     1.36661     1.36227  0.00869692
        5772      1.3699     1.36227  0.00869542
        5773     1.37383     1.36227  0.00869391
        5774     1.37762     1.36227  0.00869241
        5775     1.38214     1.36228   0.0086909
        5776     1.38609     1.36228   0.0086894
        5777     1.39031     1.36228  0.00868789
        5778     1.39515     1.36229  0.00868639
        5779     1.39947      1.3623  0.00868489
        5780     1.40337      1.3623  0.00868339
        5781     1.40665     1.36231  0.00868189
        5782     1.40866     1.36232   0.0086804
        5783     1.40945     1.36233   0.0086789
        5784     1.41002     1.36234   0.0086774
        5785     1.40828     1.36234  0.00867591
        5786     1.40525     1.36235  0.00867441
        5787     1.40104     1.36236  0.00867291
        5788     1.39454     1.36236  0.00867142
        5789     1.38661     1.36237  0.00866992
        5790     1.37625     1.36237  0.00866842
        5791     1.36437     1.36237  0.00866693
        5792     1.34979     1.36237  0.00866543
        5793     1.33352     1.36236  0.00866393
        5794     1.31541     1.36236  0.00866244
        5795      1.2963     1.36234  0.00866096
        5796     1.27516     1.36233  0.00865947
        5797     1.25194     1.36231    0.008658
        5798     1.22853     1.36229  0.00865654
        5799      1.2047     1.36226  0.00865509
        5800     1.17949     1.36223  0.00865365
        5801     1.15412     1.36219  0.00865224
        5802     1.12814     1.36215  0.00865084
        5803     1.10227     1.36211  0.00864946
        5804       1.077     1.36206  0.00864811
        5805      1.0521       1.362  0.00864679
        5806     1.02826     1.36195  0.00864549
        5807     1.00569     1.36189  0.00864422
        5808    0.984565     1.36182  0.00864298
        5809    0.963601     1.36175  0.00864176
        5810    0.943896     1.36168  0.00864057
        5811     0.92725     1.36161  0.00863941
        5812    0.912071     1.36153  0.00863827
        5813    0.898427     1.36145  0.00863715
        5814    0.886126     1.36137  0.00863605
        5815    0.875915     1.36128  0.00863497
        5816    0.868047      1.3612   0.0086339
        5817    0.861311     1.36111  0.00863284
        5818    0.856161     1.36103   0.0086318
        5819    0.853288     1.36094  0.00863075
        5820    0.853121     1.36085  0.00862971
        5821    0.854394     1.36076  0.00862867
        5822    0.856563     1.36068  0.00862762
        5823    0.860273     1.36059  0.00862657
        5824    0.865924     1.36051   0.0086255
        5825    0.872707     1.36042  0.00862443
        5826    0.881011     1.36034  0.00862334
        5827    0.890018     1.36026  0.00862224
        5828    0.899878     1.36018  0.00862112
        5829    0.911702      1.3601  0.00861999
        5830    0.924433     1.36003  0.00861883
        5831    0.937742     1.35996  0.00861766
        5832     0.95178     1.35989  0.00861646
        5833    0.966224     1.35982  0.00861525
        5834    0.980515     1.35975  0.00861402
        5835    0.996264     1.35969  0.00861277
        5836     1.01268     1.35963   0.0086115
        5837       1.028     1.35958  0.00861021
        5838     1.04412     1.35952  0.00860891
        5839     1.06098     1.35947  0.00860758
        5840     1.07854     1.35942  0.00860624
        5841     1.09602     1.35938  0.00860489
        5842     1.11341     1.35934  0.00860352
        5843     1.13067      1.3593  0.00860213
        5844     1.14826     1.35926  0.00860074
        5845     1.16591     1.35923  0.00859933
        5846     1.18337      1.3592  0.00859791
        5847     1.20158     1.35917  0.00859648
        5848     1.21884     1.35915  0.00859505
        5849     1.23683     1.35912   0.0085936
        5850     1.25457     1.35911  0.00859215
        5851     1.27229     1.35909   0.0085907
        5852     1.29022     1.35908  0.00858924
        5853      1.3081     1.35907  0.00858777
        5854      1.3252     1.35907  0.00858631
        5855     1.34151     1.35906  0.00858484
        5856     1.35941     1.35906  0.00858338
        5857     1.37649     1.35907  0.00858191
        5858     1.39442     1.35907  0.00858045
        5859     1.41124     1.35908  0.00857899
        5860     1.42864     1.35909  0.00857753
        5861      1.4449     1.35911  0.00857608
        5862     1.46171     1.35912  0.00857464
        5863     1.47854     1.35915   0.0085732
        5864     1.49467     1.35917  0.00857177
        5865     1.51078     1.35919  0.00857035
        5866     1.52567     1.35922  0.00856893
        5867     1.54123     1.35925  0.00856753
        5868     1.55576     1.35929  0.00856613
        5869     1.57045     1.35932  0.00856475
        5870     1.58454     1.35936  0.00856338
        5871     1.59874      1.3594  0.00856201
        5872     1.61182     1.35945  0.00856066
        5873     1.62473     1.35949  0.00855933
        5874     1.63744     1.35954    0.008558
        5875      1.6504     1.35959  0.00855669
        5876     1.66265     1.35964  0.00855539
        5877     1.67392     1.35969   0.0085541
        5878     1.68491     1.35975  0.00855282
        5879     1.69537      1.3598  0.00855156
        5880     1.70456     1.35986   0.0085503
        5881     1.71368     1.35992  0.00854906
        5882     1.72224     1.35999  0.00854783
        5883     1.73023     1.36005  0.00854661
        5884     1.73837     1.36011   0.0085454
        5885     1.74546     1.36018   0.0085442
        5886     1.75224     1.36024    0.008543
        5887     1.75822     1.36031  0.00854182
        5888     1.76342     1.36038  0.00854064
        5889     1.76811     1.36045  0.00853947
        5890     1.77205     1.36052  0.00853831
        5891     1.77623     1.36059  0.00853715
        5892       1.779     1.36066    0.008536
        5893     1.78181     1.36073  0.00853485
        5894     1.78374      1.3608   0.0085337
        5895      1.7853     1.36088  0.00853256
        5896     1.78651     1.36095  0.00853142
        5897     1.78812     1.36102  0.00853028
        5898     1.78945     1.36109  0.00852914
        5899     1.78978     1.36117  0.00852801
        5900     1.79011     1.36124  0.00852687
        5901     1.79166     1.36131  0.00852574
        5902     1.79227     1.36138   0.0085246
        5903     1.79245     1.36146  0.00852347
        5904     1.79173     1.36153  0.00852234
        5905      1.7913      1.3616  0.00852121
        5906     1.79045     1.36168  0.00852008
        5907     1.79013     1.36175  0.00851894
        5908     1.78915     1.36182  0.00851781
        5909     1.78748     1.36189  0.00851667
        5910     1.78585     1.36196  0.00851553
        5911     1.78376     1.36204  0.00851439
        5912     1.78215     1.36211  0.00851325
        5913     1.77908     1.36218   0.0085121
        5914     1.77597     1.36225  0.00851095
        5915      1.7733     1.36232  0.00850979
        5916     1.77033     1.36239  0.00850863
        5917     1.76681     1.36245  0.00850747
        5918      1.7632     1.36252   0.0085063
        5919     1.75927     1.36259  0.00850513
        5920     1.75524     1.36266  0.00850395
        5921     1.75066     1.36272  0.00850277
        5922     1.74481     1.36279  0.00850157
        5923     1.73963     1.36285  0.00850038
        5924     1.73369     1.36291  0.00849917
        5925     1.72825     1.36297  0.00849796
        5926     1.72188     1.36303  0.00849674
        5927     1.71511     1.36309  0.00849552
        5928     1.70848     1.36315  0.00849428
        5929     1.70202     1.36321  0.00849304
        5930     1.69581     1.36327   0.0084918
        5931     1.68964     1.36332  0.00849054
        5932     1.68407     1.36337  0.00848928
        5933      1.6782     1.36343  0.00848802
        5934     1.67232     1.36348  0.00848675
        5935     1.66675     1.36353  0.00848547
        5936     1.66153     1.36358  0.00848419
        5937     1.65721     1.36363  0.00848291
        5938     1.65359     1.36368  0.00848162
        5939     1.65025     1.36373  0.00848033
        5940     1.64701     1.36377  0.00847903
        5941     1.64461     1.36382  0.00847774
        5942     1.64285     1.36387  0.00847644
        5943     1.64178     1.36392  0.00847515
        5944     1.64166     1.36396  0.00847385
        5945     1.64251     1.36401  0.00847255
        5946     1.64412     1.36406  0.00847126
        5947     1.64649      1.3641  0.00846997
        5948     1.65012     1.36415  0.00846868
        5949     1.65334      1.3642   0.0084674
        5950     1.65685     1.36425  0.00846612
        5951     1.66138      1.3643  0.00846484
        5952     1.66691     1.36435  0.00846357
        5953     1.67344      1.3644  0.00846231
        5954      1.6807     1.36446  0.00846105
        5955     1.68914     1.36451  0.00845981
        5956     1.69778     1.36457  0.00845857
        5957     1.70634     1.36462  0.00845735
        5958     1.71622     1.36468  0.00845613
        5959     1.72617     1.36474  0.00845493
        5960     1.73735     1.36481  0.00845374
        5961     1.74971     1.36487  0.00845257
        5962     1.76125     1.36494  0.00845142
        5963     1.77337     1.36501  0.00845028
        5964      1.7843     1.36508  0.00844915
        5965     1.79736     1.36515  0.00844805
        5966     1.81079     1.36522  0.00844696
        5967     1.82402      1.3653   0.0084459
        5968     1.83627     1.36538  0.00844485
        5969     1.84843     1.36546  0.00844382
        5970      1.8609     1.36554  0.00844282
        5971     1.87337     1.36563  0.00844183
        5972     1.88553     1.36571  0.00844087
        5973     1.89706      1.3658  0.00843992
        5974     1.90839     1.36589    0.008439
        5975     1.91969     1.36599  0.00843809
        5976     1.92896     1.36608  0.00843721
        5977     1.93786     1.36618  0.00843634
        5978      1.9468     1.36627  0.00843549
        5979     1.95357     1.36637  0.00843465
        5980     1.96079     1.36647  0.00843382
        5981     1.96745     1.36657  0.00843301
        5982     1.97258     1.36667  0.00843221
        5983     1.97783     1.36678  0.00843142
        5984     1.98173     1.36688  0.00843064
        5985     1.98524     1.36698  0.00842986
        5986     1.98762     1.36709  0.00842909
        5987     1.98936     1.36719  0.00842832
        5988     1.99068     1.36729  0.00842756
        5989     1.99039      1.3674  0.00842679
        5990     1.98945      1.3675  0.00842603
        5991      1.9869      1.3676  0.00842525
        5992     1.98396     1.36771  0.00842448
        5993     1.97965     1.36781  0.00842369
        5994     1.97544     1.36791  0.00842289
        5995     1.96987     1.36801  0.00842209
        5996     1.96343     1.36811  0.00842127
        5997     1.95564     1.36821  0.00842043
        5998      1.9472     1.36831  0.00841958
        5999     1.93789      1.3684  0.00841871
        6000      1.9272     1.36849  0.00841783
        6001     1.91633     1.36858  0.00841692
        6002     1.90407     1.36867  0.00841599
        6003     1.89162     1.36876  0.00841504
        6004     1.87728     1.36885  0.00841406
        6005     1.86202     1.36893  0.00841306
        6006     1.84657     1.36901  0.00841204
        6007     1.83021     1.36908  0.00841099
        6008     1.81296     1.36916  0.00840991
        6009     1.79462     1.36923  0.00840881
        6010     1.77499      1.3693  0.00840768
        6011      1.7546     1.36936  0.00840653
        6012     1.73498     1.36942  0.00840535
        6013     1.71378     1.36948  0.00840415
        6014     1.69255     1.36953  0.00840292
        6015     1.67067     1.36958  0.00840167
        6016     1.64874     1.36963   0.0084004
        6017     1.62663     1.36967  0.00839912
        6018     1.60399     1.36971  0.00839781
        6019     1.58191     1.36975  0.00839649
        6020     1.55931     1.36978  0.00839516
        6021     1.53777      1.3698  0.00839381
        6022     1.51644     1.36983  0.00839245
        6023     1.49546     1.36985  0.00839108
        6024     1.47494     1.36987  0.00838971
        6025     1.45497     1.36988  0.00838833
        6026     1.43566     1.36989  0.00838694
        6027      1.4183      1.3699  0.00838555
        6028     1.40151     1.36991  0.00838416
        6029     1.38705     1.36991  0.00838277
        6030     1.37305     1.36991  0.00838138
        6031     1.36002     1.36991  0.00837999
        6032     1.34848      1.3699  0.00837861
        6033     1.33797      1.3699  0.00837722
        6034     1.32898     1.36989  0.00837583
        6035     1.32056     1.36988  0.00837445
        6036     1.31389     1.36987  0.00837307
        6037     1.30799     1.36986  0.00837169
        6038     1.30478     1.36985  0.00837031
        6039     1.30156     1.36984  0.00836893
        6040     1.29998     1.36983  0.00836755
        6041      1.2988     1.36982  0.00836617
        6042     1.29916     1.36981   0.0083648
        6043     1.30077      1.3698  0.00836342
        6044     1.30309     1.36978  0.00836204
        6045     1.30605     1.36977  0.00836067
        6046     1.31006     1.36976  0.00835929
        6047     1.31481     1.36976  0.00835791
        6048     1.31951     1.36975  0.00835653
        6049     1.32575     1.36974  0.00835516
        6050     1.33202     1.36973  0.00835378
        6051     1.33871     1.36973   0.0083524
        6052     1.34645     1.36972  0.00835102
        6053     1.35442     1.36972  0.00834964
        6054     1.36182     1.36972  0.00834826
        6055     1.36901     1.36972  0.00834688
        6056     1.37639     1.36972   0.0083455
        6057     1.38314     1.36972  0.00834413
        6058     1.39059     1.36973  0.00834275
        6059     1.39721     1.36973  0.00834137
        6060     1.40336     1.36974     0.00834
        6061     1.40896     1.36974  0.00833863
        6062     1.41438     1.36975  0.00833725
        6063     1.42025     1.36976  0.00833588
        6064     1.42264     1.36977  0.00833451
        6065     1.42531     1.36978  0.00833314
        6066     1.42628     1.36979  0.00833178
        6067     1.42692      1.3698  0.00833041
        6068     1.42646     1.36981  0.00832904
        6069     1.42536     1.36981  0.00832767
        6070     1.42261     1.36982   0.0083263
        6071     1.41846     1.36983  0.00832494
        6072     1.41363     1.36984  0.00832357
        6073     1.40717     1.36984   0.0083222
        6074     1.39959     1.36985  0.00832083
        6075     1.39046     1.36985  0.00831946
        6076     1.38102     1.36985  0.00831809
        6077     1.37085     1.36986  0.00831673
        6078     1.36002     1.36985  0.00831536
        6079     1.34787     1.36985  0.00831399
        6080     1.33545     1.36984  0.00831262
        6081     1.32235     1.36984  0.00831126
        6082     1.30769     1.36983   0.0083099
        6083     1.29323     1.36981  0.00830854
        6084     1.27833      1.3698  0.00830719
        6085     1.26332     1.36978  0.00830585
        6086      1.2473     1.36976  0.00830451
        6087     1.23083     1.36974  0.00830317
        6088     1.21542     1.36971  0.00830185
        6089     1.19923     1.36968  0.00830053
        6090     1.18328     1.36965  0.00829922
        6091     1.16788     1.36962  0.00829793
        6092     1.15188     1.36959  0.00829664
        6093     1.13463     1.36955  0.00829537
        6094     1.11906     1.36951  0.00829411
        6095     1.10379     1.36946  0.00829287
        6096     1.08959     1.36942  0.00829163
        6097     1.07555     1.36937  0.00829041
        6098     1.06124     1.36932  0.00828921
        6099     1.04646     1.36926  0.00828802
        6100      1.0339     1.36921  0.00828684
        6101     1.02168     1.36915  0.00828568
        6102     1.00959     1.36909  0.00828453
        6103    0.998391     1.36903  0.00828339
        6104     0.98787     1.36897  0.00828227
        6105    0.977332     1.36891  0.00828116
        6106    0.968241     1.36884  0.00828007
        6107    0.959896     1.36877  0.00827898
        6108    0.952307     1.36871  0.00827791
        6109    0.944994     1.36864  0.00827684
        6110    0.938448     1.36857  0.00827579
        6111    0.933626     1.36849  0.00827474
        6112    0.928591     1.36842   0.0082737
        6113     0.92478     1.36835  0.00827266
        6114    0.921686     1.36828  0.00827163
        6115    0.919042      1.3682  0.00827061
        6116    0.916573     1.36813  0.00826959
        6117    0.915445     1.36806  0.00826856
        6118    0.915374     1.36798  0.00826754
        6119    0.915348     1.36791  0.00826652
        6120    0.915794     1.36783   0.0082655
        6121    0.916172     1.36776  0.00826448
        6122    0.917387     1.36769  0.00826346
        6123     0.91817     1.36761  0.00826244
        6124    0.920141     1.36754  0.00826141
        6125    0.921546     1.36747  0.00826038
        6126    0.924005     1.36739  0.00825935
        6127    0.926243     1.36732  0.00825832
        6128    0.928439     1.36725  0.00825728
        6129    0.931012     1.36718  0.00825624
        6130    0.933424     1.36711   0.0082552
        6131    0.934658     1.36704  0.00825415
        6132    0.934903     1.36697  0.00825311
        6133    0.935805      1.3669  0.00825206
        6134     0.93588     1.36683  0.00825101
        6135    0.936062     1.36676  0.00824997
        6136    0.935125     1.36669  0.00824892
        6137    0.933294     1.36662  0.00824788
        6138    0.932488     1.36655  0.00824684
        6139     0.93126     1.36647   0.0082458
        6140    0.929614      1.3664  0.00824477
        6141    0.927798     1.36633  0.00824373
        6142    0.925348     1.36626   0.0082427
        6143    0.921319     1.36619  0.00824168
        6144    0.917657     1.36611  0.00824066
        6145    0.914867     1.36604  0.00823965
        6146    0.910565     1.36597  0.00823864
        6147    0.906706     1.36589  0.00823764
        6148    0.901628     1.36582  0.00823664
        6149     0.89729     1.36574  0.00823566
        6150    0.892276     1.36566  0.00823468
        6151    0.887098     1.36559  0.00823371
        6152    0.880819     1.36551  0.00823275
        6153    0.874914     1.36543  0.00823179
        6154     0.86941     1.36535  0.00823085
        6155    0.864092     1.36527  0.00822992
        6156    0.858271     1.36518  0.00822899
        6157    0.852455      1.3651  0.00822808
        6158     0.84643     1.36502  0.00822717
        6159    0.841426     1.36493  0.00822627
        6160    0.835063     1.36484  0.00822539
        6161    0.829774     1.36476  0.00822451
        6162    0.824863     1.36467  0.00822364
        6163    0.820842     1.36458  0.00822278
        6164    0.814849     1.36449  0.00822193
        6165    0.810765      1.3644  0.00822109
        6166    0.806688     1.36431  0.00822025
        6167    0.802646     1.36422  0.00821943
        6168    0.799144     1.36413   0.0082186
        6169     0.79549     1.36404  0.00821779
        6170    0.792675     1.36395  0.00821698
        6171    0.790483     1.36385  0.00821617
        6172    0.787975     1.36376  0.00821537
        6173    0.786383     1.36367  0.00821457
        6174    0.785735     1.36357  0.00821377
        6175    0.785097     1.36348  0.00821298
        6176    0.784015     1.36338  0.00821218
        6177    0.784202     1.36329  0.00821139
        6178     0.78496      1.3632   0.0082106
        6179    0.785593      1.3631   0.0082098
        6180    0.787809     1.36301    0.008209
        6181    0.790667     1.36292  0.00820819
        6182    0.793706     1.36283  0.00820738
        6183    0.797909     1.36273  0.00820656
        6184    0.801845     1.36264  0.00820574
        6185    0.807214     1.36255   0.0082049
        6186    0.813779     1.36246  0.00820405
        6187    0.820338     1.36238   0.0082032
        6188    0.827617     1.36229  0.00820233
        6189    0.836088     1.36221  0.00820144
        6190    0.845259     1.36212  0.00820054
        6191     0.85487     1.36204  0.00819963
        6192    0.865381     1.36196  0.00819869
        6193    0.875325     1.36188  0.00819775
        6194    0.887076     1.36181  0.00819678
        6195    0.899637     1.36173   0.0081958
        6196    0.912012     1.36166   0.0081948
        6197    0.924156     1.36159  0.00819378
        6198    0.938195     1.36152  0.00819274
        6199    0.952878     1.36145  0.00819168
        6200    0.967682     1.36139  0.00819061
        6201      0.9816     1.36133  0.00818952
        6202     0.99651     1.36127  0.00818841
        6203     1.01141     1.36121  0.00818728
        6204     1.02674     1.36116  0.00818614
        6205     1.04343     1.36111  0.00818498
        6206     1.05902     1.36106  0.00818381
        6207     1.07518     1.36101  0.00818262
        6208      1.0909     1.36097  0.00818142
        6209     1.10736     1.36093   0.0081802
        6210     1.12285     1.36089  0.00817897
        6211     1.13904     1.36085  0.00817773
        6212      1.1554     1.36082  0.00817648
        6213     1.17073     1.36079  0.00817523
        6214     1.18619     1.36076  0.00817396
        6215     1.20154     1.36074  0.00817268
        6216     1.21745     1.36071   0.0081714
        6217     1.23271     1.36069  0.00817011
        6218     1.24801     1.36068  0.00816882
        6219     1.26259     1.36066  0.00816752
        6220     1.27667     1.36065  0.00816622
        6221     1.29115     1.36064  0.00816491
        6222     1.30479     1.36063  0.00816361
        6223     1.31827     1.36062   0.0081623
        6224     1.33105     1.36061  0.00816099
        6225     1.34355     1.36061  0.00815968
        6226     1.35572     1.36061  0.00815837
        6227     1.36677     1.36061  0.00815706
        6228     1.37615     1.36061  0.00815575
        6229     1.38596     1.36062  0.00815444
        6230     1.39423     1.36062  0.00815313
        6231      1.4021     1.36063  0.00815182
        6232     1.40901     1.36064  0.00815052
        6233     1.41494     1.36065  0.00814922
        6234     1.42009     1.36066  0.00814792
        6235     1.42393     1.36067  0.00814662
        6236     1.42622     1.36068  0.00814532
        6237     1.42717     1.36069  0.00814402
        6238     1.42704      1.3607  0.00814272
        6239     1.42632     1.36071  0.00814142
        6240      1.4248     1.36072  0.00814012
        6241     1.42178     1.36073  0.00813882
        6242     1.41805     1.36074  0.00813752
        6243     1.41341     1.36075  0.00813623
        6244     1.40793     1.36075  0.00813493
        6245     1.40168     1.36076  0.00813363
        6246     1.39473     1.36077  0.00813233
        6247     1.38718     1.36077  0.00813102
        6248     1.37982     1.36077  0.00812972
        6249     1.37154     1.36078  0.00812842
        6250     1.36267     1.36078  0.00812712
        6251     1.35424     1.36077  0.00812582
        6252     1.34515     1.36077  0.00812452
        6253     1.33619     1.36077  0.00812322
        6254     1.32671     1.36076  0.00812193
        6255     1.31823     1.36076  0.00812063
        6256     1.30937     1.36075  0.00811934
        6257     1.29995     1.36074  0.00811805
        6258     1.29146     1.36073  0.00811676
        6259     1.28275     1.36071  0.00811547
        6260     1.27482      1.3607  0.00811418
        6261     1.26699     1.36069   0.0081129
        6262     1.25929     1.36067  0.00811162
        6263     1.25246     1.36065  0.00811035
        6264     1.24627     1.36063  0.00810907
        6265     1.24027     1.36061   0.0081078
        6266     1.23422     1.36059  0.00810653
        6267     1.22909     1.36057  0.00810527
        6268     1.22464     1.36055    0.008104
        6269     1.22062     1.36053  0.00810274
        6270      1.2168     1.36051  0.00810148
        6271     1.21244     1.36048  0.00810022
        6272     1.20922     1.36046  0.00809897
        6273      1.2064     1.36043  0.00809771
        6274     1.20421     1.36041  0.00809646
        6275     1.20264     1.36038  0.00809521
        6276      1.2007     1.36036  0.00809396
        6277     1.19984     1.36033  0.00809271
        6278     1.19979     1.36031  0.00809146
        6279     1.19957     1.36028  0.00809021
        6280     1.19917     1.36026  0.00808897
        6281     1.19882     1.36023  0.00808772
        6282     1.19923     1.36021  0.00808647
        6283     1.19991     1.36018  0.00808522
        6284     1.20035     1.36015  0.00808398
        6285     1.20176     1.36013  0.00808273
        6286     1.20268      1.3601  0.00808148
        6287     1.20479     1.36008  0.00808024
        6288      1.2059     1.36005  0.00807899
        6289     1.20819     1.36003  0.00807774
        6290     1.20996     1.36001  0.00807649
        6291     1.21143     1.35998  0.00807524
        6292     1.21405     1.35996  0.00807399
        6293     1.21612     1.35994  0.00807274
        6294     1.21884     1.35991  0.00807149
        6295     1.22099     1.35989  0.00807024
        6296     1.22426     1.35987  0.00806898
        6297     1.22743     1.35985  0.00806773
        6298     1.23097     1.35983  0.00806648
        6299     1.23486     1.35981  0.00806522
        6300      1.2386     1.35979  0.00806396
        6301     1.24243     1.35977   0.0080627
        6302     1.24608     1.35975  0.00806144
        6303     1.24908     1.35974  0.00806018
        6304     1.25284     1.35972  0.00805892
        6305     1.25664      1.3597  0.00805766
        6306      1.2607     1.35969   0.0080564
        6307     1.26429     1.35967  0.00805514
        6308      1.2679     1.35966  0.00805387
        6309     1.27126     1.35964  0.00805261
        6310     1.27511     1.35963  0.00805134
        6311     1.27848     1.35962  0.00805008
        6312     1.28258     1.35961  0.00804881
        6313     1.28694     1.35959  0.00804755
        6314     1.29086     1.35958  0.00804628
        6315     1.29507     1.35957  0.00804501
        6316     1.29863     1.35956  0.00804374
        6317     1.30251     1.35955  0.00804247
        6318     1.30676     1.35955  0.00804121
        6319     1.31116     1.35954  0.00803994
        6320      1.3155     1.35953  0.00803867
        6321       1.321     1.35952   0.0080374
        6322     1.32578     1.35952  0.00803613
        6323     1.33082     1.35952  0.00803486
        6324     1.33567     1.35951  0.00803359
        6325     1.34108     1.35951  0.00803232
        6326     1.34754     1.35951  0.00803105
        6327     1.35413     1.35951  0.00802978
        6328     1.36108     1.35951  0.00802851
        6329     1.36866     1.35951  0.00802724
        6330     1.37591     1.35951  0.00802598
        6331     1.38379     1.35951  0.00802471
        6332     1.39205     1.35952  0.00802344
        6333     1.40094     1.35953  0.00802218
        6334     1.41042     1.35953  0.00802092
        6335     1.41977     1.35954  0.00801966
        6336     1.42969     1.35955   0.0080184
        6337     1.44016     1.35957  0.00801714
        6338     1.45115     1.35958  0.00801589
        6339     1.46167      1.3596  0.00801464
        6340      1.4729     1.35962   0.0080134
        6341     1.48433     1.35963  0.00801216
        6342     1.49571     1.35966  0.00801092
        6343     1.50746     1.35968  0.00800969
        6344     1.51814      1.3597  0.00800847
        6345      1.5306     1.35973  0.00800725
        6346     1.54145     1.35976  0.00800604
        6347     1.55379     1.35979  0.00800484
        6348     1.56545     1.35982  0.00800365
        6349     1.57735     1.35986  0.00800246
        6350       1.589     1.35989  0.00800128
        6351     1.60085     1.35993  0.00800011
        6352     1.61264     1.35997  0.00799895
        6353     1.62482     1.36001   0.0079978
        6354     1.63592     1.36006  0.00799666
        6355     1.64712      1.3601  0.00799553
        6356     1.65862     1.36015  0.00799441
        6357     1.66991      1.3602   0.0079933
        6358     1.68097     1.36025   0.0079922
        6359     1.69152      1.3603  0.00799111
        6360     1.70178     1.36035  0.00799004
        6361      1.7117     1.36041  0.00798897
        6362     1.72102     1.36047  0.00798792
        6363     1.72923     1.36052  0.00798687
        6364     1.73777     1.36058  0.00798584
        6365     1.74615     1.36064  0.00798481
        6366      1.7546      1.3607   0.0079838
        6367     1.76214     1.36077  0.00798279
        6368     1.76952     1.36083   0.0079818
        6369     1.77579      1.3609  0.00798081
        6370     1.78289     1.36096  0.00797983
        6371     1.78895     1.36103  0.00797886
        6372     1.79567      1.3611   0.0079779
        6373     1.80237     1.36117  0.00797695
        6374     1.80815     1.36124  0.00797601
        6375     1.81329     1.36131  0.00797507
        6376     1.81858     1.36138  0.00797414
        6377     1.82309     1.36145  0.00797322
        6378     1.82834     1.36153  0.00797231
        6379     1.83269      1.3616   0.0079714
        6380     1.83786     1.36168   0.0079705
        6381      1.8427     1.36175  0.00796961
        6382     1.84795     1.36183  0.00796872
        6383     1.85412      1.3619  0.00796785
        6384     1.85953     1.36198  0.00796698
        6385     1.86586     1.36206  0.00796612
        6386     1.87118     1.36214  0.00796527
        6387     1.87738     1.36222  0.00796444
        6388      1.8837      1.3623  0.00796361
        6389      1.8908     1.36239  0.00796279
        6390     1.89718     1.36247  0.00796198
        6391     1.90371     1.36255  0.00796119
        6392     1.91007     1.36264   0.0079604
        6393     1.91593     1.36273  0.00795963
        6394     1.92141     1.36281  0.00795886
        6395     1.92714      1.3629  0.00795811
        6396     1.93277     1.36299  0.00795736
        6397     1.93675     1.36308  0.00795662
        6398     1.93925     1.36317  0.00795589
        6399     1.94114     1.36326  0.00795516
        6400     1.94307     1.36335  0.00795443
        6401     1.94355     1.36344  0.00795371
        6402     1.94327     1.36353  0.00795298
        6403     1.94173     1.36362  0.00795225
        6404     1.94039     1.36371  0.00795152
        6405     1.93759      1.3638  0.00795078
        6406     1.93267     1.36389  0.00795004
        6407     1.92761     1.36398  0.00794928
        6408     1.92082     1.36407  0.00794852
        6409      1.9141     1.36415  0.00794774
        6410     1.90707     1.36424  0.00794695
        6411      1.8994     1.36432  0.00794615
        6412     1.89047      1.3644  0.00794533
        6413     1.88213     1.36448  0.00794451
        6414      1.8745     1.36456  0.00794367
        6415     1.86627     1.36464  0.00794281
        6416     1.85877     1.36472  0.00794195
        6417     1.85189     1.36479  0.00794107
        6418     1.84523     1.36487  0.00794019
        6419      1.8389     1.36494  0.00793929
        6420     1.83273     1.36502  0.00793839
        6421     1.82773     1.36509  0.00793748
        6422     1.82348     1.36516  0.00793657
        6423     1.81977     1.36523  0.00793565
        6424     1.81709      1.3653  0.00793472
        6425      1.8147     1.36537   0.0079338
        6426     1.81427     1.36544  0.00793287
        6427     1.81385     1.36551  0.00793194
        6428     1.81387     1.36558  0.00793102
        6429     1.81474     1.36565  0.00793009
        6430      1.8164     1.36572  0.00792917
        6431     1.81733     1.36579  0.00792824
        6432     1.81959     1.36586  0.00792733
        6433     1.82262     1.36593  0.00792641
        6434     1.82511       1.366   0.0079255
        6435     1.82816     1.36607  0.00792459
        6436     1.83141     1.36615  0.00792369
        6437     1.83382     1.36622  0.00792279
        6438     1.83621     1.36629   0.0079219
        6439     1.83875     1.36637  0.00792101
        6440     1.84083     1.36644  0.00792012
        6441     1.84211     1.36651  0.00791924
        6442     1.84275     1.36659  0.00791835
        6443     1.84218     1.36666  0.00791747
        6444     1.84104     1.36673  0.00791658
        6445     1.83853     1.36681  0.00791569
        6446      1.8358     1.36688   0.0079148
        6447     1.83157     1.36695   0.0079139
        6448     1.82581     1.36702  0.00791299
        6449     1.82041     1.36709  0.00791208
        6450      1.8134     1.36716  0.00791115
        6451     1.80526     1.36723  0.00791022
        6452      1.7967      1.3673  0.00790927
        6453     1.78531     1.36736  0.00790831
        6454     1.77255     1.36743  0.00790734
        6455     1.75916     1.36749  0.00790634
        6456     1.74469     1.36754  0.00790533
        6457     1.73015      1.3676  0.00790431
        6458     1.71389     1.36765  0.00790327
        6459     1.69718      1.3677  0.00790221
        6460     1.67887     1.36775  0.00790113
        6461     1.66024      1.3678  0.00790004
        6462     1.63992     1.36784  0.00789893
        6463     1.61944     1.36788   0.0078978
        6464      1.5991     1.36792  0.00789666
        6465     1.57902     1.36795  0.00789551
        6466     1.55758     1.36798  0.00789434
        6467     1.53584       1.368  0.00789316
        6468     1.51438     1.36803  0.00789197
        6469     1.49305     1.36805  0.00789078
        6470     1.47049     1.36806  0.00788957
        6471     1.44776     1.36807  0.00788837
        6472     1.42495     1.36808  0.00788715
        6473     1.40335     1.36809  0.00788593
        6474      1.3816     1.36809  0.00788472
        6475     1.36123     1.36809   0.0078835
        6476     1.34111     1.36808  0.00788228
        6477     1.32158     1.36808  0.00788107
        6478     1.30245     1.36807  0.00787986
        6479     1.28428     1.36805  0.00787865
        6480     1.26642     1.36804  0.00787745
        6481      1.2494     1.36802  0.00787626
        6482     1.23375       1.368  0.00787507
        6483     1.22026     1.36798  0.00787389
        6484     1.20632     1.36795  0.00787271
        6485     1.19198     1.36792  0.00787155
        6486     1.18064      1.3679  0.00787039
        6487     1.16969     1.36787  0.00786923
        6488     1.16011     1.36783  0.00786809
        6489     1.15242      1.3678  0.00786694
        6490     1.14543     1.36777  0.00786581
        6491     1.13914     1.36773  0.00786467
        6492      1.1343     1.36769  0.00786354
        6493     1.13018     1.36766  0.00786242
        6494      1.1275     1.36762  0.00786129
        6495     1.12602     1.36758  0.00786017
        6496     1.12574     1.36755  0.00785905
        6497     1.12687     1.36751  0.00785793
        6498      1.1294     1.36747   0.0078568
        6499     1.13284     1.36744  0.00785568
        6500     1.13764      1.3674  0.00785455
        6501     1.14379     1.36737  0.00785341
        6502     1.15076     1.36733  0.00785228
        6503     1.15853      1.3673  0.00785114
        6504     1.16732     1.36727  0.00784999
        6505     1.17684     1.36724  0.00784884
        6506     1.18683     1.36721  0.00784768
        6507     1.19845     1.36719  0.00784652
        6508     1.21118     1.36716  0.00784535
        6509     1.22426     1.36714  0.00784417
        6510     1.23766     1.36712  0.00784299
        6511      1.2518      1.3671  0.00784181
        6512     1.26762     1.36709  0.00784062
        6513      1.2841     1.36708  0.00783943
        6514     1.30049     1.36707  0.00783823
        6515     1.31771     1.36706  0.00783703
        6516     1.33643     1.36705  0.00783583
        6517     1.35421     1.36705  0.00783463
        6518     1.37389     1.36705  0.00783342
        6519     1.39325     1.36706  0.00783222
        6520       1.413     1.36706  0.00783103
        6521     1.43283     1.36707  0.00782983
        6522     1.45296     1.36709  0.00782864
        6523     1.47358      1.3671  0.00782746
        6524     1.49395     1.36712  0.00782628
        6525     1.51451     1.36715  0.00782512
        6526     1.53569     1.36717  0.00782396
        6527     1.55725      1.3672  0.00782281
        6528     1.57817     1.36723  0.00782168
        6529     1.59941     1.36727  0.00782057
        6530     1.61996     1.36731  0.00781946
        6531      1.6415     1.36735  0.00781838
        6532     1.66328     1.36739  0.00781731
        6533     1.68456     1.36744  0.00781627
        6534     1.70581     1.36749  0.00781524
        6535      1.7275     1.36755  0.00781424
        6536     1.74912     1.36761  0.00781326
        6537     1.76921     1.36767  0.00781231
        6538     1.79066     1.36773  0.00781138
        6539     1.81152      1.3678  0.00781048
        6540     1.83226     1.36787  0.00780961
        6541     1.85261     1.36795  0.00780877
        6542     1.87353     1.36802  0.00780796
        6543     1.89403      1.3681  0.00780718
        6544     1.91431     1.36819  0.00780643
        6545     1.93483     1.36827  0.00780572
        6546     1.95508     1.36836  0.00780504
        6547     1.97453     1.36846   0.0078044
        6548     1.99337     1.36855  0.00780379
        6549     2.01132     1.36865  0.00780322
        6550     2.02928     1.36875  0.00780268
        6551     2.04671     1.36886  0.00780217
        6552     2.06403     1.36896   0.0078017
        6553     2.07996     1.36907  0.00780127
        6554     2.09539     1.36918  0.00780086
        6555     2.11122     1.36929  0.00780049
        6556     2.12544     1.36941  0.00780016
        6557     2.13845     1.36953  0.00779985
        6558     2.15089     1.36965  0.00779957
        6559     2.16221     1.36977  0.00779932
        6560     2.17161     1.36989  0.00779909
        6561      2.1807     1.37001  0.00779888
        6562     2.18725     1.37014  0.00779868
        6563     2.19361     1.37026   0.0077985
        6564     2.19827     1.37039  0.00779833
        6565      2.2012     1.37051  0.00779817
        6566     2.20211     1.37064  0.00779801
        6567     2.20195     1.37077  0.00779785
        6568     2.19996     1.37089  0.00779769
        6569     2.19664     1.37102  0.00779752
        6570     2.19173     1.37114  0.00779733
        6571     2.18549     1.37127  0.00779713
        6572     2.17723     1.37139   0.0077969
        6573     2.16771     1.37151  0.00779666
        6574     2.15672     1.37163  0.00779639
        6575     2.14336     1.37175  0.00779609
        6576     2.12936     1.37186  0.00779575
        6577      2.1136     1.37198  0.00779538
        6578     2.09614     1.37209  0.00779497
        6579     2.07873     1.37219  0.00779453
        6580     2.05953      1.3723  0.00779405
        6581     2.04104      1.3724  0.00779352
        6582     2.02044      1.3725  0.00779296
        6583      1.9983     1.37259  0.00779236
        6584     1.97638     1.37269  0.00779171
        6585     1.95334     1.37277  0.00779103
        6586     1.93021     1.37286  0.00779031
        6587     1.90658     1.37294  0.00778954
        6588     1.88279     1.37302  0.00778875
        6589     1.85866     1.37309  0.00778791
        6590     1.83402     1.37316  0.00778705
        6591     1.80942     1.37323  0.00778615
        6592     1.78444     1.37329  0.00778521
        6593     1.75939     1.37335  0.00778425
        6594     1.73359      1.3734  0.00778326
        6595     1.70782     1.37345  0.00778225
        6596     1.68238      1.3735  0.00778121
        6597     1.65705     1.37354  0.00778015
        6598     1.63212     1.37358  0.00777907
        6599     1.60788     1.37362  0.00777797
        6600     1.58361     1.37365  0.00777686
        6601     1.55888     1.37368  0.00777573
        6602     1.53515      1.3737  0.00777459
        6603     1.51075     1.37372  0.00777344
        6604     1.48715     1.37374  0.00777228
        6605     1.46315     1.37375  0.00777112
        6606     1.44071     1.37376  0.00776995
        6607     1.41742     1.37377  0.00776878
        6608     1.39594     1.37377   0.0077676
        6609     1.37388     1.37377  0.00776643
        6610     1.35173     1.37377  0.00776525
        6611     1.33118     1.37376  0.00776408
        6612     1.31033     1.37375  0.00776291
        6613     1.29016     1.37374  0.00776175
        6614     1.27019     1.37373  0.00776059
        6615     1.25093     1.37371  0.00775944
        6616     1.23289     1.37369  0.00775829
        6617     1.21441     1.37366  0.00775716
        6618     1.19624     1.37364  0.00775603
        6619     1.17915     1.37361  0.00775492
        6620     1.16317     1.37357  0.00775381
        6621     1.14715     1.37354  0.00775272
        6622     1.13258      1.3735  0.00775163
        6623     1.11807     1.37347  0.00775056
        6624      1.1039     1.37342  0.00774949
        6625     1.09135     1.37338  0.00774844
        6626     1.07998     1.37334   0.0077474
        6627     1.06961     1.37329  0.00774636
        6628     1.06101     1.37324  0.00774534
        6629     1.05255      1.3732  0.00774432
        6630     1.04572     1.37315  0.00774331
        6631      1.0408      1.3731   0.0077423
        6632     1.03663     1.37305   0.0077413
        6633     1.03322     1.37299  0.00774031
        6634     1.03059     1.37294  0.00773931
        6635     1.02972     1.37289  0.00773832
        6636     1.03037     1.37284  0.00773732
        6637     1.03155     1.37279  0.00773633
        6638     1.03398     1.37274  0.00773533
        6639      1.0388     1.37269  0.00773433
        6640     1.04408     1.37264  0.00773332
        6641     1.05071     1.37259  0.00773231
        6642     1.05743     1.37254  0.00773129
        6643     1.06637      1.3725  0.00773027
        6644     1.07527     1.37245  0.00772923
        6645     1.08551     1.37241  0.00772819
        6646     1.09702     1.37237  0.00772714
        6647     1.10925     1.37233  0.00772608
        6648     1.12212     1.37229  0.00772501
        6649     1.13533     1.37225  0.00772393
        6650     1.14928     1.37222  0.00772284
        6651     1.16367     1.37219  0.00772174
        6652     1.17796     1.37216  0.00772063
        6653     1.19257     1.37213  0.00771952
        6654     1.20769     1.37211   0.0077184
        6655     1.22303     1.37209  0.00771727
        6656     1.23829     1.37207  0.00771614
        6657     1.25415     1.37205    0.007715
        6658     1.27007     1.37203  0.00771386
        6659     1.28577     1.37202  0.00771271
        6660     1.30143     1.37201  0.00771156
        6661     1.31604       1.372  0.00771041
        6662     1.33074     1.37199  0.00770925
        6663     1.34547     1.37199   0.0077081
        6664     1.35993     1.37199  0.00770694
        6665     1.37453     1.37199  0.00770578
        6666     1.38774     1.37199  0.00770463
        6667     1.40143       1.372  0.00770347
        6668     1.41406       1.372  0.00770232
        6669     1.42604     1.37201  0.00770117
        6670     1.43802     1.37202  0.00770002
        6671     1.44848     1.37203  0.00769888
        6672     1.45807     1.37204  0.00769773
        6673     1.46696     1.37206  0.00769659
        6674     1.47462     1.37207  0.00769545
        6675     1.48172     1.37209  0.00769432
        6676      1.4875     1.37211  0.00769319
        6677     1.49266     1.37213  0.00769205
        6678     1.49622     1.37214  0.00769093
        6679     1.49866     1.37216   0.0076898
        6680     1.50001     1.37218  0.00768867
        6681     1.50123      1.3722  0.00768754
        6682      1.5007     1.37222  0.00768642
        6683     1.49844     1.37224  0.00768529
        6684     1.49573     1.37226  0.00768416
        6685     1.49165     1.37228  0.00768303
        6686     1.48725     1.37229   0.0076819
        6687     1.48137     1.37231  0.00768077
        6688     1.47555     1.37232  0.00767964
        6689     1.46912     1.37234   0.0076785
        6690     1.46192     1.37235  0.00767737
        6691     1.45496     1.37237  0.00767623
        6692      1.4471     1.37238  0.00767509
        6693     1.43911     1.37239  0.00767395
        6694     1.43032     1.37239  0.00767281
        6695     1.42173      1.3724  0.00767167
        6696     1.41361     1.37241  0.00767052
        6697     1.40454     1.37241  0.00766938
        6698     1.39528     1.37242  0.00766824
        6699     1.38584     1.37242  0.00766709
        6700     1.37649     1.37242  0.00766595
        6701     1.36556     1.37242   0.0076648
        6702     1.35571     1.37242  0.00766366
        6703       1.346     1.37241  0.00766252
        6704     1.33525     1.37241  0.00766138
        6705     1.32541      1.3724  0.00766024
        6706      1.3153     1.37239   0.0076591
        6707     1.30423     1.37238  0.00765797
        6708     1.29415     1.37237  0.00765683
        6709     1.28413     1.37236   0.0076557
        6710     1.27397     1.37234  0.00765458
        6711     1.26372     1.37232  0.00765345
        6712     1.25461     1.37231  0.00765233
        6713     1.24476     1.37229  0.00765122
        6714     1.23591     1.37227   0.0076501
        6715     1.22833     1.37225  0.00764899
        6716     1.21943     1.37222  0.00764789
        6717      1.2119      1.3722  0.00764679
        6718      1.2041     1.37217  0.00764569
        6719     1.19704     1.37215   0.0076446
        6720     1.19099     1.37212  0.00764351
        6721     1.18433     1.37209  0.00764242
        6722     1.17926     1.37207  0.00764134
        6723     1.17486     1.37204  0.00764026
        6724     1.17069     1.37201  0.00763918
        6725     1.16775     1.37198   0.0076381
        6726     1.16535     1.37194  0.00763703
        6727     1.16281     1.37191  0.00763596
        6728     1.16185     1.37188  0.00763489
        6729     1.16153     1.37185  0.00763382
        6730      1.1626     1.37182  0.00763275
        6731     1.16414     1.37179  0.00763167
        6732     1.16664     1.37176   0.0076306
        6733     1.16964     1.37173  0.00762953
        6734     1.17508      1.3717  0.00762845
        6735     1.18104     1.37167  0.00762737
        6736     1.18777     1.37164  0.00762629
        6737     1.19431     1.37162   0.0076252
        6738      1.2028     1.37159  0.00762411
        6739     1.21205     1.37157  0.00762301
        6740     1.22274     1.37155  0.00762192
        6741     1.23462     1.37153  0.00762081
        6742     1.24718     1.37151   0.0076197
        6743     1.26063     1.37149  0.00761859
        6744     1.27469     1.37148  0.00761747
        6745     1.29004     1.37147  0.00761636
        6746     1.30615     1.37146  0.00761523
        6747     1.32224     1.37145  0.00761411
        6748     1.33972     1.37144  0.00761298
        6749     1.35731     1.37144  0.00761185
        6750     1.37643     1.37144  0.00761072
        6751     1.39555     1.37145   0.0076096
        6752     1.41535     1.37145  0.00760847
        6753     1.43505     1.37146  0.00760735
        6754     1.45531     1.37147  0.00760624
        6755     1.47535     1.37149  0.00760513
        6756     1.49561     1.37151  0.00760402
        6757     1.51625     1.37153  0.00760293
        6758     1.53674     1.37155  0.00760184
        6759     1.55703     1.37158  0.00760077
        6760     1.57825     1.37161   0.0075997
        6761     1.59939     1.37165  0.00759865
        6762     1.61941     1.37168  0.00759762
        6763     1.64019     1.37172   0.0075966
        6764     1.66021     1.37176   0.0075956
        6765     1.67966     1.37181  0.00759461
        6766     1.69942     1.37186  0.00759364
        6767     1.71751     1.37191  0.00759269
        6768     1.73627     1.37196  0.00759176
        6769     1.75443     1.37202  0.00759085
        6770      1.7707     1.37208  0.00758996
        6771     1.78719     1.37214  0.00758908
        6772     1.80287      1.3722  0.00758823
        6773     1.81768     1.37227  0.00758739
        6774     1.83251     1.37234  0.00758658
        6775     1.84537     1.37241  0.00758578
        6776     1.85743     1.37248    0.007585
        6777     1.86791     1.37255  0.00758423
        6778     1.87628     1.37263  0.00758348
        6779     1.88467      1.3727  0.00758273
        6780      1.8909     1.37278    0.007582
        6781      1.8971     1.37286  0.00758128
        6782     1.90207     1.37293  0.00758056
        6783     1.90556     1.37301  0.00757985
        6784     1.90783     1.37309  0.00757914
        6785     1.90913     1.37317  0.00757844
        6786     1.90901     1.37325  0.00757773
        6787     1.90703     1.37333  0.00757702
        6788     1.90444     1.37341  0.00757631
        6789      1.9008     1.37348  0.00757559
        6790     1.89643     1.37356  0.00757487
        6791     1.89091     1.37364  0.00757414
        6792     1.88359     1.37371  0.00757339
        6793     1.87672     1.37379  0.00757264
        6794      1.8687     1.37386  0.00757188
        6795     1.86056     1.37393   0.0075711
        6796     1.85145       1.374  0.00757031
        6797     1.84191     1.37407  0.00756951
        6798     1.83228     1.37414   0.0075687
        6799     1.82215      1.3742  0.00756787
        6800     1.81279     1.37427  0.00756703
        6801     1.80235     1.37433  0.00756618
        6802     1.79258     1.37439  0.00756532
        6803      1.7816     1.37445  0.00756444
        6804     1.77139     1.37451  0.00756356
        6805     1.76031     1.37457  0.00756266
        6806      1.7503     1.37462  0.00756175
        6807     1.73994     1.37468  0.00756083
        6808     1.73069     1.37473   0.0075599
        6809     1.72135     1.37478  0.00755896
        6810     1.71168     1.37483  0.00755801
        6811     1.70262     1.37488  0.00755706
        6812     1.69417     1.37492  0.00755609
        6813     1.68483     1.37497  0.00755512
        6814     1.67604     1.37501  0.00755414
        6815     1.66678     1.37506  0.00755315
        6816     1.65774      1.3751  0.00755216
        6817     1.64912     1.37514  0.00755116
        6818     1.64014     1.37518  0.00755015
        6819     1.63076     1.37521  0.00754914
        6820     1.62142     1.37525  0.00754812
        6821     1.61136     1.37528  0.00754709
        6822     1.60127     1.37532  0.00754605
        6823     1.59087     1.37535  0.00754501
        6824     1.57965     1.37538  0.00754397
        6825     1.56857     1.37541  0.00754292
        6826     1.55714     1.37543  0.00754186
        6827     1.54558     1.37546  0.00754079
        6828     1.53416     1.37548  0.00753973
        6829     1.52168      1.3755  0.00753865
        6830     1.50842     1.37552  0.00753757
        6831     1.49513     1.37554  0.00753649
        6832     1.48186     1.37556   0.0075354
        6833     1.46912     1.37557  0.00753431
        6834     1.45529     1.37558  0.00753322
        6835     1.44117     1.37559  0.00753212
        6836      1.4268      1.3756  0.00753103
        6837     1.41273      1.3756  0.00752993
        6838     1.39903     1.37561  0.00752883
        6839     1.38553     1.37561  0.00752773
        6840     1.37253     1.37561  0.00752662
        6841     1.35963     1.37561  0.00752552
        6842     1.34759      1.3756  0.00752443
        6843     1.33625      1.3756  0.00752333
        6844      1.3254     1.37559  0.00752223
        6845     1.31414     1.37558  0.00752114
        6846     1.30348     1.37557  0.00752005
        6847     1.29321     1.37556  0.00751896
        6848     1.28456     1.37554  0.00751787
        6849     1.27638     1.37553  0.00751679
        6850     1.26915     1.37551  0.00751571
        6851     1.26216      1.3755  0.00751463
        6852     1.25615     1.37548  0.00751355
        6853     1.25088     1.37546  0.00751248
        6854     1.24659     1.37544  0.00751141
        6855     1.24302     1.37542  0.00751033
        6856     1.23897      1.3754  0.00750927
        6857     1.23729     1.37538   0.0075082
        6858     1.23606     1.37536  0.00750713
        6859     1.23498     1.37534  0.00750606
        6860     1.23429     1.37532    0.007505
        6861     1.23442      1.3753  0.00750393
        6862     1.23437     1.37528  0.00750287
        6863     1.23556     1.37526   0.0075018
        6864     1.23793     1.37524  0.00750073
        6865     1.24025     1.37522  0.00749967
        6866     1.24319      1.3752   0.0074986
        6867     1.24623     1.37518  0.00749753
        6868     1.24957     1.37516  0.00749646
        6869     1.25244     1.37515  0.00749539
        6870     1.25625     1.37513  0.00749432
        6871     1.25976     1.37511  0.00749325
        6872     1.26364      1.3751  0.00749218
        6873     1.26836     1.37508   0.0074911
        6874     1.27172     1.37507  0.00749003
        6875     1.27536     1.37505  0.00748895
        6876        1.28     1.37504  0.00748788
        6877     1.28441     1.37502   0.0074868
        6878     1.28929     1.37501  0.00748572
        6879     1.29346       1.375  0.00748464
        6880     1.29833     1.37499  0.00748356
        6881     1.30151     1.37498  0.00748248
        6882     1.30588     1.37497   0.0074814
        6883     1.31026     1.37496  0.00748032
        6884     1.31466     1.37495  0.00747924
        6885     1.31861     1.37494  0.00747816
        6886     1.32285     1.37493  0.00747708
        6887     1.32739     1.37493  0.00747599
        6888     1.33178     1.37492  0.00747491
        6889       1.337     1.37492  0.00747383
        6890     1.34137     1.37491  0.00747274
        6891      1.3466     1.37491  0.00747166
        6892     1.35175      1.3749  0.00747058
        6893     1.35561      1.3749  0.00746949
        6894     1.36084      1.3749  0.00746841
        6895     1.36577      1.3749  0.00746733
        6896      1.3716      1.3749  0.00746624
        6897     1.37687      1.3749  0.00746516
        6898     1.38257      1.3749  0.00746408
        6899     1.38842      1.3749    0.007463
        6900     1.39418      1.3749  0.00746192
        6901     1.40056     1.37491  0.00746084
        6902     1.40705     1.37491  0.00745976
        6903      1.4134     1.37492  0.00745868
        6904     1.42053     1.37492   0.0074576
        6905     1.42794     1.37493  0.00745653
        6906     1.43487     1.37494  0.00745545
        6907     1.44202     1.37495  0.00745438
        6908     1.44861     1.37496  0.00745331
        6909     1.45485     1.37497  0.00745224
        6910     1.46119     1.37498  0.00745117
        6911      1.4678       1.375   0.0074501
        6912     1.47368     1.37501  0.00744904
        6913     1.47879     1.37503  0.00744798
        6914     1.48426     1.37504  0.00744692
        6915     1.48981     1.37506  0.00744586
        6916     1.49418     1.37508   0.0074448
        6917     1.49804     1.37509  0.00744375
        6918     1.50205     1.37511  0.00744269
        6919     1.50473     1.37513  0.00744164
        6920     1.50648     1.37515  0.00744059
        6921     1.50824     1.37517  0.00743954
        6922     1.50824     1.37519  0.00743849
        6923     1.50766     1.37521  0.00743744
        6924     1.50597     1.37523  0.00743639
        6925     1.50408     1.37525  0.00743534
        6926     1.50122     1.37526  0.00743429
        6927     1.49737     1.37528  0.00743323
        6928     1.49128      1.3753  0.00743218
        6929      1.4863     1.37531  0.00743112
        6930     1.47854     1.37533  0.00743007
        6931     1.47041     1.37534  0.00742901
        6932     1.45996     1.37535  0.00742795
        6933     1.44985     1.37537  0.00742688
        6934     1.43863     1.37537  0.00742582
        6935     1.42585     1.37538  0.00742475
        6936     1.41227     1.37539  0.00742368
        6937     1.39791     1.37539  0.00742261
        6938     1.38163     1.37539  0.00742154
        6939     1.36397     1.37539  0.00742047
        6940     1.34647     1.37539   0.0074194
        6941     1.32847     1.37538  0.00741834
        6942     1.30961     1.37537  0.00741728
        6943     1.28997     1.37536  0.00741622
        6944     1.27017     1.37534  0.00741517
        6945     1.25007     1.37532  0.00741412
        6946     1.22954      1.3753  0.00741308
        6947     1.20944     1.37528  0.00741205
        6948     1.18962     1.37525  0.00741104
        6949     1.16924     1.37522  0.00741003
        6950      1.1496     1.37519  0.00740903
        6951     1.12984     1.37516  0.00740805
        6952     1.11077     1.37512  0.00740708
        6953     1.09222     1.37508  0.00740613
        6954     1.07379     1.37503  0.00740519
        6955     1.05626     1.37499  0.00740427
        6956     1.03848     1.37494  0.00740336
        6957     1.02266     1.37489  0.00740247
        6958     1.00838     1.37484  0.00740159
        6959     0.99398     1.37478  0.00740073
        6960    0.980951     1.37472  0.00739989
        6961    0.967882     1.37467  0.00739905
        6962    0.955533     1.37461  0.00739824
        6963    0.945626     1.37454  0.00739743
        6964    0.935553     1.37448  0.00739664
        6965    0.927763     1.37442  0.00739585
        6966    0.920608     1.37435  0.00739508
        6967    0.914615     1.37429  0.00739431
        6968    0.910067     1.37422  0.00739355
        6969    0.906764     1.37415  0.00739279
        6970    0.904501     1.37408  0.00739204
        6971    0.903072     1.37402  0.00739129
        6972    0.903227     1.37395  0.00739054
        6973    0.905233     1.37388  0.00738978
        6974    0.908864     1.37382  0.00738902
        6975    0.912204     1.37375  0.00738826
        6976    0.917898     1.37368  0.00738749
        6977    0.924492     1.37362  0.00738671
        6978    0.934367     1.37356  0.00738592
        6979    0.944601      1.3735  0.00738512
        6980    0.955147     1.37344   0.0073843
        6981    0.967387     1.37338  0.00738348
        6982    0.980777     1.37332  0.00738263
        6983    0.995718     1.37327  0.00738177
        6984     1.01212     1.37322   0.0073809
        6985     1.02868     1.37317     0.00738
        6986     1.04649     1.37312   0.0073791
        6987     1.06522     1.37307  0.00737817
        6988     1.08353     1.37303  0.00737723
        6989     1.10252     1.37299  0.00737628
        6990     1.12326     1.37296  0.00737531
        6991     1.14276     1.37293  0.00737433
        6992     1.16258      1.3729  0.00737334
        6993     1.18191     1.37287  0.00737233
        6994      1.2016     1.37284  0.00737132
        6995     1.22155     1.37282   0.0073703
        6996     1.24048      1.3728  0.00736927
        6997     1.25806     1.37279  0.00736823
        6998     1.27592     1.37277  0.00736719
        6999     1.29305     1.37276  0.00736615
        7000     1.30986     1.37275   0.0073651
        7001      1.3256     1.37275  0.00736405
        7002     1.34169     1.37274    0.007363
        7003     1.35691     1.37274  0.00736195
        7004     1.37147     1.37274   0.0073609
        7005     1.38585     1.37274  0.00735985
        7006     1.39907     1.37275   0.0073588
        7007     1.41139     1.37275  0.00735775
        7008     1.42352     1.37276   0.0073567
        7009     1.43522     1.37277  0.00735566
        7010     1.44579     1.37278  0.00735462
        7011     1.45523     1.37279  0.00735358
        7012     1.46476      1.3728  0.00735254
        7013     1.47391     1.37282  0.00735151
        7014     1.48292     1.37283  0.00735048
        7015     1.49014     1.37285  0.00734945
        7016     1.49702     1.37287  0.00734842
        7017      1.5031     1.37289   0.0073474
        7018     1.51007      1.3729  0.00734638
        7019     1.51579     1.37293  0.00734536
        7020     1.52004     1.37295  0.00734434
        7021     1.52357     1.37297  0.00734333
        7022     1.52759     1.37299  0.00734231
        7023     1.53093     1.37301   0.0073413
        7024      1.5336     1.37303  0.00734029
        7025     1.53516     1.37306  0.00733929
        7026     1.53731     1.37308  0.00733828
        7027     1.53911      1.3731  0.00733727
        7028     1.54084     1.37313  0.00733627
        7029     1.54227     1.37315  0.00733526
        7030     1.54319     1.37318  0.00733426
        7031     1.54411      1.3732  0.00733326
        7032     1.54457     1.37323  0.00733225
        7033     1.54509     1.37325  0.00733125
        7034     1.54569     1.37327  0.00733025
        7035      1.5452      1.3733  0.00732925
        7036     1.54557     1.37332  0.00732825
        7037     1.54587     1.37335  0.00732725
        7038     1.54589     1.37337  0.00732625
        7039     1.54567      1.3734  0.00732525
        7040     1.54522     1.37342  0.00732425
        7041     1.54483     1.37345  0.00732325
        7042     1.54525     1.37347  0.00732225
        7043     1.54553     1.37349  0.00732125
        7044     1.54596     1.37352  0.00732025
        7045     1.54632     1.37354  0.00731925
        7046     1.54737     1.37357  0.00731826
        7047     1.54695     1.37359  0.00731726
        7048     1.54896     1.37362  0.00731626
        7049     1.55028     1.37364  0.00731527
        7050     1.55215     1.37367  0.00731427
        7051     1.55459     1.37369  0.00731328
        7052     1.55689     1.37372  0.00731229
        7053     1.55955     1.37375   0.0073113
        7054     1.56187     1.37377  0.00731031
        7055     1.56482      1.3738  0.00730933
        7056     1.56866     1.37383  0.00730834
        7057     1.57364     1.37386  0.00730736
        7058     1.57807     1.37388  0.00730639
        7059     1.58364     1.37391  0.00730541
        7060     1.58939     1.37395  0.00730444
        7061     1.59555     1.37398  0.00730347
        7062     1.60163     1.37401  0.00730251
        7063      1.6081     1.37404  0.00730155
        7064     1.61519     1.37408   0.0073006
        7065     1.62216     1.37411  0.00729965
        7066      1.6302     1.37415  0.00729871
        7067     1.63904     1.37418  0.00729777
        7068     1.64793     1.37422  0.00729684
        7069     1.65638     1.37426  0.00729592
        7070     1.66506      1.3743    0.007295
        7071     1.67373     1.37435  0.00729409
        7072     1.68258     1.37439  0.00729319
        7073     1.69232     1.37444   0.0072923
        7074      1.7022     1.37448  0.00729141
        7075     1.71218     1.37453  0.00729054
        7076     1.72176     1.37458  0.00728967
        7077     1.73092     1.37463  0.00728882
        7078     1.74084     1.37468  0.00728797
        7079       1.751     1.37473  0.00728714
        7080     1.76211     1.37479  0.00728631
        7081     1.77175     1.37484   0.0072855
        7082      1.7811      1.3749   0.0072847
        7083     1.79086     1.37496   0.0072839
        7084     1.80103     1.37502  0.00728312
        7085     1.81086     1.37508  0.00728236
        7086      1.8213     1.37515   0.0072816
        7087     1.83066     1.37521  0.00728086
        7088     1.83988     1.37528  0.00728013
        7089      1.8487     1.37534   0.0072794
        7090     1.85758     1.37541   0.0072787
        7091     1.86531     1.37548    0.007278
        7092     1.87377     1.37555  0.00727731
        7093      1.8815     1.37562  0.00727663
        7094      1.8892     1.37569  0.00727597
        7095     1.89706     1.37577  0.00727531
        7096     1.90456     1.37584  0.00727467
        7097     1.91092     1.37592  0.00727404
        7098     1.91682     1.37599  0.00727341
        7099     1.92244     1.37607  0.00727279
        7100     1.92745     1.37615  0.00727218
        7101     1.93181     1.37623  0.00727158
        7102     1.93589      1.3763  0.00727098
        7103     1.93867     1.37638  0.00727039
        7104     1.94029     1.37646   0.0072698
        7105     1.94164     1.37654  0.00726921
        7106     1.94144     1.37662  0.00726862
        7107     1.94032      1.3767  0.00726803
        7108     1.93846     1.37678  0.00726744
        7109     1.93507     1.37686  0.00726684
        7110     1.92985     1.37694  0.00726624
        7111     1.92325     1.37701  0.00726562
        7112     1.91524     1.37709  0.00726499
        7113     1.90606     1.37716  0.00726435
        7114       1.895     1.37724   0.0072637
        7115     1.88279     1.37731  0.00726302
        7116     1.86972     1.37738  0.00726233
        7117     1.85559     1.37744  0.00726162
        7118     1.83929     1.37751  0.00726089
        7119     1.82232     1.37757  0.00726014
        7120     1.80527     1.37763  0.00725937
        7121     1.78653     1.37769  0.00725858
        7122     1.76718     1.37774  0.00725776
        7123     1.74685      1.3778  0.00725693
        7124     1.72563     1.37784  0.00725608
        7125     1.70507     1.37789   0.0072552
        7126     1.68287     1.37793  0.00725431
        7127     1.65959     1.37797   0.0072534
        7128     1.63655     1.37801  0.00725247
        7129     1.61382     1.37804  0.00725153
        7130     1.59052     1.37807  0.00725058
        7131     1.56696      1.3781  0.00724961
        7132     1.54344     1.37812  0.00724863
        7133     1.52003     1.37814  0.00724764
        7134     1.49751     1.37816  0.00724664
        7135     1.47423     1.37817  0.00724564
        7136     1.45193     1.37818  0.00724463
        7137     1.42966     1.37819  0.00724362
        7138     1.40844     1.37819  0.00724261
        7139     1.38804     1.37819  0.00724159
        7140     1.36753     1.37819  0.00724058
        7141     1.34693     1.37819  0.00723957
        7142     1.32648     1.37818  0.00723856
        7143     1.30645     1.37817  0.00723755
        7144     1.28709     1.37816  0.00723655
        7145      1.2672     1.37814  0.00723555
        7146     1.24871     1.37812  0.00723456
        7147      1.2309      1.3781  0.00723358
        7148     1.21256     1.37808   0.0072326
        7149     1.19539     1.37806  0.00723164
        7150     1.17962     1.37803  0.00723068
        7151     1.16307       1.378  0.00722973
        7152     1.14767     1.37797  0.00722879
        7153      1.1327     1.37793  0.00722786
        7154     1.11814     1.37789  0.00722694
        7155     1.10351     1.37786  0.00722603
        7156     1.08928     1.37782  0.00722514
        7157     1.07473     1.37777  0.00722425
        7158     1.06202     1.37773  0.00722338
        7159     1.04849     1.37768  0.00722251
        7160     1.03583     1.37764  0.00722166
        7161     1.02307     1.37759  0.00722083
        7162     1.01189     1.37754     0.00722
        7163      1.0006     1.37748  0.00721918
        7164    0.990404     1.37743  0.00721838
        7165      0.9801     1.37737  0.00721758
        7166    0.970169     1.37732   0.0072168
        7167     0.95941     1.37726  0.00721603
        7168    0.949992      1.3772  0.00721527
        7169    0.939511     1.37714  0.00721452
        7170    0.930622     1.37708  0.00721378
        7171    0.922611     1.37701  0.00721305
        7172    0.914282     1.37695  0.00721234
        7173    0.906616     1.37688  0.00721163
        7174    0.899629     1.37682  0.00721093
        7175    0.892372     1.37675  0.00721024
        7176    0.886068     1.37668  0.00720956
        7177    0.880735     1.37661  0.00720889
        7178    0.875438     1.37654  0.00720822
        7179    0.870439     1.37647  0.00720756
        7180     0.86625      1.3764  0.00720691
        7181    0.862655     1.37633  0.00720626
        7182    0.859923     1.37626  0.00720561
        7183    0.857112     1.37618  0.00720497
        7184    0.855937     1.37611  0.00720433
        7185    0.855939     1.37604   0.0072037
        7186    0.855934     1.37597  0.00720306
        7187    0.856185     1.37589  0.00720242
        7188     0.85791     1.37582  0.00720178
        7189    0.860397     1.37575  0.00720113
        7190    0.863412     1.37568  0.00720048
        7191    0.867441     1.37561  0.00719983
        7192    0.871515     1.37554  0.00719917
        7193    0.876351     1.37547   0.0071985
        7194     0.88217      1.3754  0.00719783
        7195    0.888472     1.37533  0.00719715
        7196    0.895235     1.37527  0.00719645
        7197    0.902909      1.3752  0.00719575
        7198    0.910496     1.37514  0.00719504
        7199    0.919889     1.37507  0.00719432
        7200    0.929124     1.37501  0.00719359
        7201    0.939846     1.37495  0.00719284
        7202    0.949844     1.37489  0.00719209
        7203    0.961239     1.37483  0.00719132
        7204    0.973263     1.37478  0.00719054
        7205    0.984671     1.37472  0.00718974
        7206     0.99734     1.37467  0.00718894
        7207     1.01002     1.37462  0.00718812
        7208     1.02338     1.37457  0.00718728
        7209     1.03665     1.37452  0.00718644
        7210     1.04931     1.37448  0.00718558
        7211     1.06226     1.37444  0.00718472
        7212     1.07473     1.37439  0.00718384
        7213     1.08691     1.37435  0.00718296
        7214      1.0997     1.37432  0.00718206
        7215     1.11281     1.37428  0.00718116
        7216     1.12569     1.37425  0.00718025
        7217      1.1371     1.37421  0.00717933
        7218     1.14915     1.37418   0.0071784
        7219     1.16083     1.37415  0.00717747
        7220     1.17235     1.37412  0.00717653
        7221     1.18126      1.3741  0.00717558
        7222     1.19212     1.37407  0.00717463
        7223     1.20107     1.37405  0.00717368
        7224     1.21053     1.37403  0.00717272
        7225     1.21883       1.374  0.00717176
        7226     1.22672     1.37398   0.0071708
        7227     1.23449     1.37396  0.00716983
        7228     1.24193     1.37395  0.00716886
        7229     1.24935     1.37393  0.00716789
        7230     1.25681     1.37391  0.00716692
        7231     1.26318      1.3739  0.00716594
        7232     1.27046     1.37388  0.00716497
        7233     1.27752     1.37387  0.00716399
        7234     1.28561     1.37386  0.00716301
        7235     1.29312     1.37385  0.00716203
        7236     1.30106     1.37384  0.00716105
        7237     1.30853     1.37383  0.00716006
        7238     1.31628     1.37382  0.00715908
        7239     1.32435     1.37381  0.00715809
        7240      1.3318     1.37381   0.0071571
        7241     1.34129      1.3738  0.00715612
        7242     1.34969      1.3738  0.00715513
        7243      1.3599      1.3738  0.00715414
        7244     1.37072      1.3738  0.00715315
        7245      1.3814      1.3738  0.00715217
        7246     1.39192      1.3738  0.00715118
        7247     1.40228      1.3738   0.0071502
        7248     1.41412     1.37381  0.00714921
        7249     1.42644     1.37382  0.00714823
        7250     1.43825     1.37383  0.00714725
        7251     1.45096     1.37384  0.00714627
        7252     1.46211     1.37385   0.0071453
        7253     1.47503     1.37386  0.00714432
        7254     1.48678     1.37388  0.00714336
        7255     1.49971      1.3739  0.00714239
        7256     1.51111     1.37391  0.00714143
        7257     1.52334     1.37394  0.00714048
        7258     1.53511     1.37396  0.00713953
        7259     1.54614     1.37398  0.00713859
        7260     1.55683     1.37401  0.00713765
        7261     1.56784     1.37403  0.00713671
        7262     1.57741     1.37406  0.00713579
        7263      1.5874     1.37409  0.00713486
        7264      1.5968     1.37412  0.00713395
        7265     1.60481     1.37415  0.00713304
        7266     1.61235     1.37419  0.00713213
        7267      1.6196     1.37422  0.00713123
        7268     1.62606     1.37425  0.00713033
        7269     1.63143     1.37429  0.00712944
        7270     1.63618     1.37433  0.00712855
        7271     1.64028     1.37436  0.00712766
        7272     1.64276      1.3744  0.00712678
        7273     1.64433     1.37444  0.00712589
        7274     1.64572     1.37447  0.00712501
        7275     1.64574     1.37451  0.00712413
        7276     1.64487     1.37455  0.00712325
        7277     1.64289     1.37458  0.00712236
        7278     1.64056     1.37462  0.00712148
        7279     1.63741     1.37466  0.00712059
        7280     1.63251     1.37469   0.0071197
        7281     1.62781     1.37473  0.00711881
        7282     1.62264     1.37476  0.00711791
        7283     1.61629     1.37479  0.00711701
        7284     1.60929     1.37483  0.00711611
        7285     1.60192     1.37486   0.0071152
        7286     1.59348     1.37489  0.00711429
        7287     1.58523     1.37492  0.00711337
        7288     1.57573     1.37494  0.00711245
        7289     1.56625     1.37497  0.00711152
        7290     1.55681       1.375  0.00711059
        7291     1.54625     1.37502  0.00710965
        7292     1.53531     1.37504  0.00710871
        7293     1.52404     1.37506  0.00710776
        7294     1.51174     1.37508  0.00710681
        7295     1.50013      1.3751  0.00710586
        7296     1.48877     1.37511   0.0071049
        7297     1.47647     1.37513  0.00710394
        7298     1.46351     1.37514  0.00710298
        7299     1.45161     1.37515  0.00710202
        7300     1.43838     1.37516  0.00710105
        7301     1.42529     1.37517  0.00710008
        7302     1.41335     1.37517  0.00709911
        7303     1.39944     1.37517  0.00709814
        7304      1.3865     1.37518  0.00709717
        7305     1.37334     1.37518  0.00709619
        7306     1.36024     1.37517  0.00709522
        7307     1.34627     1.37517  0.00709425
        7308     1.33338     1.37516  0.00709328
        7309      1.3209     1.37516  0.00709232
        7310     1.30861     1.37515  0.00709135
        7311     1.29705     1.37514  0.00709039
        7312     1.28528     1.37512  0.00708943
        7313     1.27287     1.37511  0.00708848
        7314     1.26201     1.37509  0.00708752
        7315     1.25156     1.37508  0.00708658
        7316     1.24155     1.37506  0.00708563
        7317     1.23178     1.37504  0.00708469
        7318     1.22302     1.37502  0.00708375
        7319     1.21433       1.375  0.00708282
        7320     1.20599     1.37497  0.00708189
        7321     1.19876     1.37495  0.00708096
        7322     1.19219     1.37492  0.00708004
        7323     1.18629      1.3749  0.00707912
        7324     1.18085     1.37487   0.0070782
        7325     1.17683     1.37485  0.00707729
        7326     1.17234     1.37482  0.00707637
        7327     1.16834     1.37479  0.00707547
        7328     1.16578     1.37476  0.00707456
        7329     1.16418     1.37473  0.00707365
        7330      1.1633      1.3747  0.00707274
        7331     1.16312     1.37467  0.00707184
        7332     1.16386     1.37465  0.00707093
        7333     1.16452     1.37462  0.00707003
        7334     1.16605     1.37459  0.00706912
        7335     1.16794     1.37456  0.00706821
        7336      1.1711     1.37453   0.0070673
        7337     1.17455     1.37451  0.00706639
        7338     1.17849     1.37448  0.00706548
        7339     1.18287     1.37445  0.00706456
        7340     1.18742     1.37443  0.00706365
        7341     1.19281      1.3744  0.00706273
        7342     1.19853     1.37438  0.00706181
        7343     1.20405     1.37436  0.00706088
        7344     1.20911     1.37433  0.00705996
        7345     1.21486     1.37431  0.00705903
        7346     1.22105     1.37429   0.0070581
        7347     1.22787     1.37427  0.00705717
        7348     1.23291     1.37425  0.00705623
        7349     1.23975     1.37423   0.0070553
        7350     1.24621     1.37422  0.00705436
        7351     1.25252      1.3742  0.00705342
        7352      1.2594     1.37418  0.00705248
        7353     1.26638     1.37417  0.00705153
        7354     1.27346     1.37416  0.00705059
        7355     1.28089     1.37414  0.00704964
        7356     1.28749     1.37413  0.00704869
        7357     1.29545     1.37412  0.00704774
        7358     1.30359     1.37411  0.00704679
        7359     1.31146      1.3741  0.00704584
        7360     1.31957     1.37409  0.00704488
        7361     1.32844     1.37409  0.00704393
        7362     1.33668     1.37408  0.00704298
        7363     1.34649     1.37408  0.00704202
        7364      1.3567     1.37408  0.00704106
        7365     1.36688     1.37408  0.00704011
        7366     1.37777     1.37408  0.00703915
        7367     1.38846     1.37408   0.0070382
        7368     1.39945     1.37408  0.00703724
        7369     1.41197     1.37409  0.00703629
        7370     1.42484     1.37409  0.00703534
        7371      1.4371      1.3741  0.00703439
        7372     1.45091     1.37411  0.00703344
        7373     1.46556     1.37413   0.0070325
        7374     1.48006     1.37414  0.00703156
        7375     1.49511     1.37416  0.00703063
        7376     1.51165     1.37417   0.0070297
        7377     1.52793      1.3742  0.00702878
        7378      1.5456     1.37422  0.00702786
        7379     1.56316     1.37424  0.00702696
        7380     1.58053     1.37427  0.00702606
        7381     1.59743      1.3743  0.00702517
        7382      1.6152     1.37434   0.0070243
        7383      1.6333     1.37437  0.00702343
        7384     1.65212     1.37441  0.00702258
        7385     1.66965     1.37445  0.00702174
        7386     1.68776     1.37449  0.00702092
        7387      1.7049     1.37454  0.00702011
        7388     1.72195     1.37458  0.00701932
        7389     1.73763     1.37463  0.00701854
        7390     1.75402     1.37468  0.00701778
        7391     1.77031     1.37474  0.00701704
        7392     1.78521     1.37479  0.00701631
        7393     1.79936     1.37485  0.00701559
        7394     1.81338     1.37491  0.00701489
        7395     1.82551     1.37497  0.00701421
        7396     1.83782     1.37503  0.00701354
        7397     1.84662      1.3751  0.00701288
        7398     1.85615     1.37516  0.00701224
        7399     1.86416     1.37523   0.0070116
        7400     1.87107     1.37529  0.00701097
        7401     1.87631     1.37536  0.00701035
        7402     1.88007     1.37543  0.00700974
        7403     1.88229      1.3755  0.00700912
        7404     1.88246     1.37557  0.00700851
        7405     1.88176     1.37563   0.0070079
        7406     1.87968      1.3757  0.00700728
        7407     1.87552     1.37577  0.00700666
        7408     1.86881     1.37584  0.00700603
        7409     1.86128      1.3759  0.00700539
        7410     1.85274     1.37597  0.00700474
        7411      1.8423     1.37603  0.00700408
        7412     1.83075     1.37609   0.0070034
        7413     1.81797     1.37615  0.00700271
        7414     1.80381     1.37621  0.00700201
        7415     1.78886     1.37626  0.00700128
        7416     1.77324     1.37632  0.00700054
        7417     1.75588     1.37637  0.00699979
        7418     1.73809     1.37642  0.00699901
        7419     1.71953     1.37646  0.00699822
        7420     1.70054     1.37651  0.00699742
        7421      1.6822     1.37655  0.00699659
        7422      1.6639     1.37659  0.00699576
        7423     1.64476     1.37662  0.00699491
        7424      1.6268     1.37666  0.00699405
        7425     1.60791     1.37669  0.00699318
        7426     1.58889     1.37672  0.00699229
        7427     1.57098     1.37674   0.0069914
        7428     1.55205     1.37677   0.0069905
        7429     1.53381     1.37679  0.00698959
        7430     1.51531     1.37681  0.00698867
        7431     1.49727     1.37682  0.00698775
        7432     1.47991     1.37684  0.00698683
        7433     1.46274     1.37685  0.00698589
        7434     1.44573     1.37686  0.00698496
        7435     1.42956     1.37686  0.00698403
        7436     1.41203     1.37687  0.00698309
        7437     1.39431     1.37687  0.00698215
        7438     1.37682     1.37687  0.00698121
        7439     1.36026     1.37687  0.00698027
        7440     1.34291     1.37686  0.00697934
        7441     1.32545     1.37686   0.0069784
        7442     1.30762     1.37685  0.00697747
        7443     1.29012     1.37684  0.00697654
        7444     1.27173     1.37682  0.00697562
        7445     1.25342     1.37681   0.0069747
        7446     1.23545     1.37679  0.00697379
        7447     1.21662     1.37677  0.00697289
        7448     1.19816     1.37674  0.00697199
        7449     1.18012     1.37672  0.00697111
        7450     1.16159     1.37669  0.00697023
        7451      1.1431     1.37666  0.00696937
        7452     1.12447     1.37662  0.00696851
        7453     1.10648     1.37658  0.00696767
        7454     1.08874     1.37655  0.00696684
        7455     1.07108     1.37651  0.00696603
        7456     1.05452     1.37646  0.00696523
        7457      1.0377     1.37642  0.00696444
        7458     1.02069     1.37637  0.00696367
        7459       1.005     1.37632  0.00696292
        7460    0.990705     1.37627  0.00696218
        7461    0.977373     1.37621  0.00696145
        7462    0.963854     1.37616  0.00696073
        7463    0.951633      1.3761  0.00696003
        7464     0.94051     1.37604  0.00695935
        7465    0.930278     1.37598  0.00695867
        7466    0.920957     1.37592  0.00695801
        7467    0.911358     1.37586  0.00695735
        7468     0.90293      1.3758  0.00695671
        7469    0.895192     1.37573  0.00695607
        7470    0.890068     1.37567  0.00695545
        7471    0.884655      1.3756  0.00695483
        7472    0.879898     1.37554  0.00695421
        7473    0.876747     1.37547   0.0069536
        7474    0.873731      1.3754    0.006953
        7475    0.870819     1.37533  0.00695239
        7476    0.870147     1.37527  0.00695179
        7477    0.870252      1.3752  0.00695119
        7478    0.870867     1.37513  0.00695059
        7479     0.87244     1.37506  0.00694998
        7480    0.874462       1.375  0.00694938
        7481    0.876907     1.37493  0.00694877
        7482    0.880713     1.37487  0.00694815
        7483    0.884165      1.3748  0.00694753
        7484    0.889166     1.37473  0.00694691
        7485    0.894249     1.37467  0.00694628
        7486    0.899629     1.37461  0.00694564
        7487    0.905519     1.37454  0.00694499
        7488    0.911897     1.37448  0.00694434
        7489    0.918974     1.37442  0.00694368
        7490     0.92744     1.37436  0.00694301
        7491    0.935335      1.3743  0.00694233
        7492    0.943588     1.37425  0.00694164
        7493    0.951915     1.37419  0.00694094
        7494    0.960513     1.37413  0.00694024
        7495    0.969091     1.37408  0.00693952
        7496    0.978805     1.37403  0.00693879
        7497    0.988392     1.37398  0.00693806
        7498    0.997548     1.37393  0.00693732
        7499     1.00693     1.37388  0.00693656
        7500     1.01695     1.37383   0.0069358
        7501     1.02561     1.37378  0.00693503
        7502       1.035     1.37374  0.00693426
        7503     1.04335     1.37369  0.00693347
        7504     1.05178     1.37365  0.00693268
        7505       1.059     1.37361  0.00693188
        7506     1.06614     1.37357  0.00693108
        7507      1.0731     1.37353  0.00693027
        7508     1.07885     1.37349  0.00692946
        7509     1.08378     1.37345  0.00692865
        7510     1.08757     1.37341  0.00692783
        7511     1.09135     1.37337  0.00692701
        7512     1.09313     1.37334  0.00692619
        7513     1.09381      1.3733  0.00692536
        7514     1.09334     1.37326  0.00692454
        7515     1.09192     1.37323  0.00692372
        7516     1.08926     1.37319   0.0069229
        7517      1.0851     1.37315  0.00692209
        7518     1.07992     1.37311  0.00692128
        7519     1.07275     1.37307  0.00692047
        7520     1.06504     1.37303  0.00691967
        7521     1.05633     1.37299  0.00691888
        7522     1.04666     1.37294   0.0069181
        7523     1.03512      1.3729  0.00691732
        7524     1.02273     1.37285  0.00691656
        7525     1.00979      1.3728  0.00691581
        7526    0.995922     1.37275  0.00691507
        7527    0.980721      1.3727  0.00691435
        7528    0.965497     1.37265  0.00691364
        7529    0.949154     1.37259  0.00691295
        7530    0.931806     1.37253  0.00691228
        7531    0.914537     1.37247  0.00691163
        7532    0.896026     1.37241    0.006911
        7533    0.877849     1.37234   0.0069104
        7534    0.860852     1.37228  0.00690982
        7535    0.843473     1.37221  0.00690925
        7536    0.825116     1.37213  0.00690872
        7537    0.808066     1.37206  0.00690821
        7538    0.791474     1.37198  0.00690772
        7539    0.775449      1.3719  0.00690726
        7540    0.759854     1.37182  0.00690682
        7541    0.745259     1.37174   0.0069064
        7542    0.730787     1.37165  0.00690601
        7543    0.717715     1.37157  0.00690564
        7544    0.706108     1.37148  0.00690529
        7545    0.694574     1.37139  0.00690495
        7546    0.684361      1.3713  0.00690464
        7547      0.6755      1.3712  0.00690434
        7548    0.667049     1.37111  0.00690406
        7549    0.660222     1.37102  0.00690378
        7550    0.654057     1.37092  0.00690352
        7551    0.649748     1.37083  0.00690327
        7552    0.646796     1.37073  0.00690302
        7553    0.643979     1.37063  0.00690278
        7554    0.643197     1.37054  0.00690253
        7555    0.642969     1.37044  0.00690229
        7556    0.644222     1.37035  0.00690205
        7557    0.645472     1.37025   0.0069018
        7558     0.64861     1.37015  0.00690155
        7559    0.652633     1.37006  0.00690129
        7560    0.657505     1.36997  0.00690102
        7561    0.663668     1.36987  0.00690074
        7562    0.670126     1.36978  0.00690045
        7563    0.676363     1.36969  0.00690014
        7564    0.684037      1.3696  0.00689983
        7565    0.692645     1.36951  0.00689949
        7566    0.701447     1.36942  0.00689915
        7567    0.710423     1.36933  0.00689878
        7568    0.720758     1.36925  0.00689841
        7569    0.731717     1.36916  0.00689801
        7570    0.743293     1.36908  0.00689759
        7571    0.755958       1.369  0.00689716
        7572    0.768499     1.36892   0.0068967
        7573    0.781867     1.36884  0.00689623
        7574    0.796051     1.36877  0.00689573
        7575    0.809833     1.36869  0.00689522
        7576    0.824643     1.36862  0.00689468
        7577     0.83998     1.36855  0.00689412
        7578    0.855825     1.36848  0.00689354
        7579    0.873353     1.36842  0.00689294
        7580    0.890373     1.36835  0.00689232
        7581    0.908057     1.36829  0.00689168
        7582    0.926129     1.36824  0.00689102
        7583     0.94431     1.36818  0.00689034
        7584    0.963037     1.36813  0.00688964
        7585    0.981783     1.36808  0.00688892
        7586     1.00002     1.36803  0.00688818
        7587     1.01865     1.36798  0.00688743
        7588     1.03835     1.36794  0.00688665
        7589     1.05737      1.3679  0.00688587
        7590     1.07639     1.36786  0.00688507
        7591     1.09581     1.36782  0.00688425
        7592     1.11533     1.36779  0.00688343
        7593     1.13417     1.36776  0.00688259
        7594      1.1525     1.36773  0.00688174
        7595      1.1705      1.3677  0.00688089
        7596      1.1881     1.36768  0.00688002
        7597     1.20453     1.36766  0.00687915
        7598     1.22163     1.36764  0.00687827
        7599     1.23841     1.36762  0.00687739
        7600     1.25408     1.36761   0.0068765
        7601     1.26931     1.36759   0.0068756
        7602     1.28381     1.36758  0.00687471
        7603     1.29708     1.36757  0.00687381
        7604     1.31005     1.36757  0.00687291
        7605     1.32221     1.36756  0.00687201
        7606     1.33306     1.36756  0.00687111
        7607     1.34355     1.36755  0.00687021
        7608     1.35224     1.36755   0.0068693
        7609     1.36105     1.36755   0.0068684
        7610     1.36854     1.36755   0.0068675
        7611     1.37522     1.36755   0.0068666
        7612     1.38206     1.36755  0.00686569
        7613     1.38739     1.36756  0.00686479
        7614     1.39148     1.36756  0.00686389
        7615     1.39461     1.36756  0.00686299
        7616     1.39728     1.36757  0.00686209
        7617     1.39976     1.36757  0.00686119
        7618     1.40162     1.36758  0.00686029
        7619     1.40337     1.36758  0.00685939
        7620      1.4041     1.36758  0.00685849
        7621     1.40383     1.36759   0.0068576
        7622     1.40407     1.36759   0.0068567
        7623     1.40317      1.3676   0.0068558
        7624     1.40192      1.3676   0.0068549
        7625     1.40062     1.36761    0.006854
        7626     1.39836     1.36761  0.00685311
        7627      1.3957     1.36762  0.00685221
        7628     1.39533     1.36762  0.00685131
        7629     1.39349     1.36762  0.00685042
        7630     1.39194     1.36763  0.00684952
        7631     1.38954     1.36763  0.00684862
        7632     1.38782     1.36763  0.00684772
        7633     1.38708     1.36763  0.00684683
        7634     1.38693     1.36764  0.00684593
        7635     1.38647     1.36764  0.00684503
        7636     1.38672     1.36764  0.00684414
        7637     1.38727     1.36764  0.00684324
        7638     1.38841     1.36765  0.00684235
        7639     1.38996     1.36765  0.00684145
        7640     1.39195     1.36765  0.00684056
        7641     1.39513     1.36766  0.00683966
        7642      1.3993     1.36766  0.00683877
        7643     1.40351     1.36767  0.00683788
        7644     1.40874     1.36767  0.00683698
        7645     1.41499     1.36768  0.00683609
        7646     1.42201     1.36768   0.0068352
        7647     1.43004     1.36769  0.00683431
        7648      1.4381      1.3677  0.00683343
        7649     1.44688     1.36771  0.00683254
        7650     1.45684     1.36772  0.00683166
        7651     1.46748     1.36774  0.00683078
        7652     1.47946     1.36775   0.0068299
        7653     1.49179     1.36777  0.00682903
        7654     1.50442     1.36778  0.00682816
        7655     1.51658      1.3678  0.00682729
        7656     1.52941     1.36783  0.00682643
        7657     1.54429     1.36785  0.00682558
        7658     1.55851     1.36787  0.00682474
        7659     1.57344      1.3679   0.0068239
        7660     1.58829     1.36793  0.00682307
        7661     1.60223     1.36796  0.00682225
        7662     1.61615     1.36799  0.00682143
        7663      1.6297     1.36803  0.00682063
        7664     1.64373     1.36806  0.00681983
        7665     1.65789      1.3681  0.00681905
        7666     1.67158     1.36814  0.00681827
        7667      1.6837     1.36818  0.00681751
        7668     1.69582     1.36822  0.00681675
        7669     1.70707     1.36827  0.00681601
        7670      1.7166     1.36831  0.00681527
        7671     1.72526     1.36836  0.00681454
        7672      1.7322     1.36841  0.00681382
        7673     1.73875     1.36846   0.0068131
        7674     1.74387      1.3685  0.00681239
        7675     1.74722     1.36855  0.00681168
        7676     1.74877      1.3686  0.00681097
        7677     1.74822     1.36865  0.00681026
        7678     1.74656      1.3687  0.00680955
        7679      1.7433     1.36875  0.00680884
        7680     1.73875      1.3688  0.00680813
        7681     1.73297     1.36885   0.0068074
        7682     1.72558     1.36889  0.00680668
        7683      1.7167     1.36894  0.00680594
        7684     1.70625     1.36898   0.0068052
        7685     1.69533     1.36902  0.00680444
        7686      1.6839     1.36907  0.00680368
        7687      1.6714      1.3691  0.00680291
        7688     1.66021     1.36914  0.00680213
        7689     1.64834     1.36918  0.00680134
        7690     1.63599     1.36921  0.00680055
        7691     1.62433     1.36925  0.00679974
        7692     1.61258     1.36928  0.00679893
        7693     1.60187     1.36931  0.00679812
        7694      1.5907     1.36934  0.00679729
        7695     1.58041     1.36936  0.00679647
        7696     1.57162     1.36939  0.00679563
        7697     1.56446     1.36942   0.0067948
        7698     1.55783     1.36944  0.00679396
        7699     1.55276     1.36946  0.00679312
        7700     1.54932     1.36949  0.00679228
        7701     1.54707     1.36951  0.00679143
        7702     1.54723     1.36953  0.00679059
        7703     1.54813     1.36956  0.00678975
        7704     1.54947     1.36958  0.00678891
        7705     1.55292      1.3696  0.00678807
        7706      1.5572     1.36963  0.00678723
        7707     1.56413     1.36965   0.0067864
        7708     1.57145     1.36968  0.00678557
        7709     1.58046     1.36971  0.00678474
        7710     1.59005     1.36974  0.00678392
        7711     1.59935     1.36977  0.00678311
        7712      1.6096      1.3698   0.0067823
        7713     1.61967     1.36983   0.0067815
        7714      1.6296     1.36986   0.0067807
        7715     1.63967      1.3699  0.00677991
        7716     1.65016     1.36993  0.00677913
        7717     1.66064     1.36997  0.00677836
        7718     1.66972     1.37001  0.00677759
        7719     1.67818     1.37005  0.00677683
        7720     1.68564     1.37009  0.00677608
        7721     1.69124     1.37013  0.00677533
        7722     1.69607     1.37018  0.00677458
        7723     1.69982     1.37022  0.00677384
        7724     1.70169     1.37026   0.0067731
        7725     1.70168      1.3703  0.00677236
        7726     1.70098     1.37035  0.00677162
        7727     1.69868     1.37039  0.00677087
        7728     1.69554     1.37043  0.00677013
        7729     1.69046     1.37047  0.00676938
        7730      1.6845     1.37051  0.00676862
        7731     1.67755     1.37055  0.00676786
        7732     1.67022     1.37059   0.0067671
        7733     1.66194     1.37063  0.00676633
        7734      1.6543     1.37067  0.00676555
        7735      1.6448      1.3707  0.00676477
        7736     1.63673     1.37074  0.00676399
        7737     1.62687     1.37077  0.00676319
        7738     1.61679      1.3708  0.00676239
        7739     1.60807     1.37083  0.00676159
        7740      1.5989     1.37086  0.00676078
        7741     1.59011     1.37089  0.00675997
        7742     1.58154     1.37092  0.00675915
        7743     1.57352     1.37094  0.00675833
        7744     1.56563     1.37097   0.0067575
        7745     1.55863     1.37099  0.00675667
        7746     1.55282     1.37102  0.00675584
        7747     1.54679     1.37104    0.006755
        7748     1.54318     1.37106  0.00675417
        7749      1.5389     1.37108  0.00675333
        7750     1.53588      1.3711  0.00675249
        7751     1.53365     1.37112  0.00675166
        7752     1.53147     1.37115  0.00675082
        7753     1.53129     1.37117  0.00674998
        7754     1.53166     1.37119  0.00674914
        7755     1.53282     1.37121   0.0067483
        7756     1.53431     1.37123  0.00674746
        7757     1.53756     1.37125  0.00674663
        7758     1.54092     1.37127  0.00674579
        7759     1.54509     1.37129  0.00674496
        7760      1.5501     1.37132  0.00674413
        7761     1.55644     1.37134   0.0067433
        7762     1.56387     1.37137  0.00674248
        7763      1.5707     1.37139  0.00674166
        7764     1.57911     1.37142  0.00674085
        7765     1.58836     1.37145  0.00674004
        7766     1.59747     1.37148  0.00673923
        7767      1.6081     1.37151  0.00673843
        7768      1.6195     1.37154  0.00673764
        7769     1.63161     1.37157  0.00673686
        7770     1.64439     1.37161  0.00673608
        7771     1.65825     1.37164  0.00673532
        7772     1.67263     1.37168  0.00673456
        7773     1.68746     1.37172  0.00673382
        7774     1.70266     1.37176  0.00673308
        7775     1.71812     1.37181  0.00673237
        7776      1.7333     1.37186  0.00673166
        7777     1.74833      1.3719  0.00673097
        7778     1.76313     1.37195  0.00673029
        7779     1.77835     1.37201  0.00672963
        7780     1.79319     1.37206  0.00672898
        7781     1.80879     1.37212  0.00672835
        7782     1.82339     1.37218  0.00672774
        7783      1.8384     1.37224  0.00672714
        7784     1.85256      1.3723  0.00672656
        7785     1.86681     1.37236  0.00672599
        7786     1.87943     1.37243  0.00672544
        7787     1.89209     1.37249  0.00672491
        7788     1.90476     1.37256   0.0067244
        7789     1.91623     1.37263  0.00672389
        7790     1.92768      1.3727  0.00672341
        7791     1.93815     1.37277  0.00672294
        7792     1.94881     1.37285  0.00672248
        7793     1.95868     1.37292  0.00672204
        7794     1.96775       1.373  0.00672161
        7795     1.97718     1.37308  0.00672119
        7796     1.98504     1.37316  0.00672079
        7797     1.99296     1.37324   0.0067204
        7798     1.99996     1.37332  0.00672002
        7799     2.00648      1.3734  0.00671965
        7800     2.01152     1.37348  0.00671928
        7801     2.01602     1.37356  0.00671893
        7802     2.01945     1.37364  0.00671858
        7803      2.0225     1.37373  0.00671823
        7804     2.02444     1.37381  0.00671789
        7805     2.02524     1.37389  0.00671754
        7806     2.02561     1.37398   0.0067172
        7807     2.02411     1.37406  0.00671686
        7808     2.02242     1.37414  0.00671651
        7809     2.01937     1.37423  0.00671616
        7810     2.01594     1.37431   0.0067158
        7811     2.01144     1.37439  0.00671544
        7812     2.00689     1.37447  0.00671506
        7813     2.00066     1.37455  0.00671468
        7814     1.99377     1.37463  0.00671429
        7815       1.988     1.37471  0.00671389
        7816     1.98101     1.37479  0.00671348
        7817      1.9741     1.37486  0.00671306
        7818     1.96615     1.37494  0.00671263
        7819     1.95702     1.37501  0.00671218
        7820     1.94851     1.37509  0.00671172
        7821     1.93998     1.37516  0.00671125
        7822     1.93081     1.37523  0.00671077
        7823     1.92255      1.3753  0.00671028
        7824     1.91433     1.37537  0.00670977
        7825     1.90673     1.37544  0.00670926
        7826     1.90006      1.3755  0.00670874
        7827     1.89321     1.37557  0.00670821
        7828     1.88769     1.37563  0.00670767
        7829     1.88261      1.3757  0.00670713
        7830     1.87827     1.37576  0.00670658
        7831     1.87449     1.37583  0.00670602
        7832     1.87204     1.37589  0.00670546
        7833     1.86974     1.37595  0.00670491
        7834     1.86908     1.37602  0.00670434
        7835     1.86983     1.37608  0.00670379
        7836     1.87105     1.37614  0.00670323
        7837     1.87347     1.37621  0.00670267
        7838     1.87588     1.37627  0.00670212
        7839     1.87926     1.37633  0.00670157
        7840     1.88406      1.3764  0.00670103
        7841     1.88979     1.37646   0.0067005
        7842     1.89642     1.37653  0.00669997
        7843     1.90368      1.3766  0.00669945
        7844     1.91201     1.37667  0.00669895
        7845     1.92064     1.37674  0.00669845
        7846     1.93072     1.37681  0.00669797
        7847     1.94124     1.37688   0.0066975
        7848     1.95142     1.37695  0.00669705
        7849     1.96287     1.37703  0.00669661
        7850     1.97504      1.3771  0.00669619
        7851     1.98715     1.37718  0.00669579
        7852     1.99984     1.37726  0.00669541
        7853     2.01254     1.37734  0.00669504
        7854     2.02568     1.37742   0.0066947
        7855      2.0382     1.37751  0.00669438
        7856     2.05147     1.37759  0.00669407
        7857     2.06542     1.37768  0.00669379
        7858     2.07829     1.37777  0.00669354
        7859      2.0912     1.37786   0.0066933
        7860     2.10435     1.37795  0.00669309
        7861     2.11644     1.37805  0.00669289
        7862     2.12864     1.37814  0.00669272
        7863     2.14064     1.37824  0.00669257
        7864     2.15166     1.37834  0.00669245
        7865     2.16263     1.37844  0.00669234
        7866     2.17254     1.37854  0.00669225
        7867     2.18111     1.37864  0.00669218
        7868     2.18974     1.37874  0.00669212
        7869      2.1977     1.37885  0.00669208
        7870     2.20519     1.37895  0.00669205
        7871     2.21099     1.37906  0.00669204
        7872     2.21724     1.37916  0.00669203
        7873     2.22202     1.37927  0.00669204
        7874     2.22628     1.37938  0.00669205
        7875     2.22977     1.37949  0.00669207
        7876     2.23152      1.3796   0.0066921
        7877       2.233      1.3797  0.00669213
        7878     2.23422     1.37981  0.00669216
        7879     2.23494     1.37992  0.00669219
        7880     2.23473     1.38003  0.00669222
        7881     2.23385     1.38014  0.00669224
        7882      2.2321     1.38025  0.00669227
        7883     2.22978     1.38035  0.00669229
        7884     2.22716     1.38046   0.0066923
        7885     2.22432     1.38057  0.00669231
        7886     2.22108     1.38067  0.00669231
        7887     2.21703     1.38078   0.0066923
        7888     2.21272     1.38089  0.00669228
        7889     2.20848     1.38099  0.00669225
        7890     2.20463     1.38109  0.00669222
        7891     2.20051      1.3812  0.00669218
        7892     2.19573      1.3813  0.00669213
        7893     2.19084      1.3814  0.00669206
        7894     2.18759     1.38151    0.006692
        7895     2.18389     1.38161  0.00669192
        7896     2.18026     1.38171  0.00669184
        7897     2.17723     1.38181  0.00669175
        7898     2.17437     1.38191  0.00669165
        7899     2.17192     1.38201  0.00669155
        7900     2.17015     1.38211  0.00669145
        7901     2.16929     1.38221  0.00669134
        7902     2.16836     1.38231  0.00669124
        7903      2.1683     1.38241  0.00669113
        7904     2.16785     1.38251  0.00669102
        7905      2.1684     1.38261  0.00669091
        7906     2.16916     1.38271  0.00669081
        7907     2.16933     1.38281   0.0066907
        7908     2.16954     1.38291  0.00669059
        7909     2.16968     1.38301  0.00669049
        7910     2.16943     1.38311  0.00669038
        7911     2.16914      1.3832  0.00669027
        7912     2.16846      1.3833  0.00669016
        7913     2.16777      1.3834  0.00669005
        7914     2.16624      1.3835  0.00668994
        7915     2.16353      1.3836  0.00668982
        7916     2.16003      1.3837  0.00668969
        7917     2.15567      1.3838  0.00668956
        7918     2.15085     1.38389  0.00668941
        7919     2.14506     1.38399  0.00668926
        7920     2.13873     1.38408  0.00668909
        7921     2.13041     1.38418  0.00668891
        7922      2.1213     1.38427  0.00668872
        7923     2.11143     1.38436   0.0066885
        7924     2.10106     1.38445  0.00668827
        7925     2.08929     1.38454  0.00668802
        7926     2.07666     1.38463  0.00668774
        7927     2.06325     1.38472  0.00668745
        7928     2.04844      1.3848  0.00668713
        7929       2.034     1.38488  0.00668678
        7930     2.01859     1.38496  0.00668642
        7931     2.00233     1.38504  0.00668603
        7932     1.98653     1.38511  0.00668562
        7933     1.97107     1.38519  0.00668518
        7934     1.95533     1.38526  0.00668472
        7935     1.93991     1.38533  0.00668425
        7936     1.92395      1.3854  0.00668375
        7937     1.90875     1.38546  0.00668323
        7938     1.89465     1.38553   0.0066827
        7939     1.87982     1.38559  0.00668215
        7940     1.86504     1.38565  0.00668158
        7941     1.85231     1.38571    0.006681
        7942     1.84026     1.38577   0.0066804
        7943     1.82773     1.38582  0.00667979
        7944     1.81644     1.38588  0.00667917
        7945     1.80691     1.38593  0.00667854
        7946     1.79701     1.38598   0.0066779
        7947     1.78795     1.38603  0.00667725
        7948     1.77949     1.38608  0.00667659
        7949     1.77214     1.38613  0.00667593
        7950     1.76515     1.38618  0.00667526
        7951     1.75972     1.38622  0.00667459
        7952     1.75464     1.38627  0.00667391
        7953      1.7506     1.38632  0.00667323
        7954     1.74783     1.38636  0.00667254
        7955     1.74605     1.38641  0.00667186
        7956     1.74477     1.38645  0.00667117
        7957     1.74418      1.3865  0.00667048
        7958     1.74451     1.38654   0.0066698
        7959     1.74499     1.38659  0.00666911
        7960     1.74656     1.38663  0.00666843
        7961      1.7475     1.38668  0.00666774
        7962     1.74972     1.38672  0.00666706
        7963      1.7527     1.38677  0.00666638
        7964     1.75569     1.38682  0.00666571
        7965     1.75939     1.38686  0.00666503
        7966     1.76281     1.38691  0.00666436
        7967     1.76787     1.38696   0.0066637
        7968      1.7726     1.38701  0.00666304
        7969     1.77893     1.38706  0.00666238
        7970     1.78515     1.38711  0.00666173
        7971     1.79125     1.38716  0.00666109
        7972     1.79794     1.38721  0.00666046
        7973     1.80425     1.38726  0.00665983
        7974     1.81113     1.38731   0.0066592
        7975      1.8181     1.38737  0.00665859
        7976     1.82612     1.38742  0.00665798
        7977     1.83423     1.38748  0.00665738
        7978     1.84219     1.38754  0.00665679
        7979     1.85097     1.38759  0.00665621
        7980     1.86008     1.38765  0.00665564
        7981     1.86929     1.38771  0.00665508
        7982     1.87933     1.38777  0.00665453
        7983     1.88948     1.38784  0.00665399
        7984     1.89999      1.3879  0.00665347
        7985     1.91111     1.38797  0.00665296
        7986     1.92234     1.38803  0.00665246
        7987     1.93394      1.3881  0.00665198
        7988     1.94638     1.38817  0.00665151
        7989     1.95894     1.38824  0.00665106
        7990     1.97258     1.38832  0.00665063
        7991      1.9851     1.38839  0.00665022
        7992     1.99844     1.38847  0.00664983
        7993     2.01207     1.38855  0.00664945
        7994      2.0255     1.38863   0.0066491
        7995     2.04014     1.38871  0.00664877
        7996     2.05498     1.38879  0.00664846
        7997     2.06975     1.38888  0.00664817
        7998     2.08319     1.38896  0.00664791
        7999      2.0979     1.38905  0.00664767
        8000     2.11263     1.38914  0.00664745
        8001     2.12635     1.38923  0.00664726
        8002      2.1402     1.38933  0.00664709
        8003      2.1546     1.38942  0.00664695
        8004     2.16803     1.38952  0.00664683
        8005     2.18237     1.38962  0.00664674
        8006     2.19584     1.38972  0.00664667
        8007     2.20911     1.38982  0.00664663
        8008     2.22042     1.38993   0.0066466
        8009     2.23068     1.39003   0.0066466
        8010     2.24269     1.39014  0.00664663
        8011     2.25352     1.39025  0.00664667
        8012     2.26359     1.39035  0.00664673
        8013     2.27212     1.39046  0.00664682
        8014     2.28002     1.39058  0.00664691
        8015     2.28677     1.39069  0.00664702
        8016     2.29328      1.3908  0.00664715
        8017     2.29807     1.39091  0.00664728
        8018     2.30183     1.39103  0.00664742
        8019       2.305     1.39114  0.00664757
        8020     2.30779     1.39125  0.00664773
        8021      2.3085     1.39137  0.00664788
        8022     2.30853     1.39148  0.00664804
        8023     2.30666      1.3916  0.00664819
        8024     2.30407     1.39171  0.00664833
        8025     2.30002     1.39182  0.00664846
        8026     2.29449     1.39194  0.00664859
        8027     2.28842     1.39205   0.0066487
        8028     2.28157     1.39216  0.00664879
        8029     2.27223     1.39227  0.00664887
        8030      2.2621     1.39238  0.00664892
        8031     2.25069     1.39248  0.00664895
        8032     2.23873     1.39259  0.00664896
        8033     2.22481     1.39269  0.00664894
        8034     2.21065     1.39279  0.00664889
        8035     2.19555     1.39289  0.00664881
        8036     2.17765     1.39299   0.0066487
        8037     2.15824     1.39309  0.00664856
        8038      2.1398     1.39318  0.00664838
        8039     2.11978     1.39327  0.00664817
        8040     2.09832     1.39336  0.00664792
        8041     2.07649     1.39344  0.00664763
        8042     2.05469     1.39353  0.00664732
        8043      2.0321     1.39361  0.00664696
        8044     2.00962     1.39368  0.00664658
        8045     1.98765     1.39376  0.00664616
        8046     1.96518     1.39383  0.00664572
        8047     1.94285     1.39389  0.00664524
        8048     1.92158     1.39396  0.00664474
        8049     1.90128     1.39402  0.00664421
        8050     1.88214     1.39408  0.00664366
        8051     1.86359     1.39414  0.00664309
        8052     1.84602      1.3942  0.00664251
        8053     1.83028     1.39425   0.0066419
        8054     1.81626      1.3943  0.00664128
        8055     1.80261     1.39436  0.00664065
        8056     1.79134      1.3944  0.00664001
        8057     1.78157     1.39445  0.00663936
        8058     1.77453      1.3945   0.0066387
        8059      1.7693     1.39455  0.00663804
        8060     1.76492     1.39459  0.00663738
        8061     1.76306     1.39464  0.00663671
        8062      1.7625     1.39468  0.00663605
        8063     1.76415     1.39473  0.00663538
        8064      1.7665     1.39478  0.00663472
        8065     1.77069     1.39482  0.00663406
        8066     1.77687     1.39487  0.00663341
        8067      1.7842     1.39492  0.00663276
        8068     1.79259     1.39497  0.00663212
        8069     1.80238     1.39502  0.00663149
        8070     1.81247     1.39507  0.00663087
        8071     1.82442     1.39512  0.00663026
        8072     1.83712     1.39518  0.00662967
        8073     1.84994     1.39523  0.00662909
        8074     1.86298     1.39529  0.00662852
        8075     1.87656     1.39535  0.00662797
        8076     1.89054     1.39541  0.00662743
        8077     1.90429     1.39548  0.00662691
        8078     1.91695     1.39554   0.0066264
        8079     1.93006     1.39561  0.00662591
        8080       1.943     1.39567  0.00662544
        8081     1.95613     1.39574  0.00662498
        8082     1.96764     1.39581  0.00662454
        8083     1.97862     1.39589  0.00662411
        8084      1.9892     1.39596   0.0066237
        8085     1.99831     1.39603   0.0066233
        8086     2.00635     1.39611  0.00662291
        8087     2.01297     1.39619  0.00662253
        8088      2.0186     1.39626  0.00662216
        8089     2.02339     1.39634  0.00662179
        8090     2.02656     1.39642  0.00662143
        8091     2.02878      1.3965  0.00662108
        8092      2.0288     1.39657  0.00662072
        8093     2.02756     1.39665  0.00662036
        8094     2.02477     1.39673     0.00662
        8095     2.02141     1.39681  0.00661963
        8096     2.01529     1.39688  0.00661925
        8097     2.00859     1.39696  0.00661887
        8098     1.99991     1.39703  0.00661847
        8099     1.98951     1.39711  0.00661805
        8100     1.97792     1.39718  0.00661762
        8101     1.96426     1.39725  0.00661718
        8102     1.94955     1.39732  0.00661671
        8103     1.93292     1.39738  0.00661623
        8104     1.91568     1.39745  0.00661572
        8105     1.89817     1.39751  0.00661519
        8106     1.87906     1.39757  0.00661464
        8107     1.85968     1.39763  0.00661407
        8108     1.83968     1.39768  0.00661348
        8109     1.81918     1.39773  0.00661287
        8110      1.7976     1.39778  0.00661224
        8111     1.77649     1.39783  0.00661159
        8112     1.75576     1.39787  0.00661092
        8113     1.73503     1.39791  0.00661024
        8114      1.7137     1.39795  0.00660954
        8115     1.69332     1.39799  0.00660882
        8116     1.67351     1.39802  0.00660809
        8117      1.6534     1.39805  0.00660735
        8118     1.63356     1.39808   0.0066066
        8119     1.61572     1.39811  0.00660584
        8120     1.59707     1.39813  0.00660508
        8121     1.57982     1.39816   0.0066043
        8122     1.56256     1.39818  0.00660352
        8123     1.54654      1.3982  0.00660273
        8124     1.53126     1.39821  0.00660194
        8125     1.51675     1.39823  0.00660114
        8126       1.503     1.39824  0.00660034
        8127      1.4895     1.39825  0.00659954
        8128      1.4767     1.39826  0.00659874
        8129     1.46459     1.39827  0.00659793
        8130     1.45358     1.39827  0.00659712
        8131     1.44268     1.39828  0.00659631
        8132     1.43231     1.39828   0.0065955
        8133     1.42193     1.39829  0.00659469
        8134     1.41291     1.39829  0.00659388
        8135     1.40376     1.39829  0.00659307
        8136      1.3949     1.39829  0.00659226
        8137      1.3853     1.39829  0.00659145
        8138     1.37731     1.39829  0.00659064
        8139      1.3692     1.39828  0.00658983
        8140     1.36188     1.39828  0.00658902
        8141     1.35338     1.39827  0.00658822
        8142     1.34631     1.39827  0.00658741
        8143     1.33752     1.39826  0.00658661
        8144     1.32916     1.39825   0.0065858
        8145     1.32096     1.39824    0.006585
        8146      1.3127     1.39823   0.0065842
        8147     1.30413     1.39822   0.0065834
        8148     1.29648     1.39821  0.00658261
        8149     1.28759     1.39819  0.00658181
        8150     1.27943     1.39818  0.00658102
        8151     1.27107     1.39816  0.00658023
        8152     1.26303     1.39815  0.00657945
        8153     1.25465     1.39813  0.00657866
        8154     1.24621     1.39811  0.00657788
        8155     1.23921     1.39809   0.0065771
        8156     1.23251     1.39807  0.00657633
        8157     1.22522     1.39805  0.00657556
        8158     1.21836     1.39803  0.00657479
        8159     1.21295       1.398  0.00657402
        8160     1.20762     1.39798  0.00657326
        8161     1.20292     1.39796   0.0065725
        8162     1.19962     1.39793  0.00657174
        8163     1.19586     1.39791  0.00657098
        8164     1.19267     1.39788  0.00657022
        8165     1.19083     1.39786  0.00656946
        8166     1.19037     1.39783  0.00656871
        8167     1.19135     1.39781  0.00656795
        8168     1.19358     1.39778   0.0065672
        8169     1.19587     1.39776  0.00656644
        8170     1.19876     1.39773  0.00656568
        8171     1.20274     1.39771  0.00656492
        8172     1.20881     1.39768  0.00656416
        8173     1.21602     1.39766  0.00656339
        8174     1.22342     1.39764  0.00656262
        8175     1.23246     1.39762  0.00656185
        8176     1.24218      1.3976  0.00656108
        8177     1.25353     1.39758   0.0065603
        8178     1.26628     1.39757  0.00655952
        8179     1.27897     1.39755  0.00655873
        8180     1.29375     1.39754  0.00655794
        8181     1.31036     1.39753  0.00655715
        8182     1.32709     1.39752  0.00655635
        8183     1.34536     1.39752  0.00655555
        8184     1.36371     1.39751  0.00655475
        8185     1.38473     1.39751  0.00655395
        8186     1.40551     1.39751  0.00655315
        8187     1.42723     1.39751  0.00655235
        8188     1.45055     1.39752  0.00655156
        8189     1.47398     1.39753  0.00655076
        8190     1.49772     1.39754  0.00654997
        8191     1.52291     1.39756  0.00654919
        8192      1.5483     1.39758  0.00654842
        8193     1.57381      1.3976  0.00654766
        8194     1.60009     1.39762   0.0065469
        8195     1.62778     1.39765  0.00654616
        8196     1.65633     1.39768  0.00654544
        8197      1.6842     1.39772  0.00654474
        8198     1.71225     1.39776  0.00654405
        8199     1.74064      1.3978  0.00654339
        8200     1.76876     1.39784  0.00654274
        8201     1.79724     1.39789  0.00654213
        8202     1.82548     1.39794  0.00654154
        8203     1.85313       1.398  0.00654098
        8204     1.87983     1.39806  0.00654044
        8205     1.90645     1.39812  0.00653994
        8206     1.93238     1.39818  0.00653947
        8207     1.95655     1.39825  0.00653902
        8208     1.98105     1.39832  0.00653861
        8209     2.00336      1.3984  0.00653823
        8210     2.02533     1.39847  0.00653788
        8211     2.04591     1.39855  0.00653756
        8212     2.06528     1.39863  0.00653727
        8213     2.08241     1.39872    0.006537
        8214     2.09917      1.3988  0.00653676
        8215     2.11431     1.39889  0.00653655
        8216     2.12803     1.39898  0.00653635
        8217     2.14008     1.39907  0.00653618
        8218     2.15163     1.39916  0.00653603
        8219     2.16098     1.39925  0.00653589
        8220     2.16958     1.39935  0.00653576
        8221     2.17622     1.39944  0.00653565
        8222     2.18235     1.39954  0.00653555
        8223      2.1863     1.39963  0.00653546
        8224     2.18809     1.39973  0.00653537
        8225     2.18869     1.39982  0.00653527
        8226     2.18886     1.39992  0.00653518
        8227     2.18742     1.40002  0.00653509
        8228     2.18487     1.40011  0.00653499
        8229     2.18004     1.40021  0.00653489
        8230     2.17466      1.4003  0.00653477
        8231     2.16779     1.40039  0.00653464
        8232     2.15996     1.40048   0.0065345
        8233        2.15     1.40058  0.00653434
        8234     2.13916     1.40067  0.00653416
        8235     2.12774     1.40075  0.00653396
        8236     2.11529     1.40084  0.00653375
        8237     2.10236     1.40093  0.00653351
        8238     2.08781     1.40101  0.00653325
        8239     2.07243     1.40109  0.00653296
        8240     2.05605     1.40117  0.00653265
        8241     2.03948     1.40125  0.00653232
        8242     2.02159     1.40132  0.00653196
        8243     2.00393      1.4014  0.00653158
        8244     1.98585     1.40147  0.00653117
        8245     1.96844     1.40154  0.00653074
        8246     1.94961      1.4016  0.00653029
        8247     1.93115     1.40167  0.00652981
        8248     1.91293     1.40173  0.00652931
        8249     1.89359     1.40179  0.00652879
        8250      1.8754     1.40185  0.00652825
        8251     1.85677      1.4019   0.0065277
        8252     1.83825     1.40195  0.00652712
        8253     1.82089       1.402  0.00652653
        8254     1.80404     1.40205  0.00652592
        8255     1.78751      1.4021  0.00652529
        8256     1.77136     1.40214  0.00652466
        8257     1.75683     1.40219  0.00652401
        8258     1.74227     1.40223  0.00652335
        8259     1.72819     1.40227  0.00652268
        8260     1.71509     1.40231    0.006522
        8261     1.70225     1.40234  0.00652131
        8262     1.69111     1.40238  0.00652061
        8263      1.6807     1.40241  0.00651991
        8264      1.6698     1.40244   0.0065192
        8265     1.66032     1.40247  0.00651849
        8266     1.65125      1.4025  0.00651777
        8267     1.64403     1.40253  0.00651705
        8268     1.63642     1.40256  0.00651632
        8269     1.63033     1.40259  0.00651559
        8270     1.62402     1.40262  0.00651486
        8271     1.61768     1.40264  0.00651412
        8272     1.61247     1.40267  0.00651338
        8273     1.60713     1.40269  0.00651264
        8274     1.60185     1.40272   0.0065119
        8275     1.59776     1.40274  0.00651115
        8276     1.59315     1.40276  0.00651041
        8277     1.58963     1.40279  0.00650966
        8278     1.58572     1.40281  0.00650891
        8279     1.58088     1.40283  0.00650816
        8280     1.57651     1.40285  0.00650741
        8281     1.57208     1.40287  0.00650666
        8282     1.56709     1.40289   0.0065059
        8283     1.56341     1.40291  0.00650514
        8284     1.55886     1.40293  0.00650439
        8285     1.55487     1.40295  0.00650363
        8286     1.55093     1.40296  0.00650287
        8287     1.54559     1.40298   0.0065021
        8288     1.54007       1.403  0.00650134
        8289     1.53413     1.40301  0.00650058
        8290     1.52851     1.40303  0.00649981
        8291     1.52275     1.40304  0.00649904
        8292     1.51714     1.40306  0.00649827
        8293     1.51098     1.40307   0.0064975
        8294     1.50528     1.40308  0.00649673
        8295     1.49938     1.40309  0.00649596
        8296      1.4931     1.40311  0.00649518
        8297     1.48793     1.40312  0.00649441
        8298     1.48179     1.40313  0.00649363
        8299     1.47713     1.40313  0.00649286
        8300     1.47212     1.40314  0.00649208
        8301     1.46897     1.40315   0.0064913
        8302     1.46511     1.40316  0.00649052
        8303     1.46132     1.40316  0.00648975
        8304     1.45887     1.40317  0.00648897
        8305     1.45758     1.40318  0.00648819
        8306      1.4558     1.40318  0.00648741
        8307     1.45527     1.40319  0.00648663
        8308     1.45556      1.4032  0.00648586
        8309     1.45643      1.4032  0.00648508
        8310     1.45817     1.40321   0.0064843
        8311     1.46102     1.40322  0.00648353
        8312     1.46498     1.40322  0.00648275
        8313     1.47005     1.40323  0.00648197
        8314     1.47597     1.40324   0.0064812
        8315       1.482     1.40325  0.00648043
        8316     1.48882     1.40326  0.00647966
        8317     1.49688     1.40327  0.00647889
        8318     1.50515     1.40328  0.00647812
        8319     1.51478      1.4033  0.00647736
        8320     1.52475     1.40331  0.00647659
        8321     1.53523     1.40333  0.00647584
        8322     1.54613     1.40335  0.00647508
        8323     1.55712     1.40336  0.00647433
        8324     1.56813     1.40338  0.00647358
        8325     1.57979      1.4034  0.00647284
        8326     1.59224     1.40343   0.0064721
        8327     1.60373     1.40345  0.00647137
        8328     1.61464     1.40348  0.00647064
        8329     1.62633      1.4035  0.00646992
        8330     1.63872     1.40353   0.0064692
        8331     1.64935     1.40356  0.00646849
        8332     1.65982     1.40359  0.00646779
        8333     1.66887     1.40362  0.00646709
        8334     1.67766     1.40366   0.0064664
        8335     1.68663     1.40369  0.00646571
        8336     1.69479     1.40373  0.00646503
        8337     1.70235     1.40376  0.00646436
        8338     1.70978      1.4038  0.00646369
        8339     1.71611     1.40384  0.00646302
        8340     1.72185     1.40387  0.00646236
        8341     1.72747     1.40391   0.0064617
        8342     1.73157     1.40395  0.00646104
        8343     1.73466     1.40399  0.00646039
        8344     1.73821     1.40403  0.00645974
        8345     1.74085     1.40407  0.00645909
        8346     1.74356     1.40411  0.00645845
        8347     1.74595     1.40415   0.0064578
        8348     1.74854     1.40419  0.00645716
        8349     1.75164     1.40424  0.00645652
        8350     1.75314     1.40428  0.00645588
        8351     1.75457     1.40432  0.00645525
        8352      1.7555     1.40436  0.00645461
        8353     1.75767      1.4044  0.00645398
        8354       1.759     1.40445  0.00645334
        8355     1.76048     1.40449  0.00645271
        8356     1.76289     1.40453  0.00645208
        8357     1.76533     1.40458  0.00645145
        8358     1.76854     1.40462  0.00645083
        8359     1.77208     1.40466  0.00645021
        8360       1.775     1.40471  0.00644959
        8361     1.77829     1.40475  0.00644897
        8362     1.78123      1.4048  0.00644836
        8363     1.78596     1.40484  0.00644775
        8364     1.78984     1.40489  0.00644714
        8365     1.79427     1.40494  0.00644654
        8366      1.7997     1.40498  0.00644594
        8367     1.80559     1.40503  0.00644535
        8368     1.81117     1.40508  0.00644476
        8369     1.81732     1.40513  0.00644418
        8370     1.82325     1.40518   0.0064436
        8371     1.82888     1.40523  0.00644303
        8372     1.83363     1.40528  0.00644246
        8373      1.8391     1.40533   0.0064419
        8374     1.84375     1.40538  0.00644135
        8375     1.84797     1.40544  0.00644079
        8376     1.85167     1.40549  0.00644025
        8377     1.85573     1.40554   0.0064397
        8378     1.85839      1.4056  0.00643916
        8379     1.86102     1.40565  0.00643862
        8380     1.86286     1.40571  0.00643808
        8381     1.86312     1.40576  0.00643755
        8382     1.86321     1.40582  0.00643701
        8383     1.86313     1.40587  0.00643647
        8384     1.86142     1.40592  0.00643593
        8385     1.85808     1.40598  0.00643539
        8386     1.85385     1.40603  0.00643485
        8387     1.84852     1.40609   0.0064343
        8388     1.84285     1.40614  0.00643374
        8389     1.83663     1.40619  0.00643318
        8390      1.8292     1.40624  0.00643261
        8391     1.82158     1.40629  0.00643203
        8392     1.81382     1.40634  0.00643145
        8393     1.80477     1.40638  0.00643086
        8394     1.79572     1.40643  0.00643026
        8395     1.78647     1.40648  0.00642965
        8396     1.77492     1.40652  0.00642904
        8397     1.76426     1.40656  0.00642841
        8398     1.75384      1.4066  0.00642778
        8399     1.74227     1.40664  0.00642714
        8400      1.7313     1.40668  0.00642649
        8401     1.72074     1.40672  0.00642583
        8402     1.70945     1.40676  0.00642517
        8403     1.69821     1.40679   0.0064245
        8404     1.68733     1.40682  0.00642382
        8405     1.67661     1.40686  0.00642314
        8406     1.66636     1.40689  0.00642245
        8407     1.65615     1.40692  0.00642175
        8408     1.64629     1.40695  0.00642105
        8409     1.63659     1.40697  0.00642034
        8410     1.62807       1.407  0.00641964
        8411     1.61958     1.40702  0.00641892
        8412     1.61117     1.40705   0.0064182
        8413     1.60313     1.40707  0.00641748
        8414     1.59576     1.40709  0.00641676
        8415      1.5891     1.40712  0.00641603
        8416     1.58439     1.40714  0.00641531
        8417      1.5795     1.40716  0.00641458
        8418      1.5759     1.40718  0.00641385
        8419     1.57219      1.4072  0.00641311
        8420     1.57031     1.40722  0.00641238
        8421     1.56883     1.40724  0.00641165
        8422     1.56872     1.40725  0.00641092
        8423     1.56925     1.40727  0.00641018
        8424     1.57019     1.40729  0.00640945
        8425     1.57247     1.40731  0.00640872
        8426      1.5756     1.40733  0.00640799
        8427     1.58003     1.40735  0.00640726
        8428     1.58381     1.40737  0.00640654
        8429     1.59001      1.4074  0.00640582
        8430     1.59596     1.40742  0.00640509
        8431     1.60256     1.40744  0.00640438
        8432     1.60975     1.40747  0.00640366
        8433     1.61772     1.40749  0.00640295
        8434     1.62568     1.40752  0.00640224
        8435     1.63452     1.40754  0.00640154
        8436     1.64345     1.40757  0.00640084
        8437     1.65241      1.4076  0.00640015
        8438      1.6618     1.40763  0.00639946
        8439     1.67155     1.40766  0.00639878
        8440     1.68207     1.40769  0.00639811
        8441     1.69281     1.40773  0.00639744
        8442     1.70297     1.40776  0.00639678
        8443     1.71346      1.4078  0.00639612
        8444     1.72276     1.40784  0.00639547
        8445     1.73226     1.40787  0.00639483
        8446     1.74069     1.40791  0.00639419
        8447     1.74921     1.40795  0.00639356
        8448     1.75656       1.408  0.00639294
        8449     1.76413     1.40804  0.00639232
        8450     1.77067     1.40808  0.00639171
        8451     1.77638     1.40812   0.0063911
        8452      1.7817     1.40817   0.0063905
        8453     1.78684     1.40821   0.0063899
        8454     1.79129     1.40826  0.00638931
        8455     1.79525      1.4083  0.00638871
        8456     1.79775     1.40835  0.00638812
        8457      1.8002      1.4084  0.00638754
        8458     1.80091     1.40844  0.00638695
        8459     1.80155     1.40849  0.00638636
        8460     1.80116     1.40854  0.00638578
        8461     1.80021     1.40858  0.00638519
        8462     1.79823     1.40863   0.0063846
        8463     1.79476     1.40867  0.00638401
        8464     1.79078     1.40872  0.00638342
        8465     1.78632     1.40876  0.00638282
        8466     1.78069     1.40881  0.00638222
        8467     1.77464     1.40885  0.00638161
        8468     1.76872     1.40889    0.006381
        8469     1.76129     1.40894  0.00638038
        8470     1.75363     1.40898  0.00637975
        8471     1.74603     1.40902  0.00637913
        8472      1.7376     1.40905  0.00637849
        8473     1.72893     1.40909  0.00637785
        8474     1.72031     1.40913   0.0063772
        8475      1.7121     1.40916  0.00637655
        8476     1.70293      1.4092  0.00637589
        8477     1.69484     1.40923  0.00637523
        8478     1.68694     1.40927  0.00637456
        8479     1.67886      1.4093  0.00637389
        8480     1.67166     1.40933  0.00637321
        8481     1.66446     1.40936  0.00637253
        8482     1.65833     1.40939  0.00637185
        8483     1.65262     1.40942  0.00637116
        8484     1.64767     1.40944  0.00637047
        8485     1.64329     1.40947  0.00636978
        8486     1.64005      1.4095  0.00636909
        8487     1.63824     1.40953  0.00636839
        8488     1.63694     1.40955   0.0063677
        8489     1.63716     1.40958  0.00636701
        8490     1.63796     1.40961  0.00636631
        8491      1.6396     1.40963  0.00636562
        8492     1.64328     1.40966  0.00636493
        8493      1.6478     1.40969  0.00636424
        8494     1.65336     1.40972  0.00636356
        8495     1.66019     1.40975  0.00636288
        8496     1.66678     1.40978   0.0063622
        8497     1.67428     1.40981  0.00636153
        8498     1.68359     1.40984  0.00636086
        8499     1.69318     1.40987   0.0063602
        8500     1.70272     1.40991  0.00635955
        8501     1.71332     1.40994   0.0063589
        8502     1.72414     1.40998  0.00635826
        8503     1.73581     1.41002  0.00635763
        8504     1.74771     1.41006    0.006357
        8505     1.75949      1.4101  0.00635639
        8506     1.77103     1.41014  0.00635578
        8507     1.78365     1.41019  0.00635519
        8508     1.79529     1.41023   0.0063546
        8509     1.80681     1.41028  0.00635402
        8510     1.81808     1.41033  0.00635346
        8511     1.82851     1.41038   0.0063529
        8512     1.83847     1.41043  0.00635235
        8513      1.8474     1.41048  0.00635182
        8514     1.85496     1.41053  0.00635128
        8515     1.86155     1.41058  0.00635076
        8516     1.86712     1.41064  0.00635024
        8517     1.87185     1.41069  0.00634973
        8518     1.87594     1.41075  0.00634921
        8519     1.87863      1.4108  0.00634871
        8520     1.87992     1.41086   0.0063482
        8521     1.88004     1.41091  0.00634769
        8522     1.87997     1.41097  0.00634719
        8523     1.87709     1.41102  0.00634668
        8524     1.87455     1.41107  0.00634617
        8525     1.87023     1.41113  0.00634565
        8526     1.86517     1.41118  0.00634513
        8527     1.85846     1.41123   0.0063446
        8528     1.85164     1.41129  0.00634407
        8529     1.84334     1.41134  0.00634353
        8530     1.83533     1.41139  0.00634298
        8531     1.82628     1.41143  0.00634242
        8532     1.81653     1.41148  0.00634186
        8533      1.8062     1.41153  0.00634128
        8534     1.79562     1.41157   0.0063407
        8535     1.78587     1.41162  0.00634011
        8536      1.7754     1.41166  0.00633951
        8537     1.76574      1.4117   0.0063389
        8538     1.75581     1.41174  0.00633829
        8539     1.74668     1.41178  0.00633767
        8540     1.73726     1.41182  0.00633704
        8541     1.72837     1.41186   0.0063364
        8542     1.72058     1.41189  0.00633577
        8543     1.71303     1.41193  0.00633512
        8544     1.70678     1.41196  0.00633447
        8545     1.70092       1.412  0.00633382
        8546     1.69531     1.41203  0.00633317
        8547     1.69288     1.41206  0.00633251
        8548     1.69034     1.41209  0.00633186
        8549      1.6887     1.41213   0.0063312
        8550     1.68749     1.41216  0.00633054
        8551     1.68821     1.41219  0.00632988
        8552     1.69063     1.41222  0.00632923
        8553     1.69403     1.41226  0.00632857
        8554     1.69889     1.41229  0.00632792
        8555     1.70519     1.41232  0.00632727
        8556      1.7117     1.41236  0.00632663
        8557     1.71984      1.4124  0.00632599
        8558     1.72955     1.41243  0.00632536
        8559     1.73981     1.41247  0.00632474
        8560     1.75104     1.41251  0.00632412
        8561     1.76365     1.41255  0.00632352
        8562     1.77682     1.41259  0.00632292
        8563     1.79048     1.41264  0.00632234
        8564       1.805     1.41268  0.00632177
        8565     1.82005     1.41273  0.00632121
        8566      1.8353     1.41278  0.00632066
        8567     1.85087     1.41283  0.00632013
        8568     1.86642     1.41288  0.00631961
        8569     1.88137     1.41294  0.00631911
        8570     1.89659       1.413  0.00631863
        8571     1.91172     1.41305  0.00631816
        8572     1.92668     1.41311  0.00631771
        8573     1.94282     1.41318  0.00631727
        8574     1.95765     1.41324  0.00631685
        8575     1.97229      1.4133  0.00631645
        8576     1.98595     1.41337  0.00631607
        8577     1.99953     1.41344   0.0063157
        8578       2.012     1.41351  0.00631535
        8579     2.02427     1.41358  0.00631502
        8580     2.03582     1.41365   0.0063147
        8581     2.04612     1.41373  0.00631439
        8582     2.05563      1.4138   0.0063141
        8583     2.06457     1.41388  0.00631382
        8584     2.07293     1.41395  0.00631355
        8585     2.08069     1.41403  0.00631329
        8586     2.08715     1.41411  0.00631304
        8587     2.09303     1.41419   0.0063128
        8588     2.09836     1.41427  0.00631257
        8589      2.1022     1.41435  0.00631234
        8590     2.10506     1.41443  0.00631212
        8591     2.10868     1.41451   0.0063119
        8592     2.11189     1.41459  0.00631169
        8593     2.11329     1.41467  0.00631148
        8594     2.11512     1.41475  0.00631127
        8595     2.11573     1.41484  0.00631106
        8596     2.11687     1.41492  0.00631086
        8597      2.1169       1.415  0.00631065
        8598     2.11685     1.41508  0.00631045
        8599     2.11627     1.41516  0.00631024
        8600     2.11546     1.41524  0.00631003
        8601     2.11398     1.41532  0.00630982
        8602     2.11307     1.41541  0.00630961
        8603     2.11106     1.41549  0.00630939
        8604     2.10966     1.41557  0.00630918
        8605     2.10792     1.41565  0.00630896
        8606     2.10609     1.41573  0.00630873
        8607     2.10464     1.41581  0.00630851
        8608     2.10285     1.41589  0.00630828
        8609     2.10021     1.41597  0.00630805
        8610     2.09815     1.41605  0.00630781
        8611      2.0952     1.41613  0.00630757
        8612     2.09253      1.4162  0.00630733
        8613     2.08988     1.41628  0.00630708
        8614     2.08698     1.41636  0.00630683
        8615     2.08331     1.41644  0.00630657
        8616     2.07886     1.41651  0.00630631
        8617      2.0748     1.41659  0.00630604
        8618     2.07041     1.41667  0.00630577
        8619     2.06591     1.41674  0.00630548
        8620     2.06082     1.41682   0.0063052
        8621     2.05539     1.41689   0.0063049
        8622     2.04963     1.41696  0.00630459
        8623     2.04309     1.41704  0.00630428
        8624     2.03676     1.41711  0.00630396
        8625      2.0307     1.41718  0.00630363
        8626     2.02445     1.41725  0.00630329
        8627     2.01809     1.41732  0.00630295
        8628     2.01144     1.41739  0.00630259
        8629     2.00455     1.41746  0.00630223
        8630       1.998     1.41752  0.00630186
        8631     1.99136     1.41759  0.00630148
        8632     1.98496     1.41766  0.00630109
        8633     1.97887     1.41772   0.0063007
        8634     1.97292     1.41779   0.0063003
        8635      1.9684     1.41785  0.00629989
        8636     1.96343     1.41791  0.00629948
        8637     1.95905     1.41798  0.00629906
        8638     1.95579     1.41804  0.00629864
        8639     1.95322      1.4181  0.00629821
        8640     1.95115     1.41816  0.00629779
        8641     1.94962     1.41822  0.00629736
        8642     1.94912     1.41828  0.00629693
        8643     1.94992     1.41835   0.0062965
        8644      1.9513     1.41841  0.00629607
        8645     1.95303     1.41847  0.00629565
        8646     1.95678     1.41853  0.00629523
        8647     1.95988     1.41859  0.00629481
        8648     1.96472     1.41866   0.0062944
        8649     1.97007     1.41872    0.006294
        8650     1.97589     1.41879   0.0062936
        8651     1.98237     1.41885  0.00629321
        8652     1.98995     1.41892  0.00629283
        8653     1.99809     1.41898  0.00629245
        8654     2.00626     1.41905  0.00629209
        8655     2.01512     1.41912  0.00629174
        8656     2.02364     1.41919   0.0062914
        8657     2.03273     1.41926  0.00629108
        8658     2.04305     1.41933  0.00629076
        8659      2.0526     1.41941  0.00629046
        8660      2.0618     1.41948  0.00629017
        8661     2.07205     1.41956   0.0062899
        8662     2.08159     1.41963  0.00628964
        8663     2.09133     1.41971  0.00628939
        8664     2.10051     1.41979  0.00628915
        8665      2.1105     1.41987  0.00628893
        8666     2.12005     1.41995  0.00628872
        8667     2.12961     1.42003  0.00628853
        8668     2.13913     1.42011  0.00628835
        8669     2.14761      1.4202  0.00628819
        8670      2.1567     1.42028  0.00628804
        8671     2.16467     1.42037   0.0062879
        8672     2.17271     1.42045  0.00628777
        8673     2.17982     1.42054  0.00628766
        8674     2.18575     1.42063  0.00628755
        8675     2.19167     1.42072  0.00628745
        8676     2.19733     1.42081  0.00628737
        8677     2.20273      1.4209  0.00628729
        8678     2.20712     1.42099  0.00628721
        8679     2.21124     1.42108  0.00628715
        8680     2.21531     1.42117  0.00628709
        8681     2.21815     1.42126  0.00628704
        8682     2.22047     1.42136  0.00628699
        8683     2.22301     1.42145  0.00628694
        8684     2.22409     1.42154   0.0062869
        8685     2.22493     1.42163  0.00628685
        8686     2.22555     1.42173  0.00628681
        8687     2.22596     1.42182  0.00628677
        8688      2.2257     1.42191  0.00628673
        8689     2.22526       1.422  0.00628668
        8690     2.22443      1.4221  0.00628664
        8691     2.22299     1.42219  0.00628659
        8692      2.2219     1.42228  0.00628654
        8693     2.21975     1.42237  0.00628648
        8694     2.21679     1.42246  0.00628643
        8695       2.214     1.42255  0.00628636
        8696     2.21116     1.42264  0.00628629
        8697     2.20755     1.42274  0.00628622
        8698     2.20391     1.42282  0.00628614
        8699     2.20024     1.42291  0.00628605
        8700     2.19609       1.423  0.00628595
        8701     2.19216     1.42309  0.00628585
        8702     2.18704     1.42318  0.00628574
        8703     2.18241     1.42327  0.00628563
        8704     2.17731     1.42335   0.0062855
        8705     2.17199     1.42344  0.00628537
        8706     2.16525     1.42352  0.00628522
        8707      2.1595     1.42361  0.00628507
        8708     2.15355     1.42369  0.00628491
        8709      2.1474     1.42378  0.00628474
        8710      2.1408     1.42386  0.00628455
        8711      2.1345     1.42394  0.00628436
        8712     2.12729     1.42402  0.00628416
        8713     2.12013      1.4241  0.00628395
        8714     2.11303     1.42418  0.00628372
        8715     2.10623     1.42426  0.00628349
        8716     2.09828     1.42434  0.00628324
        8717     2.09064     1.42441  0.00628299
        8718      2.0828     1.42449  0.00628272
        8719     2.07478     1.42456  0.00628244
        8720     2.06655     1.42464  0.00628215
        8721     2.05837     1.42471  0.00628185
        8722     2.04973     1.42478  0.00628154
        8723     2.04062     1.42485  0.00628122
        8724     2.03176     1.42492  0.00628088
        8725     2.02193     1.42499  0.00628054
        8726     2.01255     1.42506  0.00628018
        8727     2.00241     1.42512  0.00627981
        8728     1.99246     1.42519  0.00627942
        8729     1.98173     1.42525  0.00627903
        8730     1.97068     1.42531  0.00627862
        8731     1.95979     1.42537   0.0062782
        8732     1.94808     1.42543  0.00627776
        8733     1.93676     1.42549  0.00627732
        8734     1.92366     1.42555  0.00627686
        8735     1.91118     1.42561  0.00627639
        8736     1.89887     1.42566   0.0062759
        8737     1.88553     1.42571   0.0062754
        8738     1.87262     1.42576  0.00627489
        8739     1.85896     1.42581  0.00627437
        8740     1.84579     1.42586  0.00627384
        8741     1.83217     1.42591  0.00627329
        8742     1.81719     1.42595  0.00627273
        8743     1.80306       1.426  0.00627217
        8744     1.78862     1.42604  0.00627159
        8745     1.77394     1.42608  0.00627099
        8746     1.76002     1.42611  0.00627039
        8747     1.74598     1.42615  0.00626978
        8748     1.73164     1.42619  0.00626916
        8749     1.71633     1.42622  0.00626854
        8750     1.70256     1.42625   0.0062679
        8751     1.68893     1.42628  0.00626725
        8752     1.67673     1.42631   0.0062666
        8753     1.66483     1.42634  0.00626595
        8754     1.65379     1.42636  0.00626528
        8755     1.64271     1.42639  0.00626462
        8756     1.63264     1.42641  0.00626395
        8757     1.62314     1.42643  0.00626327
        8758     1.61478     1.42645  0.00626259
        8759      1.6076     1.42648  0.00626191
        8760      1.6012      1.4265  0.00626123
        8761     1.59464     1.42651  0.00626054
        8762     1.58968     1.42653  0.00625986
        8763     1.58635     1.42655  0.00625917
        8764     1.58396     1.42657  0.00625848
        8765     1.58303     1.42659  0.00625779
        8766     1.58333     1.42661   0.0062571
        8767     1.58514     1.42662  0.00625642
        8768     1.58773     1.42664  0.00625573
        8769      1.5916     1.42666  0.00625505
        8770     1.59649     1.42668  0.00625436
        8771     1.60433      1.4267  0.00625368
        8772     1.61317     1.42672    0.006253
        8773     1.62252     1.42674  0.00625233
        8774     1.63258     1.42677  0.00625166
        8775      1.6438     1.42679    0.006251
        8776     1.65686     1.42682  0.00625034
        8777     1.67076     1.42685  0.00624969
        8778     1.68543     1.42688  0.00624905
        8779     1.70106     1.42691  0.00624842
        8780     1.71708     1.42694  0.00624779
        8781     1.73441     1.42697  0.00624718
        8782     1.75173     1.42701  0.00624658
        8783     1.77089     1.42705  0.00624599
        8784     1.79035     1.42709  0.00624541
        8785     1.81048     1.42714  0.00624486
        8786     1.83167     1.42718  0.00624431
        8787     1.85186     1.42723  0.00624379
        8788     1.87311     1.42728  0.00624329
        8789      1.8936     1.42733   0.0062428
        8790     1.91395     1.42739  0.00624234
        8791     1.93402     1.42745  0.00624189
        8792     1.95417     1.42751  0.00624147
        8793      1.9738     1.42757  0.00624107
        8794     1.99328     1.42763  0.00624069
        8795     2.01082      1.4277  0.00624033
        8796     2.02655     1.42777     0.00624
        8797      2.0428     1.42784  0.00623968
        8798     2.05756     1.42791  0.00623938
        8799     2.07173     1.42798   0.0062391
        8800      2.0855     1.42806  0.00623884
        8801     2.09668     1.42813  0.00623859
        8802     2.10718     1.42821  0.00623836
        8803     2.11651     1.42829  0.00623814
        8804     2.12398     1.42837  0.00623793
        8805     2.13127     1.42845  0.00623774
        8806     2.13652     1.42853  0.00623754
        8807     2.14146     1.42861  0.00623736
        8808     2.14565     1.42869  0.00623719
        8809     2.14917     1.42877  0.00623701
        8810     2.15158     1.42885  0.00623684
        8811     2.15441     1.42894  0.00623668
        8812     2.15555     1.42902  0.00623652
        8813     2.15603      1.4291  0.00623636
        8814     2.15565     1.42918  0.00623619
        8815     2.15448     1.42927  0.00623603
        8816     2.15279     1.42935  0.00623586
        8817     2.15014     1.42943  0.00623569
        8818     2.14728     1.42951  0.00623551
        8819     2.14399     1.42959  0.00623533
        8820     2.14078     1.42967  0.00623515
        8821     2.13717     1.42975  0.00623496
        8822     2.13268     1.42983  0.00623476
        8823     2.12805     1.42991  0.00623455
        8824     2.12278     1.42999  0.00623434
        8825     2.11736     1.43007  0.00623412
        8826     2.11106     1.43015  0.00623389
        8827     2.10485     1.43022  0.00623366
        8828     2.09872      1.4303  0.00623341
        8829     2.09194     1.43037  0.00623315
        8830     2.08406     1.43045  0.00623289
        8831     2.07627     1.43052  0.00623261
        8832     2.06835     1.43059  0.00623232
        8833     2.06009     1.43066  0.00623203
        8834      2.0515     1.43073  0.00623172
        8835     2.04286      1.4308   0.0062314
        8836     2.03299     1.43087  0.00623106
        8837     2.02315     1.43094  0.00623072
        8838     2.01386       1.431  0.00623036
        8839     2.00423     1.43107     0.00623
        8840     1.99573     1.43113  0.00622962
        8841     1.98484      1.4312  0.00622923
        8842     1.97523     1.43126  0.00622883
        8843     1.96578     1.43132  0.00622842
        8844     1.95678     1.43138    0.006228
        8845     1.94785     1.43143  0.00622757
        8846     1.93906     1.43149  0.00622713
        8847     1.93049     1.43155  0.00622668
        8848     1.92269      1.4316  0.00622622
        8849     1.91454     1.43166  0.00622576
        8850     1.90876     1.43171  0.00622529
        8851      1.9035     1.43177  0.00622481
        8852     1.89857     1.43182  0.00622433
        8853     1.89453     1.43187  0.00622385
        8854     1.89069     1.43192  0.00622336
        8855     1.88854     1.43197  0.00622287
        8856      1.8879     1.43203  0.00622238
        8857      1.8866     1.43208  0.00622189
        8858     1.88685     1.43213   0.0062214
        8859     1.88938     1.43218  0.00622091
        8860     1.89203     1.43223  0.00622043
        8861     1.89598     1.43228  0.00621994
        8862     1.90219     1.43234  0.00621947
        8863     1.90894     1.43239    0.006219
        8864     1.91644     1.43245  0.00621854
        8865     1.92464      1.4325  0.00621808
        8866     1.93421     1.43256  0.00621764
        8867     1.94411     1.43262  0.00621721
        8868     1.95571     1.43267  0.00621679
        8869      1.9663     1.43273  0.00621638
        8870     1.97722      1.4328  0.00621598
        8871     1.98886     1.43286  0.00621559
        8872     2.00206     1.43292  0.00621522
        8873     2.01528     1.43299  0.00621487
        8874     2.02961     1.43306  0.00621453
        8875     2.04251     1.43312  0.00621421
        8876      2.0558     1.43319  0.00621391
        8877     2.06888     1.43327  0.00621362
        8878     2.08088     1.43334  0.00621335
        8879     2.09338     1.43341  0.00621309
        8880     2.10458     1.43349  0.00621285
        8881     2.11531     1.43357  0.00621263
        8882     2.12523     1.43364  0.00621242
        8883     2.13401     1.43372  0.00621222
        8884     2.14203      1.4338  0.00621203
        8885     2.14968     1.43388  0.00621185
        8886     2.15546     1.43396  0.00621169
        8887     2.15955     1.43405  0.00621152
        8888     2.16286     1.43413  0.00621137
        8889     2.16535     1.43421  0.00621121
        8890     2.16652     1.43429  0.00621106
        8891     2.16613     1.43437  0.00621091
        8892     2.16417     1.43446  0.00621075
        8893     2.16067     1.43454  0.00621059
        8894     2.15637     1.43462  0.00621042
        8895     2.15084      1.4347  0.00621024
        8896     2.14388     1.43478  0.00621006
        8897      2.1365     1.43486  0.00620986
        8898     2.12662     1.43494  0.00620965
        8899     2.11646     1.43501  0.00620942
        8900     2.10564     1.43509  0.00620918
        8901     2.09326     1.43516  0.00620893
        8902     2.08085     1.43523  0.00620865
        8903     2.06755     1.43531  0.00620836
        8904     2.05369     1.43538  0.00620805
        8905     2.03912     1.43544  0.00620772
        8906     2.02417     1.43551  0.00620738
        8907      2.0087     1.43557  0.00620702
        8908     1.99376     1.43564  0.00620664
        8909     1.97969      1.4357  0.00620624
        8910     1.96442     1.43576  0.00620583
        8911     1.94901     1.43581   0.0062054
        8912      1.9333     1.43587  0.00620495
        8913     1.91788     1.43592  0.00620449
        8914     1.90379     1.43598  0.00620402
        8915     1.89042     1.43603  0.00620353
        8916     1.87641     1.43608  0.00620303
        8917     1.86354     1.43612  0.00620252
        8918     1.85142     1.43617    0.006202
        8919     1.84086     1.43622  0.00620147
        8920     1.83076     1.43626  0.00620093
        8921     1.82118      1.4363  0.00620039
        8922     1.81367     1.43635  0.00619984
        8923     1.80515     1.43639  0.00619928
        8924     1.79933     1.43643  0.00619872
        8925     1.79432     1.43647  0.00619816
        8926     1.79188     1.43651  0.00619759
        8927     1.78986     1.43655  0.00619702
        8928     1.78949     1.43659  0.00619645
        8929     1.79079     1.43663  0.00619589
        8930     1.79325     1.43667  0.00619532
        8931      1.7971     1.43671  0.00619476
        8932     1.80226     1.43675   0.0061942
        8933     1.80892     1.43679  0.00619365
        8934     1.81722     1.43683   0.0061931
        8935     1.82728     1.43688  0.00619256
        8936     1.83583     1.43692  0.00619203
        8937     1.84562     1.43697  0.00619151
        8938     1.85694     1.43701  0.00619099
        8939     1.86914     1.43706  0.00619049
        8940     1.88082     1.43711  0.00618999
        8941     1.89276     1.43716  0.00618951
        8942     1.90454     1.43721  0.00618904
        8943     1.91573     1.43727  0.00618858
        8944     1.92593     1.43732  0.00618813
        8945     1.93526     1.43738  0.00618769
        8946     1.94456     1.43744  0.00618725
        8947     1.95279     1.43749  0.00618683
        8948     1.96063     1.43755  0.00618642
        8949     1.96661     1.43761  0.00618601
        8950     1.97196     1.43767   0.0061856
        8951     1.97626     1.43773  0.00618521
        8952     1.97959     1.43779  0.00618481
        8953     1.98397     1.43785  0.00618442
        8954     1.98762     1.43791  0.00618404
        8955     1.98996     1.43798  0.00618365
        8956     1.99234     1.43804  0.00618327
        8957     1.99445      1.4381  0.00618289
        8958     1.99692     1.43816  0.00618252
        8959     1.99944     1.43822  0.00618214
        8960     2.00288     1.43829  0.00618178
        8961     2.00663     1.43835  0.00618141
        8962     2.01228     1.43841  0.00618105
        8963     2.01799     1.43848   0.0061807
        8964      2.0241     1.43854  0.00618036
        8965     2.03091     1.43861  0.00618002
        8966     2.03848     1.43868  0.00617969
        8967     2.04732     1.43875  0.00617938
        8968     2.05792     1.43881  0.00617907
        8969     2.06981     1.43888  0.00617879
        8970     2.08128     1.43896  0.00617851
        8971      2.0947     1.43903  0.00617826
        8972     2.10955      1.4391  0.00617802
        8973     2.12529     1.43918   0.0061778
        8974     2.14112     1.43926  0.00617761
        8975     2.15698     1.43934  0.00617744
        8976     2.17494     1.43942   0.0061773
        8977     2.19323      1.4395  0.00617718
        8978     2.21151     1.43959  0.00617709
        8979     2.23016     1.43968  0.00617703
        8980     2.25005     1.43977    0.006177
        8981     2.26938     1.43986    0.006177
        8982     2.28806     1.43996  0.00617704
        8983     2.30719     1.44005   0.0061771
        8984     2.32619     1.44015   0.0061772
        8985     2.34521     1.44025  0.00617734
        8986     2.36415     1.44035   0.0061775
        8987     2.38245     1.44046  0.00617771
        8988     2.40027     1.44057  0.00617794
        8989     2.41754     1.44068  0.00617821
        8990     2.43444     1.44079  0.00617851
        8991     2.45044      1.4409  0.00617885
        8992     2.46574     1.44101  0.00617921
        8993     2.48079     1.44113   0.0061796
        8994     2.49484     1.44124  0.00618003
        8995     2.50813     1.44136  0.00618048
        8996     2.52089     1.44148  0.00618096
        8997     2.53218      1.4416  0.00618146
        8998     2.54346     1.44173  0.00618198
        8999     2.55379     1.44185  0.00618253
        9000     2.56273     1.44198   0.0061831
        9001     2.57106      1.4421  0.00618368
        9002     2.58001     1.44223  0.00618429
        9003     2.58749     1.44235  0.00618491
        9004     2.59475     1.44248  0.00618555
        9005     2.60088     1.44261   0.0061862
        9006     2.60788     1.44274  0.00618686
        9007     2.61386     1.44287  0.00618754
        9008     2.62033       1.443  0.00618824
        9009     2.62541     1.44313  0.00618894
        9010     2.63154     1.44326  0.00618966
        9011     2.63755      1.4434  0.00619039
        9012      2.6425     1.44353  0.00619114
        9013     2.64831     1.44366  0.00619189
        9014     2.65308      1.4438  0.00619266
        9015     2.65821     1.44393  0.00619344
        9016     2.66274     1.44407  0.00619422
        9017      2.6671      1.4442  0.00619502
        9018      2.6727     1.44434  0.00619583
        9019     2.67708     1.44448  0.00619665
        9020      2.6809     1.44461  0.00619748
        9021     2.68458     1.44475  0.00619832
        9022     2.68684     1.44489  0.00619916
        9023     2.68907     1.44503  0.00620001
        9024     2.69169     1.44516  0.00620086
        9025     2.69366      1.4453  0.00620172
        9026      2.6942     1.44544  0.00620257
        9027     2.69376     1.44558  0.00620343
        9028     2.69326     1.44572  0.00620428
        9029     2.69145     1.44586  0.00620512
        9030     2.68904     1.44599  0.00620596
        9031     2.68626     1.44613   0.0062068
        9032     2.68286     1.44627  0.00620762
        9033     2.67789      1.4464  0.00620843
        9034      2.6728     1.44654  0.00620923
        9035     2.66618     1.44667  0.00621001
        9036     2.65899     1.44681  0.00621077
        9037     2.65056     1.44694  0.00621151
        9038     2.64186     1.44707  0.00621223
        9039     2.63221      1.4472  0.00621293
        9040     2.62212     1.44733   0.0062136
        9041     2.61065     1.44746  0.00621424
        9042     2.59808     1.44759  0.00621486
        9043     2.58612     1.44772  0.00621545
        9044     2.57336     1.44784    0.006216
        9045     2.56006     1.44796  0.00621653
        9046     2.54553     1.44809  0.00621703
        9047     2.53148     1.44821   0.0062175
        9048      2.5165     1.44832  0.00621793
        9049     2.50255     1.44844  0.00621833
        9050     2.48725     1.44855  0.00621871
        9051     2.47112     1.44867  0.00621905
        9052     2.45467     1.44878  0.00621935
        9053     2.43842     1.44889  0.00621963
        9054     2.42121       1.449  0.00621987
        9055     2.40427      1.4491  0.00622007
        9056      2.3874      1.4492  0.00622025
        9057     2.36968     1.44931  0.00622039
        9058     2.35138     1.44941   0.0062205
        9059     2.33278      1.4495  0.00622058
        9060     2.31607      1.4496  0.00622063
        9061     2.29887     1.44969  0.00622065
        9062     2.28121     1.44978  0.00622064
        9063     2.26406     1.44987   0.0062206
        9064     2.24576     1.44996  0.00622053
        9065     2.22801     1.45005  0.00622044
        9066     2.21104     1.45013  0.00622032
        9067     2.19365     1.45021  0.00622018
        9068     2.17658     1.45029  0.00622001
        9069     2.15909     1.45037  0.00621981
        9070     2.14189     1.45045  0.00621959
        9071     2.12498     1.45052  0.00621935
        9072     2.10788      1.4506  0.00621909
        9073     2.09128     1.45067   0.0062188
        9074     2.07423     1.45073   0.0062185
        9075     2.05742      1.4508  0.00621817
        9076     2.04038     1.45087  0.00621783
        9077     2.02357     1.45093  0.00621746
        9078     2.00603     1.45099  0.00621708
        9079     1.98896     1.45105  0.00621667
        9080     1.97259     1.45111  0.00621625
        9081     1.95573     1.45116  0.00621582
        9082     1.93863     1.45122  0.00621537
        9083       1.922     1.45127   0.0062149
        9084     1.90537     1.45132  0.00621441
        9085       1.889     1.45137  0.00621392
        9086     1.87145     1.45141  0.00621341
        9087     1.85513     1.45146  0.00621288
        9088     1.83886      1.4515  0.00621234
        9089     1.82241     1.45154  0.00621179
        9090     1.80604     1.45158  0.00621123
        9091     1.78929     1.45162  0.00621066
        9092     1.77264     1.45165  0.00621008
        9093      1.7554     1.45169  0.00620948
        9094     1.73976     1.45172  0.00620888
        9095     1.72332     1.45175  0.00620827
        9096      1.7078     1.45178  0.00620765
        9097     1.69177      1.4518  0.00620703
        9098     1.67695     1.45183  0.00620639
        9099     1.66144     1.45185  0.00620575
        9100       1.646     1.45187  0.00620511
        9101     1.63162     1.45189  0.00620446
        9102     1.61762     1.45191   0.0062038
        9103     1.60451     1.45193  0.00620314
        9104     1.59162     1.45194  0.00620248
        9105     1.57873     1.45195  0.00620182
        9106     1.56662     1.45197  0.00620115
        9107     1.55506     1.45198  0.00620048
        9108     1.54409     1.45199  0.00619981
        9109     1.53421       1.452  0.00619913
        9110     1.52377     1.45201  0.00619846
        9111     1.51492     1.45201  0.00619778
        9112     1.50673     1.45202   0.0061971
        9113     1.49967     1.45202  0.00619642
        9114      1.4923     1.45203  0.00619575
        9115     1.48556     1.45203  0.00619507
        9116     1.47992     1.45203  0.00619439
        9117     1.47509     1.45204  0.00619371
        9118      1.4708     1.45204  0.00619303
        9119     1.46582     1.45204  0.00619235
        9120     1.46273     1.45204  0.00619167
        9121      1.4598     1.45204  0.00619099
        9122     1.45721     1.45204  0.00619032
        9123     1.45468     1.45204  0.00618964
        9124     1.45189     1.45204  0.00618896
        9125     1.45023     1.45204  0.00618828
        9126     1.44844     1.45204   0.0061876
        9127     1.44622     1.45204  0.00618692
        9128     1.44424     1.45204  0.00618625
        9129     1.44268     1.45204  0.00618557
        9130     1.44005     1.45204  0.00618489
        9131     1.43799     1.45204  0.00618421
        9132     1.43501     1.45204  0.00618354
        9133     1.43325     1.45203  0.00618286
        9134     1.43075     1.45203  0.00618218
        9135     1.42749     1.45203  0.00618151
        9136     1.42441     1.45203  0.00618083
        9137     1.42006     1.45202  0.00618016
        9138     1.41611     1.45202  0.00617948
        9139     1.41185     1.45201  0.00617881
        9140     1.40632     1.45201  0.00617813
        9141     1.40098       1.452  0.00617746
        9142     1.39512       1.452  0.00617679
        9143      1.3895     1.45199  0.00617612
        9144     1.38342     1.45198  0.00617544
        9145     1.37691     1.45197  0.00617477
        9146     1.37049     1.45197  0.00617411
        9147     1.36349     1.45196  0.00617344
        9148     1.35666     1.45195  0.00617277
        9149     1.34957     1.45193  0.00617211
        9150     1.34323     1.45192  0.00617144
        9151     1.33743     1.45191  0.00617078
        9152     1.33151      1.4519  0.00617012
        9153     1.32573     1.45188  0.00616946
        9154     1.32012     1.45187  0.00616881
        9155     1.31376     1.45185  0.00616815
        9156     1.30811     1.45184   0.0061675
        9157     1.30344     1.45182  0.00616685
        9158     1.29807     1.45181   0.0061662
        9159     1.29275     1.45179  0.00616555
        9160     1.28867     1.45177   0.0061649
        9161     1.28463     1.45175  0.00616425
        9162     1.28088     1.45173  0.00616361
        9163      1.2774     1.45171  0.00616297
        9164     1.27345     1.45169  0.00616232
        9165     1.26975     1.45167  0.00616168
        9166     1.26699     1.45165  0.00616104
        9167     1.26444     1.45163  0.00616041
        9168      1.2628     1.45161  0.00615977
        9169     1.26013     1.45159  0.00615913
        9170     1.25761     1.45157   0.0061585
        9171     1.25524     1.45155  0.00615786
        9172     1.25325     1.45153  0.00615723
        9173     1.25139     1.45151   0.0061566
        9174     1.24917     1.45148  0.00615596
        9175     1.24805     1.45146  0.00615533
        9176     1.24659     1.45144   0.0061547
        9177     1.24553     1.45142  0.00615407
        9178     1.24463      1.4514  0.00615344
        9179     1.24393     1.45137  0.00615282
        9180      1.2432     1.45135  0.00615219
        9181      1.2427     1.45133  0.00615156
        9182     1.24319      1.4513  0.00615093
        9183     1.24323     1.45128   0.0061503
        9184     1.24406     1.45126  0.00614967
        9185     1.24473     1.45124  0.00614905
        9186     1.24598     1.45121  0.00614842
        9187     1.24685     1.45119  0.00614779
        9188     1.24831     1.45117  0.00614716
        9189     1.25084     1.45115  0.00614653
        9190       1.253     1.45113   0.0061459
        9191     1.25572     1.45111  0.00614526
        9192     1.25922     1.45108  0.00614463
        9193     1.26227     1.45106    0.006144
        9194     1.26556     1.45104  0.00614336
        9195     1.26979     1.45102  0.00614273
        9196     1.27417       1.451  0.00614209
        9197     1.27793     1.45099  0.00614145
        9198     1.28224     1.45097  0.00614081
        9199     1.28584     1.45095  0.00614017
        9200     1.28989     1.45093  0.00613953
        9201     1.29361     1.45092  0.00613888
        9202     1.29816      1.4509  0.00613824
        9203      1.3011     1.45088  0.00613759
        9204     1.30502     1.45087  0.00613695
        9205     1.30774     1.45085   0.0061363
        9206     1.31044     1.45084  0.00613565
        9207      1.3126     1.45082    0.006135
        9208      1.3147     1.45081  0.00613435
        9209     1.31722     1.45079  0.00613371
        9210      1.3187     1.45078  0.00613306
        9211     1.31963     1.45076  0.00613241
        9212     1.32147     1.45075  0.00613176
        9213     1.32255     1.45073  0.00613111
        9214     1.32311     1.45072  0.00613046
        9215     1.32343     1.45071  0.00612981
        9216     1.32328     1.45069  0.00612916
        9217     1.32293     1.45068  0.00612851
        9218     1.32266     1.45067  0.00612786
        9219     1.32247     1.45065  0.00612721
        9220     1.32145     1.45064  0.00612656
        9221     1.32057     1.45062  0.00612591
        9222     1.32011     1.45061  0.00612527
        9223     1.31938      1.4506  0.00612462
        9224     1.31913     1.45058  0.00612397
        9225     1.31843     1.45057  0.00612332
        9226     1.31827     1.45055  0.00612268
        9227     1.31796     1.45054  0.00612203
        9228     1.31802     1.45052  0.00612138
        9229     1.31751     1.45051  0.00612074
        9230     1.31721     1.45049  0.00612009
        9231     1.31713     1.45048  0.00611945
        9232     1.31756     1.45047   0.0061188
        9233     1.31782     1.45045  0.00611815
        9234     1.31866     1.45044  0.00611751
        9235     1.31989     1.45042  0.00611686
        9236     1.32227     1.45041  0.00611622
        9237     1.32414      1.4504  0.00611557
        9238     1.32626     1.45038  0.00611492
        9239     1.32964     1.45037  0.00611427
        9240     1.33357     1.45036  0.00611362
        9241     1.33834     1.45034  0.00611298
        9242     1.34277     1.45033  0.00611232
        9243     1.34856     1.45032  0.00611167
        9244     1.35477     1.45031  0.00611102
        9245      1.3619      1.4503  0.00611037
        9246     1.36973     1.45029  0.00610971
        9247     1.37753     1.45029  0.00610906
        9248       1.387     1.45028   0.0061084
        9249     1.39668     1.45027  0.00610774
        9250     1.40682     1.45027  0.00610708
        9251     1.41836     1.45026  0.00610643
        9252     1.43007     1.45026  0.00610577
        9253     1.44265     1.45026  0.00610511
        9254     1.45607     1.45026  0.00610445
        9255     1.47028     1.45026  0.00610379
        9256       1.485     1.45027  0.00610313
        9257     1.49969     1.45027  0.00610247
        9258       1.515     1.45028  0.00610182
        9259     1.52991     1.45029  0.00610116
        9260     1.54603      1.4503  0.00610051
        9261     1.56085     1.45031  0.00609987
        9262     1.57695     1.45032  0.00609922
        9263     1.59303     1.45034  0.00609858
        9264     1.60874     1.45036  0.00609795
        9265     1.62399     1.45038  0.00609732
        9266     1.63867      1.4504   0.0060967
        9267     1.65267     1.45042  0.00609608
        9268     1.66733     1.45044  0.00609546
        9269     1.68136     1.45047  0.00609486
        9270     1.69368     1.45049  0.00609426
        9271     1.70563     1.45052  0.00609366
        9272     1.71714     1.45055  0.00609307
        9273     1.72764     1.45058  0.00609249
        9274     1.73657     1.45061  0.00609191
        9275     1.74314     1.45064  0.00609133
        9276     1.74948     1.45067  0.00609076
        9277     1.75481     1.45071  0.00609019
        9278     1.75864     1.45074  0.00608963
        9279     1.76167     1.45077  0.00608906
        9280     1.76366     1.45081   0.0060885
        9281     1.76389     1.45084  0.00608794
        9282     1.76264     1.45087  0.00608738
        9283     1.76043     1.45091  0.00608681
        9284      1.7573     1.45094  0.00608625
        9285     1.75262     1.45097  0.00608568
        9286     1.74693       1.451   0.0060851
        9287     1.74152     1.45104  0.00608453
        9288     1.73432     1.45107  0.00608395
        9289     1.72615      1.4511  0.00608337
        9290     1.71808     1.45112  0.00608278
        9291      1.7083     1.45115  0.00608219
        9292     1.69909     1.45118  0.00608159
        9293     1.68935      1.4512  0.00608099
        9294      1.6792     1.45123  0.00608039
        9295     1.66877     1.45125  0.00607978
        9296     1.65911     1.45128  0.00607917
        9297      1.6489      1.4513  0.00607855
        9298     1.63871     1.45132  0.00607793
        9299     1.63034     1.45134  0.00607731
        9300     1.62194     1.45135  0.00607668
        9301     1.61432     1.45137  0.00607605
        9302     1.60756     1.45139  0.00607542
        9303     1.60101      1.4514  0.00607479
        9304     1.59617     1.45142  0.00607416
        9305     1.59094     1.45144  0.00607352
        9306     1.58655     1.45145  0.00607289
        9307     1.58379     1.45146  0.00607225
        9308     1.58122     1.45148  0.00607162
        9309     1.57863     1.45149  0.00607098
        9310     1.57796      1.4515  0.00607034
        9311     1.57802     1.45152  0.00606971
        9312     1.57954     1.45153  0.00606907
        9313     1.58154     1.45155  0.00606843
        9314     1.58545     1.45156   0.0060678
        9315     1.58956     1.45158  0.00606717
        9316      1.5941     1.45159  0.00606653
        9317     1.59976     1.45161   0.0060659
        9318     1.60648     1.45162  0.00606527
        9319     1.61373     1.45164  0.00606465
        9320     1.62147     1.45166  0.00606403
        9321     1.63009     1.45168  0.00606341
        9322     1.63954      1.4517  0.00606279
        9323     1.65021     1.45172  0.00606218
        9324     1.66034     1.45174  0.00606157
        9325     1.67127     1.45177  0.00606096
        9326     1.68195     1.45179  0.00606036
        9327     1.69253     1.45182  0.00605977
        9328     1.70241     1.45184  0.00605918
        9329     1.71367     1.45187  0.00605859
        9330     1.72403      1.4519  0.00605801
        9331     1.73484     1.45193  0.00605744
        9332     1.74482     1.45196  0.00605687
        9333     1.75506     1.45199  0.00605631
        9334     1.76382     1.45203  0.00605575
        9335     1.77293     1.45206   0.0060552
        9336     1.78066      1.4521  0.00605466
        9337     1.78767     1.45213  0.00605412
        9338      1.7944     1.45217  0.00605358
        9339     1.80009     1.45221  0.00605304
        9340     1.80497     1.45224  0.00605251
        9341     1.80828     1.45228  0.00605199
        9342     1.81146     1.45232  0.00605146
        9343     1.81379     1.45236  0.00605094
        9344     1.81456      1.4524  0.00605041
        9345     1.81474     1.45244  0.00604989
        9346     1.81458     1.45248  0.00604937
        9347     1.81314     1.45251  0.00604884
        9348      1.8119     1.45255  0.00604832
        9349     1.80991     1.45259  0.00604779
        9350     1.80672     1.45263  0.00604726
        9351     1.80262     1.45267  0.00604673
        9352     1.79787      1.4527   0.0060462
        9353     1.79277     1.45274  0.00604566
        9354     1.78733     1.45278  0.00604512
        9355     1.78139     1.45281  0.00604458
        9356     1.77425     1.45285  0.00604403
        9357     1.76669     1.45288  0.00604348
        9358     1.75901     1.45291  0.00604292
        9359     1.75101     1.45294  0.00604236
        9360     1.74229     1.45297  0.00604179
        9361     1.73458       1.453  0.00604122
        9362     1.72674     1.45303  0.00604064
        9363     1.71835     1.45306  0.00604007
        9364     1.70971     1.45309  0.00603948
        9365     1.70139     1.45312   0.0060389
        9366     1.69318     1.45314  0.00603831
        9367     1.68613     1.45317  0.00603771
        9368     1.67861     1.45319  0.00603712
        9369     1.67066     1.45321  0.00603652
        9370     1.66307     1.45324  0.00603591
        9371     1.65637     1.45326  0.00603531
        9372     1.64987     1.45328   0.0060347
        9373     1.64411      1.4533  0.00603409
        9374     1.63886     1.45332  0.00603348
        9375     1.63344     1.45334  0.00603287
        9376     1.62882     1.45336  0.00603225
        9377     1.62479     1.45338  0.00603164
        9378     1.62233     1.45339  0.00603102
        9379     1.61973     1.45341   0.0060304
        9380     1.61774     1.45343  0.00602979
        9381     1.61682     1.45345  0.00602917
        9382     1.61672     1.45346  0.00602855
        9383     1.61694     1.45348  0.00602793
        9384     1.61722      1.4535  0.00602732
        9385     1.61777     1.45352   0.0060267
        9386     1.61855     1.45353  0.00602608
        9387     1.61979     1.45355  0.00602547
        9388     1.62168     1.45357  0.00602485
        9389     1.62467     1.45359  0.00602424
        9390     1.62825     1.45361  0.00602363
        9391     1.63164     1.45362  0.00602301
        9392     1.63577     1.45364   0.0060224
        9393     1.63963     1.45366   0.0060218
        9394     1.64271     1.45368  0.00602119
        9395     1.64688      1.4537  0.00602058
        9396     1.65138     1.45373  0.00601998
        9397     1.65594     1.45375  0.00601938
        9398     1.66123     1.45377  0.00601878
        9399     1.66457     1.45379  0.00601818
        9400     1.66858     1.45381  0.00601758
        9401     1.67273     1.45384  0.00601699
        9402     1.67723     1.45386  0.00601639
        9403     1.68108     1.45389   0.0060158
        9404     1.68543     1.45391  0.00601521
        9405     1.68954     1.45394  0.00601462
        9406     1.69263     1.45396  0.00601404
        9407     1.69561     1.45399  0.00601345
        9408     1.69843     1.45401  0.00601287
        9409     1.70006     1.45404  0.00601229
        9410     1.70068     1.45406  0.00601171
        9411     1.70168     1.45409  0.00601113
        9412     1.70201     1.45412  0.00601054
        9413     1.70159     1.45414  0.00600996
        9414     1.70132     1.45417  0.00600938
        9415     1.69967      1.4542   0.0060088
        9416     1.69658     1.45422  0.00600822
        9417     1.69246     1.45425  0.00600763
        9418     1.68653     1.45427  0.00600705
        9419      1.6797      1.4543  0.00600646
        9420     1.67193     1.45432  0.00600586
        9421     1.66321     1.45434  0.00600527
        9422     1.65282     1.45436  0.00600467
        9423     1.64124     1.45438  0.00600406
        9424     1.62874      1.4544  0.00600345
        9425     1.61515     1.45442  0.00600284
        9426     1.60126     1.45443  0.00600222
        9427     1.58547     1.45445   0.0060016
        9428     1.56885     1.45446  0.00600098
        9429       1.552     1.45447  0.00600035
        9430     1.53313     1.45448  0.00599972
        9431     1.51575     1.45448  0.00599909
        9432     1.49784     1.45449  0.00599845
        9433     1.48027     1.45449  0.00599782
        9434     1.46176     1.45449  0.00599718
        9435     1.44318     1.45449  0.00599655
        9436     1.42516     1.45449  0.00599591
        9437     1.40712     1.45448  0.00599528
        9438     1.39016     1.45448  0.00599465
        9439     1.37513     1.45447  0.00599402
        9440     1.36044     1.45446  0.00599339
        9441     1.34549     1.45445  0.00599277
        9442     1.33085     1.45443  0.00599215
        9443     1.31923     1.45442  0.00599153
        9444     1.30806      1.4544  0.00599092
        9445     1.29787     1.45439   0.0059903
        9446     1.28798     1.45437   0.0059897
        9447     1.28129     1.45435  0.00598909
        9448     1.27541     1.45433  0.00598849
        9449     1.27083     1.45431  0.00598788
        9450     1.26754     1.45429  0.00598728
        9451     1.26504     1.45427  0.00598668
        9452     1.26404     1.45425  0.00598608
        9453       1.264     1.45423  0.00598548
        9454     1.26466     1.45421  0.00598488
        9455     1.26717     1.45419  0.00598428
        9456       1.271     1.45417  0.00598368
        9457     1.27539     1.45415  0.00598308
        9458     1.28076     1.45414  0.00598248
        9459     1.28705     1.45412  0.00598187
        9460     1.29374      1.4541  0.00598126
        9461     1.30223     1.45409  0.00598065
        9462     1.31101     1.45407  0.00598004
        9463     1.32077     1.45406  0.00597942
        9464     1.33075     1.45404   0.0059788
        9465     1.34211     1.45403  0.00597818
        9466     1.35361     1.45402  0.00597756
        9467     1.36593     1.45401  0.00597694
        9468     1.37857       1.454  0.00597631
        9469      1.3915       1.454  0.00597568
        9470     1.40566     1.45399  0.00597506
        9471     1.42077     1.45399  0.00597443
        9472     1.43489     1.45399   0.0059738
        9473      1.4504     1.45399  0.00597316
        9474     1.46631     1.45399  0.00597253
        9475     1.48235     1.45399   0.0059719
        9476     1.49825     1.45399  0.00597128
        9477     1.51566       1.454  0.00597065
        9478     1.53287     1.45401  0.00597003
        9479     1.54959     1.45402   0.0059694
        9480       1.567     1.45403  0.00596879
        9481     1.58361     1.45405  0.00596817
        9482     1.60155     1.45406  0.00596756
        9483     1.61932     1.45408  0.00596696
        9484     1.63689      1.4541  0.00596636
        9485     1.65589     1.45412  0.00596577
        9486     1.67362     1.45414  0.00596519
        9487     1.69171     1.45417  0.00596461
        9488     1.70819     1.45419  0.00596404
        9489     1.72493     1.45422  0.00596348
        9490     1.74236     1.45425  0.00596293
        9491     1.75922     1.45428  0.00596239
        9492     1.77569     1.45432  0.00596186
        9493     1.79195     1.45435  0.00596133
        9494     1.80795     1.45439  0.00596082
        9495     1.82218     1.45443  0.00596032
        9496     1.83626     1.45447  0.00595983
        9497     1.84941     1.45451  0.00595935
        9498     1.86158     1.45455  0.00595887
        9499     1.87342      1.4546  0.00595841
        9500     1.88417     1.45464  0.00595795
        9501     1.89376     1.45469  0.00595751
        9502     1.90335     1.45474  0.00595707
        9503     1.91169     1.45479  0.00595663
        9504     1.91922     1.45483  0.00595621
        9505     1.92541     1.45488  0.00595579
        9506        1.93     1.45493  0.00595537
        9507     1.93296     1.45498  0.00595495
        9508     1.93571     1.45503  0.00595454
        9509     1.93679     1.45509  0.00595413
        9510     1.93667     1.45514  0.00595372
        9511      1.9351     1.45519  0.00595331
        9512     1.93282     1.45524   0.0059529
        9513     1.92862     1.45529  0.00595248
        9514     1.92275     1.45534  0.00595205
        9515     1.91645     1.45538  0.00595163
        9516     1.90948     1.45543  0.00595119
        9517     1.90141     1.45548  0.00595075
        9518     1.89226     1.45552   0.0059503
        9519     1.88183     1.45557  0.00594985
        9520     1.87016     1.45561  0.00594938
        9521     1.85828     1.45566  0.00594891
        9522     1.84503      1.4557  0.00594842
        9523     1.83071     1.45574  0.00594793
        9524     1.81538     1.45577  0.00594742
        9525     1.80056     1.45581  0.00594691
        9526     1.78463     1.45584  0.00594639
        9527     1.76816     1.45588  0.00594585
        9528     1.75122     1.45591  0.00594531
        9529     1.73388     1.45594  0.00594476
        9530     1.71696     1.45596   0.0059442
        9531     1.69957     1.45599  0.00594363
        9532     1.68107     1.45601  0.00594305
        9533     1.66348     1.45604  0.00594247
        9534     1.64591     1.45606  0.00594188
        9535     1.62796     1.45607  0.00594128
        9536     1.61019     1.45609  0.00594068
        9537     1.59243      1.4561  0.00594007
        9538     1.57573     1.45612  0.00593946
        9539     1.55893     1.45613  0.00593885
        9540     1.54355     1.45614  0.00593824
        9541     1.52797     1.45614  0.00593762
        9542       1.512     1.45615    0.005937
        9543     1.49786     1.45615  0.00593638
        9544     1.48367     1.45616  0.00593576
        9545     1.47043     1.45616  0.00593514
        9546     1.45746     1.45616  0.00593451
        9547     1.44646     1.45616  0.00593389
        9548     1.43531     1.45616  0.00593327
        9549     1.42522     1.45615  0.00593265
        9550      1.4167     1.45615  0.00593203
        9551     1.40855     1.45614  0.00593141
        9552     1.40174     1.45614  0.00593079
        9553     1.39507     1.45613  0.00593018
        9554     1.38998     1.45612  0.00592956
        9555     1.38574     1.45612  0.00592894
        9556     1.38188     1.45611  0.00592833
        9557     1.37861      1.4561  0.00592771
        9558      1.3764     1.45609   0.0059271
        9559     1.37475     1.45608  0.00592649
        9560     1.37339     1.45608  0.00592587
        9561     1.37205     1.45607  0.00592526
        9562     1.37287     1.45606  0.00592464
        9563     1.37485     1.45605  0.00592403
        9564     1.37724     1.45604  0.00592342
        9565      1.3795     1.45603   0.0059228
        9566     1.38232     1.45603  0.00592219
        9567     1.38565     1.45602  0.00592158
        9568     1.38921     1.45601  0.00592096
        9569     1.39438       1.456  0.00592035
        9570      1.3992       1.456  0.00591973
        9571     1.40408     1.45599  0.00591911
        9572     1.41042     1.45599   0.0059185
        9573     1.41575     1.45598  0.00591788
        9574     1.42123     1.45598  0.00591726
        9575     1.42727     1.45598  0.00591665
        9576     1.43237     1.45597  0.00591603
        9577     1.43793     1.45597  0.00591541
        9578      1.4434     1.45597  0.00591479
        9579      1.4492     1.45597  0.00591418
        9580     1.45457     1.45597  0.00591356
        9581     1.45968     1.45597  0.00591294
        9582     1.46402     1.45597  0.00591232
        9583     1.46824     1.45597  0.00591171
        9584     1.47183     1.45598  0.00591109
        9585     1.47473     1.45598  0.00591048
        9586      1.4786     1.45598  0.00590986
        9587     1.48148     1.45598  0.00590924
        9588     1.48358     1.45598  0.00590863
        9589     1.48558     1.45599  0.00590801
        9590     1.48603     1.45599   0.0059074
        9591     1.48587     1.45599  0.00590678
        9592     1.48509       1.456  0.00590617
        9593     1.48441       1.456  0.00590555
        9594     1.48309       1.456  0.00590494
        9595     1.48139     1.45601  0.00590432
        9596     1.47907     1.45601  0.00590371
        9597     1.47445     1.45601  0.00590309
        9598     1.47069     1.45601  0.00590248
        9599     1.46612     1.45601  0.00590186
        9600     1.46077     1.45601  0.00590125
        9601     1.45492     1.45601  0.00590063
        9602     1.44955     1.45601  0.00590002
        9603      1.4435     1.45601   0.0058994
        9604     1.43682     1.45601  0.00589879
        9605     1.42957     1.45601  0.00589818
        9606      1.4225       1.456  0.00589756
        9607     1.41471       1.456  0.00589695
        9608     1.40626     1.45599  0.00589634
        9609     1.39793     1.45599  0.00589573
        9610     1.39001     1.45598  0.00589512
        9611     1.38184     1.45597  0.00589451
        9612     1.37422     1.45596  0.00589391
        9613     1.36672     1.45595   0.0058933
        9614     1.35892     1.45594  0.00589269
        9615     1.35138     1.45593  0.00589209
        9616      1.3444     1.45592  0.00589149
        9617     1.33756     1.45591  0.00589089
        9618     1.33118      1.4559  0.00589029
        9619      1.3253     1.45588   0.0058897
        9620     1.31976     1.45587   0.0058891
        9621     1.31581     1.45585  0.00588851
        9622     1.31207     1.45584  0.00588791
        9623     1.30955     1.45582  0.00588732
        9624     1.30757     1.45581  0.00588673
        9625     1.30595     1.45579  0.00588614
        9626     1.30544     1.45578  0.00588555
        9627     1.30608     1.45576  0.00588496
        9628     1.30789     1.45575  0.00588437
        9629     1.31041     1.45573  0.00588377
        9630     1.31341     1.45572  0.00588318
        9631     1.31691      1.4557  0.00588259
        9632     1.32186     1.45569  0.00588199
        9633     1.32802     1.45568   0.0058814
        9634     1.33514     1.45566   0.0058808
        9635     1.34174     1.45565   0.0058802
        9636      1.3502     1.45564   0.0058796
        9637     1.35977     1.45563    0.005879
        9638     1.37042     1.45562   0.0058784
        9639     1.38186     1.45561  0.00587779
        9640     1.39404     1.45561  0.00587719
        9641     1.40692      1.4556  0.00587658
        9642      1.4202      1.4556  0.00587597
        9643     1.43359      1.4556  0.00587536
        9644     1.44848      1.4556  0.00587475
        9645     1.46267      1.4556  0.00587414
        9646     1.47729      1.4556  0.00587354
        9647     1.49327      1.4556  0.00587293
        9648      1.5096     1.45561  0.00587232
        9649     1.52504     1.45562  0.00587172
        9650     1.54266     1.45562  0.00587112
        9651     1.55907     1.45564  0.00587052
        9652     1.57639     1.45565  0.00586992
        9653      1.5922     1.45566  0.00586933
        9654     1.60861     1.45568  0.00586874
        9655      1.6256      1.4557  0.00586816
        9656     1.64265     1.45571  0.00586759
        9657     1.65975     1.45574  0.00586702
        9658     1.67684     1.45576  0.00586646
        9659     1.69485     1.45578   0.0058659
        9660     1.71206     1.45581  0.00586535
        9661      1.7289     1.45584  0.00586481
        9662     1.74605     1.45587  0.00586428
        9663     1.76369      1.4559  0.00586376
        9664     1.78031     1.45593  0.00586325
        9665     1.79682     1.45597  0.00586275
        9666      1.8129     1.45601  0.00586226
        9667     1.82774     1.45604  0.00586178
        9668     1.84177     1.45608  0.00586131
        9669     1.85584     1.45613  0.00586085
        9670     1.86868     1.45617   0.0058604
        9671     1.88141     1.45621  0.00585996
        9672     1.89321     1.45626  0.00585953
        9673     1.90401      1.4563   0.0058591
        9674     1.91301     1.45635  0.00585869
        9675     1.92205      1.4564  0.00585828
        9676     1.92914     1.45645  0.00585788
        9677     1.93471      1.4565  0.00585748
        9678     1.93846     1.45655  0.00585709
        9679     1.94157      1.4566   0.0058567
        9680     1.94329     1.45665  0.00585631
        9681     1.94312      1.4567  0.00585592
        9682     1.94252     1.45675  0.00585553
        9683     1.93958      1.4568  0.00585514
        9684     1.93602     1.45685  0.00585474
        9685     1.93095      1.4569  0.00585434
        9686     1.92417     1.45694  0.00585394
        9687     1.91698     1.45699  0.00585352
        9688     1.90827     1.45704  0.00585311
        9689     1.89861     1.45708  0.00585268
        9690     1.88884     1.45713  0.00585224
        9691     1.87765     1.45717   0.0058518
        9692     1.86613     1.45721  0.00585135
        9693     1.85439     1.45726  0.00585089
        9694     1.84235      1.4573  0.00585042
        9695     1.82939     1.45733  0.00584994
        9696     1.81638     1.45737  0.00584946
        9697     1.80415     1.45741  0.00584896
        9698     1.79233     1.45744  0.00584846
        9699     1.78056     1.45747  0.00584795
        9700     1.76797     1.45751  0.00584744
        9701     1.75679     1.45754  0.00584692
        9702     1.74663     1.45757  0.00584639
        9703     1.73657      1.4576  0.00584586
        9704      1.7269     1.45762  0.00584532
        9705     1.71765     1.45765  0.00584478
        9706     1.70979     1.45768  0.00584424
        9707     1.70214      1.4577  0.00584369
        9708     1.69515     1.45773  0.00584314
        9709      1.6893     1.45775  0.00584259
        9710     1.68359     1.45777  0.00584203
        9711     1.67821      1.4578  0.00584147
        9712      1.6736     1.45782  0.00584091
        9713     1.67019     1.45784  0.00584035
        9714     1.66695     1.45786  0.00583979
        9715     1.66381     1.45788  0.00583923
        9716     1.66023      1.4579  0.00583866
        9717     1.65782     1.45792   0.0058381
        9718     1.65555     1.45794  0.00583753
        9719     1.65263     1.45796  0.00583697
        9720     1.64996     1.45798   0.0058364
        9721     1.64748       1.458  0.00583583
        9722     1.64465     1.45802  0.00583527
        9723     1.64215     1.45804   0.0058347
        9724     1.63943     1.45806  0.00583413
        9725     1.63526     1.45808  0.00583355
        9726     1.63127      1.4581  0.00583298
        9727     1.62695     1.45811  0.00583241
        9728     1.62324     1.45813  0.00583183
        9729     1.61842     1.45815  0.00583126
        9730     1.61343     1.45816  0.00583068
        9731       1.608     1.45818   0.0058301
        9732     1.60164     1.45819  0.00582952
        9733     1.59601     1.45821  0.00582894
        9734     1.58893     1.45822  0.00582835
        9735     1.58181     1.45823  0.00582777
        9736     1.57369     1.45825  0.00582718
        9737     1.56526     1.45826   0.0058266
        9738     1.55604     1.45827  0.00582601
        9739     1.54577     1.45828  0.00582541
        9740     1.53661     1.45828  0.00582482
        9741     1.52639     1.45829  0.00582423
        9742     1.51535      1.4583  0.00582363
        9743     1.50302      1.4583  0.00582304
        9744     1.49084      1.4583  0.00582244
        9745     1.47787     1.45831  0.00582184
        9746     1.46365     1.45831  0.00582125
        9747     1.44893     1.45831  0.00582065
        9748     1.43518      1.4583  0.00582005
        9749     1.42028      1.4583  0.00581946
        9750     1.40499     1.45829  0.00581886
        9751     1.39009     1.45829  0.00581827
        9752     1.37395     1.45828  0.00581768
        9753     1.35782     1.45827  0.00581709
        9754       1.342     1.45826  0.00581651
        9755     1.32608     1.45824  0.00581593
        9756     1.31011     1.45823  0.00581535
        9757     1.29368     1.45821  0.00581478
        9758     1.27682     1.45819  0.00581421
        9759     1.26008     1.45817  0.00581365
        9760      1.2435     1.45815   0.0058131
        9761     1.22737     1.45813  0.00581255
        9762     1.21222      1.4581  0.00581201
        9763     1.19638     1.45807  0.00581148
        9764     1.18181     1.45805  0.00581095
        9765     1.16732     1.45802  0.00581043
        9766     1.15364     1.45798  0.00580992
        9767     1.13983     1.45795  0.00580942
        9768     1.12563     1.45792  0.00580892
        9769     1.11176     1.45788  0.00580844
        9770     1.09919     1.45785  0.00580796
        9771     1.08668     1.45781  0.00580749
        9772     1.07398     1.45777  0.00580703
        9773     1.06131     1.45773  0.00580657
        9774     1.04911     1.45769  0.00580613
        9775     1.03713     1.45764  0.00580569
        9776     1.02534      1.4576  0.00580527
        9777     1.01467     1.45755  0.00580485
        9778     1.00365     1.45751  0.00580444
        9779    0.992731     1.45746  0.00580405
        9780    0.981903     1.45741  0.00580366
        9781    0.971622     1.45736  0.00580327
        9782    0.960907     1.45731   0.0058029
        9783    0.949508     1.45726  0.00580254
        9784    0.938137     1.45721  0.00580219
        9785    0.927514     1.45715  0.00580185
        9786    0.916192      1.4571  0.00580152
        9787    0.905381     1.45704   0.0058012
        9788    0.895326     1.45698  0.00580089
        9789    0.884116     1.45692   0.0058006
        9790    0.872972     1.45686  0.00580031
        9791    0.862394      1.4568  0.00580004
        9792    0.851684     1.45674  0.00579977
        9793    0.841586     1.45668  0.00579952
        9794    0.831404     1.45662  0.00579928
        9795    0.821648     1.45655  0.00579905
        9796    0.812586     1.45648  0.00579883
        9797    0.803044     1.45642  0.00579862
        9798    0.794254     1.45635  0.00579842
        9799    0.785998     1.45628  0.00579824
        9800    0.778066     1.45621  0.00579806
        9801    0.769282     1.45614  0.00579789
        9802    0.762073     1.45607  0.00579773
        9803    0.754297       1.456  0.00579758
        9804    0.746692     1.45593  0.00579744
        9805    0.739757     1.45585  0.00579731
        9806    0.733988     1.45578  0.00579719
        9807    0.728915     1.45571  0.00579707
        9808    0.723344     1.45563  0.00579696
        9809    0.718724     1.45556  0.00579685
        9810    0.714582     1.45548  0.00579676
        9811    0.711402     1.45541  0.00579666
        9812    0.708469     1.45533  0.00579657
        9813    0.705541     1.45525  0.00579648
        9814    0.703824     1.45518   0.0057964
        9815    0.701634      1.4551  0.00579632
        9816    0.699933     1.45502  0.00579624
        9817    0.699444     1.45495  0.00579616
        9818    0.699685     1.45487  0.00579608
        9819    0.699935     1.45479    0.005796
        9820    0.699955     1.45472  0.00579592
        9821    0.700944     1.45464  0.00579583
        9822    0.703144     1.45456  0.00579575
        9823     0.70487     1.45449  0.00579566
        9824    0.707805     1.45441  0.00579557
        9825    0.710263     1.45433  0.00579547
        9826    0.714407     1.45426  0.00579537
        9827    0.719029     1.45418  0.00579527
        9828    0.722922     1.45411  0.00579515
        9829    0.727524     1.45404  0.00579504
        9830    0.733065     1.45396  0.00579491
        9831    0.739538     1.45389  0.00579478
        9832    0.745244     1.45382  0.00579464
        9833    0.751857     1.45375  0.00579449
        9834    0.759119     1.45368  0.00579433
        9835    0.767493     1.45361  0.00579416
        9836     0.77527     1.45354  0.00579398
        9837    0.782675     1.45347  0.00579379
        9838    0.791124      1.4534  0.00579359
        9839    0.799867     1.45333  0.00579339
        9840    0.809116     1.45327  0.00579317
        9841    0.817637      1.4532  0.00579294
        9842    0.826836     1.45314   0.0057927
        9843    0.835714     1.45308  0.00579245
        9844    0.845675     1.45302  0.00579219
        9845    0.855712     1.45296  0.00579192
        9846    0.865777      1.4529  0.00579164
        9847    0.875822     1.45284  0.00579135
        9848     0.88579     1.45278  0.00579105
        9849    0.895629     1.45272  0.00579073
        9850    0.904799     1.45267  0.00579041
        9851    0.914445     1.45261  0.00579008
        9852    0.923066     1.45256  0.00578975
        9853    0.931564     1.45251   0.0057894
        9854    0.939636     1.45245  0.00578905
        9855    0.946748      1.4524  0.00578869
        9856    0.953807     1.45235  0.00578832
        9857    0.961004      1.4523  0.00578795
        9858    0.966607     1.45225  0.00578757
        9859    0.972262     1.45221  0.00578719
        9860     0.97649     1.45216   0.0057868
        9861    0.980235     1.45211  0.00578641
        9862    0.983478     1.45206  0.00578602
        9863    0.986211     1.45201  0.00578563
        9864    0.986996     1.45197  0.00578523
        9865     0.98705     1.45192  0.00578484
        9866    0.987843     1.45187  0.00578444
        9867     0.98724     1.45183  0.00578405
        9868    0.985288     1.45178  0.00578366
        9869    0.983238     1.45173  0.00578326
        9870    0.980676     1.45168  0.00578288
        9871    0.977669     1.45164  0.00578249
        9872    0.976212     1.45159   0.0057821
        9873    0.972775     1.45154  0.00578172
        9874    0.969135     1.45149  0.00578134
        9875     0.96537     1.45144  0.00578097
        9876     0.96061     1.45139  0.00578059
        9877    0.957118     1.45134  0.00578023
        9878    0.952573     1.45129  0.00577986
        9879    0.949473     1.45124   0.0057795
        9880    0.946226     1.45119  0.00577914
        9881    0.943162     1.45114  0.00577878
        9882    0.941327     1.45109  0.00577843
        9883    0.939363     1.45103  0.00577808
        9884    0.938549     1.45098  0.00577773
        9885    0.937757     1.45093  0.00577737
        9886    0.938744     1.45088  0.00577702
        9887    0.941334     1.45083  0.00577667
        9888    0.944627     1.45078  0.00577631
        9889    0.947959     1.45072  0.00577595
        9890    0.952826     1.45067  0.00577559
        9891    0.958313     1.45062  0.00577522
        9892    0.964942     1.45058  0.00577484
        9893    0.972747     1.45053  0.00577446
        9894    0.981756     1.45048  0.00577407
        9895    0.992234     1.45043  0.00577367
        9896     1.00444     1.45039  0.00577326
        9897     1.01717     1.45034  0.00577285
        9898     1.03139      1.4503  0.00577242
        9899     1.04759     1.45026  0.00577198
        9900     1.06526     1.45022  0.00577153
        9901     1.08319     1.45019  0.00577106
        9902     1.10256     1.45015  0.00577059
        9903     1.12261     1.45012   0.0057701
        9904     1.14355     1.45009   0.0057696
        9905     1.16556     1.45006  0.00576909
        9906     1.18909     1.45003  0.00576857
        9907     1.21214     1.45001  0.00576803
        9908     1.23754     1.44999  0.00576749
        9909     1.26403     1.44997  0.00576694
        9910     1.29082     1.44995  0.00576638
        9911      1.3183     1.44994  0.00576581
        9912     1.34664     1.44993  0.00576524
        9913     1.37552     1.44992  0.00576467
        9914     1.40485     1.44992  0.00576409
        9915     1.43431     1.44991   0.0057635
        9916      1.4638     1.44992  0.00576292
        9917     1.49373     1.44992  0.00576234
        9918       1.524     1.44993  0.00576177
        9919     1.55452     1.44994   0.0057612
        9920     1.58495     1.44995  0.00576063
        9921     1.61498     1.44997  0.00576008
        9922     1.64474     1.44999  0.00575953
        9923     1.67319     1.45001  0.00575899
        9924     1.70291     1.45004  0.00575847
        9925     1.73187     1.45006  0.00575796
        9926      1.7588     1.45009  0.00575746
        9927      1.7865     1.45013  0.00575698
        9928     1.81348     1.45017  0.00575652
        9929     1.83942      1.4502  0.00575607
        9930     1.86425     1.45025  0.00575564
        9931     1.88842     1.45029  0.00575523
        9932     1.91187     1.45034  0.00575484
        9933     1.93359     1.45039  0.00575447
        9934       1.955     1.45044  0.00575411
        9935     1.97487     1.45049  0.00575377
        9936     1.99341     1.45054  0.00575345
        9937     2.01133      1.4506  0.00575315
        9938     2.02791     1.45066  0.00575287
        9939     2.04338     1.45072   0.0057526
        9940     2.05775     1.45078  0.00575234
        9941     2.07129     1.45084   0.0057521
        9942     2.08423     1.45091  0.00575188
        9943      2.0954     1.45097  0.00575166
        9944     2.10554     1.45104  0.00575146
        9945     2.11444      1.4511  0.00575127
        9946     2.12284     1.45117  0.00575109
        9947     2.13028     1.45124  0.00575092
        9948     2.13702     1.45131  0.00575075
        9949     2.14262     1.45138  0.00575059
        9950     2.14732     1.45145  0.00575044
        9951     2.15066     1.45152  0.00575029
        9952     2.15361     1.45159  0.00575015
        9953     2.15594     1.45166     0.00575
        9954      2.1567     1.45173  0.00574986
        9955     2.15661      1.4518  0.00574972
        9956     2.15591     1.45187  0.00574958
        9957     2.15507     1.45194  0.00574943
        9958     2.15194     1.45201  0.00574929
        9959     2.14963     1.45208  0.00574914
        9960     2.14525     1.45215  0.00574898
        9961     2.14049     1.45222  0.00574882
        9962     2.13511     1.45229  0.00574865
        9963     2.12862     1.45236  0.00574847
        9964     2.11984     1.45242  0.00574829
        9965     2.11116     1.45249  0.00574809
        9966     2.10213     1.45255  0.00574788
        9967     2.09204     1.45262  0.00574766
        9968     2.08163     1.45268  0.00574743
        9969     2.06997     1.45274  0.00574719
        9970     2.05706      1.4528  0.00574693
        9971     2.04368     1.45286  0.00574666
        9972     2.02986     1.45292  0.00574638
        9973     2.01588     1.45298  0.00574608
        9974      2.0008     1.45303  0.00574577
        9975     1.98442     1.45309  0.00574544
        9976     1.96825     1.45314  0.00574509
        9977     1.95159     1.45319  0.00574474
        9978     1.93329     1.45324  0.00574436
        9979     1.91605     1.45328  0.00574397
        9980     1.89821     1.45333  0.00574357
        9981     1.88033     1.45337  0.00574315
        9982     1.86195     1.45341  0.00574272
        9983     1.84385     1.45345  0.00574228
        9984     1.82608     1.45349  0.00574183
        9985     1.80724     1.45352  0.00574136
        9986     1.78786     1.45356  0.00574089
        9987     1.76968     1.45359   0.0057404
        9988     1.75034     1.45362   0.0057399
        9989     1.73204     1.45365  0.00573939
        9990     1.71244     1.45367  0.00573888
        9991     1.69422      1.4537  0.00573835
        9992     1.67601     1.45372  0.00573782
        9993     1.65831     1.45374  0.00573728
        9994     1.64095     1.45376  0.00573674
        9995     1.62373     1.45377  0.00573619
        9996     1.60694     1.45379  0.00573564
        9997     1.59015      1.4538  0.00573508
        9998     1.57436     1.45381  0.00573452
        9999     1.55866     1.45383  0.00573396
       10000     1.54404     1.45383  0.00573339
